po_id,vendor_id,vendor_category,vendor_country,historical_ontime_rate,avg_lead_time_days,lead_time_variance,po_count_last_quarter,po_amount,concurrent_pos,material_complexity,expected_lead_time_days,delivery_day_of_week,is_quarter_end,is_peak_season,on_time
PO000001,V0047,PACK,US,0.861,6.9,3.57,14,26062.92,5,4,8.8,5,1,0,1
PO000002,V0046,FINISH,CN,0.577,23.2,1.65,8,11338.53,2,5,26.2,6,0,0,0
PO000003,V0100,FINISH,US,0.802,15.8,2.59,19,18158.79,2,3,18.2,1,0,0,1
PO000004,V0036,FINISH,IN,0.606,23.8,4.18,21,4591.16,5,5,22.9,3,0,1,0
PO000005,V0035,FINISH,CN,0.582,25.3,4.24,15,6021.9,5,5,27.4,1,0,0,1
PO000006,V0088,FINISH,MX,0.697,25.4,2.03,11,29630.27,2,3,22.3,3,0,0,0
PO000007,V0049,RAW,US,0.878,7.5,2.28,20,6651.23,5,4,5.9,1,1,0,1
PO000008,V0030,PACK,MX,0.97,9.5,3.52,19,3444.68,6,1,8.4,0,1,0,0
PO000009,V0003,PACK,DE,0.708,8.1,1.56,12,5691.68,8,2,9.1,5,0,0,0
PO000010,V0051,FINISH,CN,0.637,24.5,4.23,13,63575.87,8,3,26.5,6,0,0,0
PO000011,V0033,RAW,IN,0.721,13.6,3.78,16,23017.54,6,4,14.3,6,0,0,1
PO000012,V0053,SERVICE,US,0.98,4.3,4.58,14,26008.72,3,2,3.0,2,0,0,1
PO000013,V0073,PACK,DE,0.853,7.6,4.13,14,74963.64,8,2,5.6,1,0,0,1
PO000014,V0086,RAW,US,0.712,8.7,1.64,11,56649.6,6,1,8.7,2,0,0,1
PO000015,V0051,FINISH,CN,0.637,24.5,4.23,13,16272.41,5,4,21.6,1,0,1,0
PO000016,V0033,RAW,IN,0.721,13.6,3.78,16,4061.2,5,3,14.0,6,0,0,1
PO000017,V0043,RAW,DE,0.98,7.1,1.46,6,5011.76,6,4,4.0,4,0,0,1
PO000018,V0088,FINISH,MX,0.697,25.4,2.03,11,21591.14,8,5,24.9,1,0,0,0
PO000019,V0023,RAW,CN,0.614,11.8,2.55,22,9514.93,3,5,13.4,3,0,0,0
PO000020,V0039,RAW,IN,0.627,7.4,3.13,15,9093.77,2,3,8.8,1,0,0,1
PO000021,V0055,PACK,CN,0.619,8.4,4.01,9,11865.35,9,1,11.1,6,0,0,1
PO000022,V0046,FINISH,CN,0.577,23.2,1.65,8,4355.76,8,3,22.9,4,1,0,0
PO000023,V0030,PACK,MX,0.97,9.5,3.52,19,56205.16,3,2,10.8,0,1,0,1
PO000024,V0039,RAW,IN,0.627,7.4,3.13,15,7636.11,7,1,9.0,1,1,0,1
PO000025,V0090,RAW,CN,0.774,7.8,3.44,12,33962.71,5,2,8.8,6,0,0,1
PO000026,V0089,PACK,MX,0.613,8.8,1.75,13,547.41,2,4,7.5,2,0,0,1
PO000027,V0079,FINISH,CN,0.65,26.2,4.68,7,10674.09,2,4,26.5,5,0,0,0
PO000028,V0048,PACK,MX,0.846,9.8,4.62,11,124.34,10,3,8.5,0,0,0,0
PO000029,V0089,PACK,MX,0.613,8.8,1.75,13,50920.79,4,4,10.8,4,0,1,0
PO000030,V0031,PACK,CN,0.783,6.4,1.1,17,13385.18,1,2,4.7,4,0,0,1
PO000031,V0017,FINISH,IN,0.701,19.8,1.89,10,1603.11,6,4,21.3,5,0,0,1
PO000032,V0091,PACK,US,0.785,6.7,1.54,13,5241.96,3,4,7.5,5,0,1,0
PO000033,V0029,FINISH,CN,0.802,15.3,2.47,12,12741.94,2,4,14.2,3,0,1,1
PO000034,V0026,RAW,DE,0.898,12.1,4.59,17,1852.25,5,2,12.0,1,1,1,0
PO000035,V0056,PACK,US,0.729,7.2,4.55,13,10850.53,8,4,8.1,4,0,0,1
PO000036,V0027,FINISH,US,0.879,14.1,1.64,15,4901.5,2,4,17.5,0,0,0,1
PO000037,V0093,SERVICE,DE,0.917,6.8,1.72,8,1620.47,0,2,6.5,0,0,1,1
PO000038,V0048,PACK,MX,0.846,9.8,4.62,11,1649.54,6,5,11.0,3,1,0,0
PO000039,V0011,RAW,DE,0.769,12.1,3.55,21,14227.61,3,1,12.6,0,0,0,1
PO000040,V0040,SERVICE,CN,0.742,5.1,2.29,19,10405.18,2,1,4.9,3,0,0,1
PO000041,V0066,PACK,CN,0.769,9.7,4.46,6,17483.48,3,3,13.3,6,0,0,0
PO000042,V0050,RAW,IN,0.638,7.8,3.79,16,4042.6,7,3,8.5,1,0,0,1
PO000043,V0012,FINISH,US,0.73,24.7,3.25,18,108704.43,6,3,24.1,1,0,0,1
PO000044,V0028,RAW,CN,0.649,12.0,1.95,13,1566.13,5,4,8.0,2,0,1,0
PO000045,V0092,FINISH,US,0.855,24.6,3.38,15,53975.15,3,4,24.7,5,0,0,1
PO000046,V0039,RAW,IN,0.627,7.4,3.13,15,21175.45,5,4,10.7,3,0,0,1
PO000047,V0044,FINISH,IN,0.629,20.6,1.39,15,33099.55,6,4,20.5,1,0,0,0
PO000048,V0056,PACK,US,0.729,7.2,4.55,13,7659.45,2,2,9.5,0,0,0,1
PO000049,V0094,FINISH,CN,0.66,16.0,4.18,11,4847.71,4,5,12.9,4,0,0,0
PO000050,V0044,FINISH,IN,0.629,20.6,1.39,15,27898.83,2,3,24.8,2,0,0,0
PO000051,V0020,PACK,US,0.98,9.9,1.97,17,7355.03,2,1,11.4,1,0,0,1
PO000052,V0043,RAW,DE,0.98,7.1,1.46,6,13540.56,2,4,7.8,5,0,1,0
PO000053,V0008,RAW,DE,0.897,12.8,2.43,12,3711.32,10,1,13.4,6,0,0,1
PO000054,V0019,RAW,DE,0.886,7.4,2.11,21,2191.82,4,5,8.3,3,0,0,1
PO000055,V0048,PACK,MX,0.846,9.8,4.62,11,45352.38,10,2,10.5,1,0,0,0
PO000056,V0060,FINISH,US,0.834,24.4,3.33,25,1257.31,2,4,21.1,4,0,0,0
PO000057,V0074,SERVICE,IN,0.772,3.6,4.71,15,5487.36,2,1,5.6,6,0,0,1
PO000058,V0044,FINISH,IN,0.629,20.6,1.39,15,42664.71,4,3,17.3,2,1,1,0
PO000059,V0015,FINISH,MX,0.872,25.3,1.75,21,50862.38,3,4,22.9,4,0,0,0
PO000060,V0028,RAW,CN,0.649,12.0,1.95,13,2996.76,8,2,12.6,4,0,0,0
PO000061,V0061,FINISH,US,0.872,15.0,3.22,16,21066.74,4,3,14.7,6,0,0,1
PO000062,V0026,RAW,DE,0.898,12.1,4.59,17,2272.71,8,4,16.6,6,0,0,0
PO000063,V0074,SERVICE,IN,0.772,3.6,4.71,15,4010.74,5,1,2.7,1,1,1,0
PO000064,V0057,FINISH,US,0.768,15.2,3.8,17,4808.83,5,4,16.7,6,0,0,0
PO000065,V0068,RAW,DE,0.98,7.4,4.46,20,5836.25,6,3,8.8,4,0,1,1
PO000066,V0044,FINISH,IN,0.629,20.6,1.39,15,1612.53,5,4,20.2,0,0,0,1
PO000067,V0035,FINISH,CN,0.582,25.3,4.24,15,3809.62,5,4,21.4,6,0,0,1
PO000068,V0016,FINISH,IN,0.733,18.5,1.44,12,4269.74,7,5,17.9,1,1,0,1
PO000069,V0016,FINISH,IN,0.733,18.5,1.44,12,4967.2,4,5,17.9,1,1,0,0
PO000070,V0006,SERVICE,US,0.821,4.0,3.65,13,8939.15,6,1,3.8,1,1,0,1
PO000071,V0002,SERVICE,US,0.98,6.3,1.85,11,9942.73,7,2,6.4,4,0,1,1
PO000072,V0008,RAW,DE,0.897,12.8,2.43,12,7117.81,7,1,12.2,4,0,0,1
PO000073,V0023,RAW,CN,0.614,11.8,2.55,22,7516.17,5,1,10.4,5,0,0,0
PO000074,V0097,FINISH,US,0.933,26.7,3.5,16,1755.94,3,5,26.1,1,0,0,1
PO000075,V0063,FINISH,MX,0.98,17.9,1.75,15,40720.52,5,3,15.4,2,0,0,1
PO000076,V0087,FINISH,US,0.855,19.7,4.93,9,14031.29,4,3,18.9,5,1,0,1
PO000077,V0060,FINISH,US,0.834,24.4,3.33,25,8054.98,3,4,20.9,3,0,1,0
PO000078,V0042,FINISH,CN,0.807,23.2,2.12,16,11495.83,5,5,25.6,6,0,0,0
PO000079,V0034,SERVICE,CN,0.595,3.6,3.07,20,21150.08,3,2,4.2,4,0,0,1
PO000080,V0087,FINISH,US,0.855,19.7,4.93,9,30082.0,1,4,20.0,1,0,0,1
PO000081,V0031,PACK,CN,0.783,6.4,1.1,17,3683.9,3,3,8.8,0,1,1,1
PO000082,V0096,PACK,DE,0.98,7.3,2.21,18,9984.83,3,2,9.1,0,0,1,1
PO000083,V0041,RAW,DE,0.93,9.9,1.69,10,8487.17,9,2,8.7,3,0,1,1
PO000084,V0089,PACK,MX,0.613,8.8,1.75,13,6213.6,10,3,4.9,1,0,0,0
PO000085,V0096,PACK,DE,0.98,7.3,2.21,18,3104.87,5,5,9.5,4,0,1,1
PO000086,V0022,RAW,DE,0.74,7.3,3.36,17,21250.48,3,3,7.2,5,0,0,0
PO000087,V0008,RAW,DE,0.897,12.8,2.43,12,10899.06,6,3,15.5,1,0,0,1
PO000088,V0013,PACK,CN,0.729,6.6,3.03,21,10690.6,3,3,9.0,5,0,0,0
PO000089,V0095,FINISH,US,0.879,19.0,4.51,14,656.59,6,4,17.4,5,0,0,1
PO000090,V0071,PACK,CN,0.695,5.7,1.12,18,69604.68,3,2,4.6,3,0,0,1
PO000091,V0019,RAW,DE,0.886,7.4,2.11,21,12875.24,7,3,5.4,5,0,0,1
PO000092,V0092,FINISH,US,0.855,24.6,3.38,15,20490.57,4,4,22.0,1,0,0,0
PO000093,V0075,SERVICE,DE,0.673,5.5,1.96,8,51631.76,3,1,9.3,6,0,0,1
PO000094,V0051,FINISH,CN,0.637,24.5,4.23,13,4023.49,6,5,26.0,0,0,0,0
PO000095,V0024,RAW,DE,0.927,13.5,4.51,12,5349.18,3,2,12.6,5,1,0,0
PO000096,V0010,RAW,IN,0.761,9.5,1.46,20,2245.98,4,3,7.6,2,0,0,0
PO000097,V0021,FINISH,US,0.98,22.9,3.14,9,3381.96,4,5,25.0,6,0,1,1
PO000098,V0014,FINISH,DE,0.85,17.2,1.31,12,13226.98,4,5,16.4,2,1,0,0
PO000099,V0061,FINISH,US,0.872,15.0,3.22,16,4229.33,5,5,14.1,2,0,0,1
PO000100,V0070,FINISH,US,0.901,21.3,4.09,15,6099.91,3,5,20.6,3,0,1,1
PO000101,V0039,RAW,IN,0.627,7.4,3.13,15,3543.69,5,4,9.3,6,0,0,0
PO000102,V0015,FINISH,MX,0.872,25.3,1.75,21,5257.61,4,4,25.8,0,0,0,0
PO000103,V0097,FINISH,US,0.933,26.7,3.5,16,8050.77,7,5,24.8,5,0,0,1
PO000104,V0047,PACK,US,0.861,6.9,3.57,14,1876.31,7,1,9.1,4,0,0,1
PO000105,V0032,SERVICE,MX,0.694,6.7,2.48,12,2006.55,8,2,6.3,2,0,0,1
PO000106,V0025,PACK,IN,0.539,5.5,4.59,21,69668.75,6,3,5.0,4,0,0,1
PO000107,V0011,RAW,DE,0.769,12.1,3.55,21,3907.35,6,1,7.9,2,0,0,1
PO000108,V0058,SERVICE,US,0.874,4.5,2.48,13,34912.15,7,2,2.7,2,0,0,1
PO000109,V0039,RAW,IN,0.627,7.4,3.13,15,5147.66,2,3,9.1,2,0,1,0
PO000110,V0017,FINISH,IN,0.701,19.8,1.89,10,11369.04,1,3,18.8,3,1,0,1
PO000111,V0046,FINISH,CN,0.577,23.2,1.65,8,1660.36,4,4,22.1,6,1,0,0
PO000112,V0003,PACK,DE,0.708,8.1,1.56,12,23538.56,5,1,6.7,3,0,0,1
PO000113,V0052,SERVICE,DE,0.824,6.4,2.72,18,2798.67,5,2,7.9,0,0,0,0
PO000114,V0048,PACK,MX,0.846,9.8,4.62,11,1151.46,6,2,14.3,6,0,0,1
PO000115,V0035,FINISH,CN,0.582,25.3,4.24,15,10821.15,4,3,24.3,4,1,1,0
PO000116,V0051,FINISH,CN,0.637,24.5,4.23,13,3060.13,5,5,25.8,5,0,0,1
PO000117,V0038,RAW,US,0.858,12.8,2.44,10,4612.56,6,2,13.0,4,0,0,1
PO000118,V0049,RAW,US,0.878,7.5,2.28,20,4528.02,4,2,6.1,2,0,0,1
PO000119,V0049,RAW,US,0.878,7.5,2.28,20,40004.23,4,2,7.8,1,0,0,1
PO000120,V0061,FINISH,US,0.872,15.0,3.22,16,1215.09,3,4,13.6,5,0,0,1
PO000121,V0047,PACK,US,0.861,6.9,3.57,14,1908.35,6,2,8.5,1,0,1,1
PO000122,V0074,SERVICE,IN,0.772,3.6,4.71,15,7198.98,7,2,6.6,0,0,0,1
PO000123,V0081,PACK,CN,0.884,5.2,2.01,15,847.07,2,3,4.9,1,0,0,1
PO000124,V0028,RAW,CN,0.649,12.0,1.95,13,3731.36,9,2,10.3,2,0,0,1
PO000125,V0057,FINISH,US,0.768,15.2,3.8,17,31321.07,3,5,17.3,4,0,0,1
PO000126,V0060,FINISH,US,0.834,24.4,3.33,25,2868.04,6,5,23.5,4,1,0,1
PO000127,V0088,FINISH,MX,0.697,25.4,2.03,11,13241.49,1,4,25.2,3,0,0,1
PO000128,V0037,RAW,DE,0.831,10.3,3.17,12,4583.74,5,1,13.5,3,0,0,0
PO000129,V0022,RAW,DE,0.74,7.3,3.36,17,13051.96,4,4,7.3,0,0,0,1
PO000130,V0021,FINISH,US,0.98,22.9,3.14,9,9946.72,5,5,24.0,4,1,0,0
PO000131,V0082,PACK,US,0.825,7.7,1.97,12,3784.95,6,3,9.8,3,0,0,1
PO000132,V0021,FINISH,US,0.98,22.9,3.14,9,5249.48,7,5,25.2,0,0,0,1
PO000133,V0100,FINISH,US,0.802,15.8,2.59,19,25545.09,9,5,21.1,6,0,0,1
PO000134,V0045,PACK,US,0.98,8.2,1.18,13,1538.29,3,5,8.2,4,0,0,1
PO000135,V0080,FINISH,IN,0.721,16.6,1.84,13,6065.08,5,3,20.5,3,0,0,1
PO000136,V0007,RAW,CN,0.794,7.6,1.78,6,19343.56,8,2,8.6,0,0,0,1
PO000137,V0004,FINISH,DE,0.824,16.8,3.06,16,873.93,3,3,17.7,6,0,0,1
PO000138,V0034,SERVICE,CN,0.595,3.6,3.07,20,6879.24,5,1,5.2,3,1,1,1
PO000139,V0055,PACK,CN,0.619,8.4,4.01,9,5376.19,3,1,8.5,2,0,0,1
PO000140,V0055,PACK,CN,0.619,8.4,4.01,9,6876.47,6,2,7.4,4,0,0,1
PO000141,V0004,FINISH,DE,0.824,16.8,3.06,16,13533.82,6,3,17.3,0,0,1,0
PO000142,V0086,RAW,US,0.712,8.7,1.64,11,10174.64,6,3,7.5,2,0,0,0
PO000143,V0068,RAW,DE,0.98,7.4,4.46,20,1945.19,3,3,3.6,0,0,0,1
PO000144,V0013,PACK,CN,0.729,6.6,3.03,21,9012.69,4,2,7.4,5,0,0,0
PO000145,V0028,RAW,CN,0.649,12.0,1.95,13,7526.22,2,4,10.0,4,1,0,0
PO000146,V0002,SERVICE,US,0.98,6.3,1.85,11,24848.2,5,2,3.6,0,0,0,1
PO000147,V0003,PACK,DE,0.708,8.1,1.56,12,85616.56,2,3,7.4,2,0,0,1
PO000148,V0047,PACK,US,0.861,6.9,3.57,14,2210.91,6,4,8.1,0,1,0,1
PO000149,V0029,FINISH,CN,0.802,15.3,2.47,12,4183.51,3,5,18.1,2,0,1,1
PO000150,V0034,SERVICE,CN,0.595,3.6,3.07,20,841.02,7,2,3.9,6,0,0,0
PO000151,V0032,SERVICE,MX,0.694,6.7,2.48,12,32334.38,4,2,7.4,4,0,0,1
PO000152,V0044,FINISH,IN,0.629,20.6,1.39,15,9720.02,6,5,25.4,0,1,1,0
PO000153,V0057,FINISH,US,0.768,15.2,3.8,17,22872.57,8,5,14.3,0,0,0,0
PO000154,V0026,RAW,DE,0.898,12.1,4.59,17,8056.31,2,2,12.2,3,0,0,1
PO000155,V0096,PACK,DE,0.98,7.3,2.21,18,10113.06,8,1,8.6,1,0,0,1
PO000156,V0070,FINISH,US,0.901,21.3,4.09,15,8583.13,3,4,21.7,3,0,1,0
PO000157,V0004,FINISH,DE,0.824,16.8,3.06,16,8291.43,5,4,17.7,1,0,0,0
PO000158,V0086,RAW,US,0.712,8.7,1.64,11,17020.71,5,1,6.3,3,0,0,1
PO000159,V0093,SERVICE,DE,0.917,6.8,1.72,8,12170.77,4,2,5.2,0,0,0,0
PO000160,V0035,FINISH,CN,0.582,25.3,4.24,15,9141.91,6,3,22.1,4,0,0,0
PO000161,V0087,FINISH,US,0.855,19.7,4.93,9,17836.98,4,4,20.7,1,0,0,1
PO000162,V0076,RAW,US,0.841,8.0,3.56,11,6515.05,9,2,11.4,1,0,0,1
PO000163,V0046,FINISH,CN,0.577,23.2,1.65,8,5226.85,3,5,24.6,0,0,0,0
PO000164,V0034,SERVICE,CN,0.595,3.6,3.07,20,4074.7,1,2,6.0,0,0,1,1
PO000165,V0060,FINISH,US,0.834,24.4,3.33,25,2942.06,2,4,27.1,6,0,0,0
PO000166,V0036,FINISH,IN,0.606,23.8,4.18,21,48014.47,5,4,21.9,3,0,0,0
PO000167,V0100,FINISH,US,0.802,15.8,2.59,19,3290.02,5,3,17.2,2,1,0,0
PO000168,V0086,RAW,US,0.712,8.7,1.64,11,1204.53,5,4,9.0,3,0,0,0
PO000169,V0015,FINISH,MX,0.872,25.3,1.75,21,25101.57,1,3,24.5,3,0,0,1
PO000170,V0081,PACK,CN,0.884,5.2,2.01,15,19630.66,6,1,3.0,4,0,0,1
PO000171,V0035,FINISH,CN,0.582,25.3,4.24,15,5279.39,6,5,22.3,4,0,0,0
PO000172,V0076,RAW,US,0.841,8.0,3.56,11,4561.45,9,3,6.9,4,0,0,1
PO000173,V0012,FINISH,US,0.73,24.7,3.25,18,4809.87,7,4,22.2,3,1,0,1
PO000174,V0039,RAW,IN,0.627,7.4,3.13,15,42817.79,4,2,7.8,4,0,0,1
PO000175,V0074,SERVICE,IN,0.772,3.6,4.71,15,8892.54,6,1,1.0,0,0,0,1
PO000176,V0080,FINISH,IN,0.721,16.6,1.84,13,25289.27,3,5,15.3,5,0,0,1
PO000177,V0054,RAW,MX,0.782,9.2,4.8,24,40479.59,2,5,12.5,1,0,0,0
PO000178,V0048,PACK,MX,0.846,9.8,4.62,11,2106.84,6,4,7.5,6,1,0,1
PO000179,V0022,RAW,DE,0.74,7.3,3.36,17,32975.1,1,3,9.4,3,0,0,0
PO000180,V0036,FINISH,IN,0.606,23.8,4.18,21,5102.78,3,4,20.6,4,0,0,1
PO000181,V0085,RAW,DE,0.792,11.5,3.28,16,11584.55,8,3,12.2,1,0,0,1
PO000182,V0033,RAW,IN,0.721,13.6,3.78,16,1030.19,6,2,9.8,6,0,0,1
PO000183,V0091,PACK,US,0.785,6.7,1.54,13,3283.24,7,3,8.7,3,0,0,1
PO000184,V0040,SERVICE,CN,0.742,5.1,2.29,19,15459.65,4,1,4.6,1,0,0,1
PO000185,V0061,FINISH,US,0.872,15.0,3.22,16,7943.88,4,3,16.6,3,0,0,0
PO000186,V0047,PACK,US,0.861,6.9,3.57,14,41410.66,2,3,4.8,6,0,0,1
PO000187,V0061,FINISH,US,0.872,15.0,3.22,16,16047.32,6,5,14.0,6,1,0,0
PO000188,V0087,FINISH,US,0.855,19.7,4.93,9,13414.79,4,4,15.4,2,0,0,1
PO000189,V0023,RAW,CN,0.614,11.8,2.55,22,24395.29,3,1,13.8,4,1,0,1
PO000190,V0036,FINISH,IN,0.606,23.8,4.18,21,149053.38,2,3,24.6,6,0,1,1
PO000191,V0028,RAW,CN,0.649,12.0,1.95,13,99322.89,6,2,14.0,0,0,0,1
PO000192,V0077,PACK,IN,0.601,6.0,1.16,11,2669.08,4,4,7.8,1,1,0,1
PO000193,V0049,RAW,US,0.878,7.5,2.28,20,7629.32,5,2,6.9,6,0,0,1
PO000194,V0080,FINISH,IN,0.721,16.6,1.84,13,30205.01,5,4,16.9,4,0,0,0
PO000195,V0051,FINISH,CN,0.637,24.5,4.23,13,7298.04,9,4,21.8,1,0,0,0
PO000196,V0055,PACK,CN,0.619,8.4,4.01,9,1417.49,3,4,7.8,1,0,0,0
PO000197,V0009,FINISH,US,0.782,14.1,4.26,17,10923.97,1,4,12.6,5,0,0,1
PO000198,V0062,FINISH,DE,0.881,22.2,4.6,6,31305.71,1,5,17.8,6,0,0,1
PO000199,V0092,FINISH,US,0.855,24.6,3.38,15,1174.06,6,5,22.3,2,0,0,0
PO000200,V0016,FINISH,IN,0.733,18.5,1.44,12,1796.5,8,4,15.1,4,0,0,0
PO000201,V0062,FINISH,DE,0.881,22.2,4.6,6,15342.6,6,5,26.6,0,0,0,0
PO000202,V0088,FINISH,MX,0.697,25.4,2.03,11,19676.24,3,4,28.0,6,0,0,0
PO000203,V0079,FINISH,CN,0.65,26.2,4.68,7,12420.05,7,5,28.2,0,0,0,0
PO000204,V0027,FINISH,US,0.879,14.1,1.64,15,16696.58,0,4,15.9,6,0,0,1
PO000205,V0016,FINISH,IN,0.733,18.5,1.44,12,7468.89,3,3,18.8,0,0,0,1
PO000206,V0058,SERVICE,US,0.874,4.5,2.48,13,6947.78,4,2,6.7,6,0,0,1
PO000207,V0025,PACK,IN,0.539,5.5,4.59,21,10287.48,6,4,7.6,5,0,0,0
PO000208,V0032,SERVICE,MX,0.694,6.7,2.48,12,33773.04,7,1,6.6,1,0,1,1
PO000209,V0004,FINISH,DE,0.824,16.8,3.06,16,2819.24,4,5,17.9,2,0,1,0
PO000210,V0020,PACK,US,0.98,9.9,1.97,17,10849.71,7,3,11.6,4,0,1,1
PO000211,V0029,FINISH,CN,0.802,15.3,2.47,12,7131.65,8,5,15.6,5,0,0,1
PO000212,V0081,PACK,CN,0.884,5.2,2.01,15,56983.57,5,3,4.6,0,1,1,0
PO000213,V0029,FINISH,CN,0.802,15.3,2.47,12,41803.17,2,5,14.5,6,0,0,1
PO000214,V0037,RAW,DE,0.831,10.3,3.17,12,15552.18,1,4,8.8,3,0,0,1
PO000215,V0036,FINISH,IN,0.606,23.8,4.18,21,49054.42,4,3,25.5,5,1,0,0
PO000216,V0095,FINISH,US,0.879,19.0,4.51,14,2451.34,6,3,18.8,4,1,0,1
PO000217,V0013,PACK,CN,0.729,6.6,3.03,21,5310.99,7,3,6.6,2,0,0,0
PO000218,V0081,PACK,CN,0.884,5.2,2.01,15,64533.37,7,4,1.0,1,0,1,1
PO000219,V0067,FINISH,DE,0.709,27.6,4.37,19,4834.52,6,4,28.5,0,0,0,0
PO000220,V0069,RAW,DE,0.892,8.6,3.69,16,9532.7,5,2,6.9,2,0,1,1
PO000221,V0036,FINISH,IN,0.606,23.8,4.18,21,3164.57,6,5,21.8,2,0,0,0
PO000222,V0017,FINISH,IN,0.701,19.8,1.89,10,33057.2,1,3,22.8,2,0,0,1
PO000223,V0040,SERVICE,CN,0.742,5.1,2.29,19,92131.16,9,1,4.3,3,0,0,0
PO000224,V0008,RAW,DE,0.897,12.8,2.43,12,10612.83,3,3,12.4,2,0,0,1
PO000225,V0093,SERVICE,DE,0.917,6.8,1.72,8,9289.53,2,2,8.3,6,0,1,1
PO000226,V0011,RAW,DE,0.769,12.1,3.55,21,14860.84,8,2,12.4,1,0,0,0
PO000227,V0052,SERVICE,DE,0.824,6.4,2.72,18,28171.14,4,1,8.4,5,0,0,0
PO000228,V0063,FINISH,MX,0.98,17.9,1.75,15,1531.39,4,4,15.4,1,0,1,0
PO000229,V0067,FINISH,DE,0.709,27.6,4.37,19,19345.97,3,5,28.1,0,0,0,0
PO000230,V0044,FINISH,IN,0.629,20.6,1.39,15,19389.68,4,4,23.6,6,0,0,0
PO000231,V0003,PACK,DE,0.708,8.1,1.56,12,5939.47,4,2,10.5,0,0,0,1
PO000232,V0005,RAW,CN,0.66,11.8,2.76,10,5809.33,9,4,15.8,3,0,0,0
PO000233,V0005,RAW,CN,0.66,11.8,2.76,10,3756.96,5,3,11.4,5,0,0,0
PO000234,V0077,PACK,IN,0.601,6.0,1.16,11,7486.3,2,3,7.0,4,0,1,1
PO000235,V0040,SERVICE,CN,0.742,5.1,2.29,19,17744.51,8,1,2.3,0,0,0,1
PO000236,V0006,SERVICE,US,0.821,4.0,3.65,13,4160.19,6,2,2.3,6,0,0,0
PO000237,V0089,PACK,MX,0.613,8.8,1.75,13,13225.82,6,1,8.4,1,0,0,1
PO000238,V0035,FINISH,CN,0.582,25.3,4.24,15,1865.38,4,5,25.4,0,0,0,0
PO000239,V0099,FINISH,US,0.857,24.7,4.51,13,58147.1,4,3,25.1,0,0,0,0
PO000240,V0003,PACK,DE,0.708,8.1,1.56,12,2829.01,4,2,5.1,1,0,0,1
PO000241,V0018,RAW,MX,0.757,10.6,3.81,25,40902.71,3,4,9.6,5,0,1,0
PO000242,V0006,SERVICE,US,0.821,4.0,3.65,13,1234.91,8,1,3.5,6,0,0,1
PO000243,V0083,RAW,US,0.785,7.8,4.56,16,37944.42,6,2,7.3,6,0,1,1
PO000244,V0074,SERVICE,IN,0.772,3.6,4.71,15,6400.77,7,2,2.4,3,0,0,1
PO000245,V0041,RAW,DE,0.93,9.9,1.69,10,59070.6,2,4,12.0,3,0,0,0
PO000246,V0042,FINISH,CN,0.807,23.2,2.12,16,5086.18,2,5,22.5,1,0,0,0
PO000247,V0047,PACK,US,0.861,6.9,3.57,14,4426.59,7,2,7.1,3,0,0,0
PO000248,V0017,FINISH,IN,0.701,19.8,1.89,10,3466.32,6,3,18.6,6,0,0,0
PO000249,V0052,SERVICE,DE,0.824,6.4,2.72,18,24325.97,5,2,8.0,1,0,0,1
PO000250,V0002,SERVICE,US,0.98,6.3,1.85,11,5075.05,3,2,7.0,1,0,1,1
PO000251,V0022,RAW,DE,0.74,7.3,3.36,17,16848.68,7,1,6.7,6,0,1,0
PO000252,V0093,SERVICE,DE,0.917,6.8,1.72,8,23660.08,6,2,9.5,3,0,0,1
PO000253,V0046,FINISH,CN,0.577,23.2,1.65,8,4281.27,3,3,19.9,0,0,0,1
PO000254,V0047,PACK,US,0.861,6.9,3.57,14,3206.09,5,2,1.0,2,0,0,1
PO000255,V0054,RAW,MX,0.782,9.2,4.8,24,68744.96,5,3,10.7,2,0,0,1
PO000256,V0080,FINISH,IN,0.721,16.6,1.84,13,29362.22,3,5,18.0,5,0,0,1
PO000257,V0076,RAW,US,0.841,8.0,3.56,11,80314.3,5,4,5.9,3,0,0,1
PO000258,V0010,RAW,IN,0.761,9.5,1.46,20,10255.46,5,2,13.4,6,0,0,0
PO000259,V0100,FINISH,US,0.802,15.8,2.59,19,4461.69,4,5,17.5,5,1,1,0
PO000260,V0078,RAW,US,0.9,7.8,2.84,11,17308.12,5,2,7.0,4,0,1,1
PO000261,V0027,FINISH,US,0.879,14.1,1.64,15,19251.85,1,5,15.9,3,0,0,1
PO000262,V0087,FINISH,US,0.855,19.7,4.93,9,16816.05,4,3,18.2,0,0,0,1
PO000263,V0084,PACK,IN,0.592,5.4,3.15,16,12009.26,1,4,5.3,0,0,0,0
PO000264,V0001,SERVICE,DE,0.945,3.6,1.62,16,32097.53,6,1,2.8,5,0,0,1
PO000265,V0019,RAW,DE,0.886,7.4,2.11,21,6597.06,6,3,7.6,6,0,0,1
PO000266,V0077,PACK,IN,0.601,6.0,1.16,11,10253.33,4,2,6.4,5,1,0,0
PO000267,V0046,FINISH,CN,0.577,23.2,1.65,8,13523.61,4,5,21.3,1,0,0,0
PO000268,V0037,RAW,DE,0.831,10.3,3.17,12,11900.47,9,3,12.6,4,1,0,1
PO000269,V0057,FINISH,US,0.768,15.2,3.8,17,40470.92,2,4,14.9,0,0,0,1
PO000270,V0047,PACK,US,0.861,6.9,3.57,14,88556.77,5,2,6.8,0,0,1,1
PO000271,V0050,RAW,IN,0.638,7.8,3.79,16,19466.19,2,3,7.0,0,1,1,1
PO000272,V0050,RAW,IN,0.638,7.8,3.79,16,884.25,6,1,9.2,4,0,1,1
PO000273,V0059,PACK,IN,0.786,5.6,2.97,7,9967.25,8,2,4.1,2,0,0,1
PO000274,V0086,RAW,US,0.712,8.7,1.64,11,191041.42,5,5,7.1,0,0,0,1
PO000275,V0029,FINISH,CN,0.802,15.3,2.47,12,23024.15,2,3,11.4,6,0,0,0
PO000276,V0058,SERVICE,US,0.874,4.5,2.48,13,11980.18,10,1,1.8,3,0,0,1
PO000277,V0009,FINISH,US,0.782,14.1,4.26,17,3877.92,4,4,14.4,5,0,0,1
PO000278,V0079,FINISH,CN,0.65,26.2,4.68,7,6952.21,5,3,25.4,6,1,0,1
PO000279,V0087,FINISH,US,0.855,19.7,4.93,9,10020.45,3,3,21.7,4,0,0,0
PO000280,V0001,SERVICE,DE,0.945,3.6,1.62,16,4696.36,2,2,1.0,3,0,0,1
PO000281,V0023,RAW,CN,0.614,11.8,2.55,22,24490.59,2,2,14.0,5,0,1,1
PO000282,V0056,PACK,US,0.729,7.2,4.55,13,4606.42,4,5,8.2,4,0,0,1
PO000283,V0024,RAW,DE,0.927,13.5,4.51,12,7748.27,2,3,10.9,1,0,0,1
PO000284,V0077,PACK,IN,0.601,6.0,1.16,11,47086.75,9,1,4.5,1,0,0,0
PO000285,V0092,FINISH,US,0.855,24.6,3.38,15,43319.32,2,5,23.1,2,0,0,1
PO000286,V0038,RAW,US,0.858,12.8,2.44,10,31776.48,4,3,14.4,6,0,0,1
PO000287,V0026,RAW,DE,0.898,12.1,4.59,17,2436.63,7,3,11.6,0,1,1,1
PO000288,V0088,FINISH,MX,0.697,25.4,2.03,11,7640.09,9,3,23.4,6,1,0,0
PO000289,V0017,FINISH,IN,0.701,19.8,1.89,10,9353.15,0,4,16.1,4,0,0,1
PO000290,V0014,FINISH,DE,0.85,17.2,1.31,12,2780.92,6,5,15.4,3,0,0,1
PO000291,V0089,PACK,MX,0.613,8.8,1.75,13,14493.05,4,1,11.2,1,1,1,0
PO000292,V0045,PACK,US,0.98,8.2,1.18,13,3545.38,6,2,10.7,6,1,0,1
PO000293,V0004,FINISH,DE,0.824,16.8,3.06,16,20788.4,6,5,16.0,5,0,1,1
PO000294,V0067,FINISH,DE,0.709,27.6,4.37,19,12129.24,3,4,28.9,4,0,1,0
PO000295,V0074,SERVICE,IN,0.772,3.6,4.71,15,29684.54,8,2,2.0,0,0,0,0
PO000296,V0013,PACK,CN,0.729,6.6,3.03,21,1560.2,6,2,6.0,4,0,0,1
PO000297,V0016,FINISH,IN,0.733,18.5,1.44,12,15374.96,5,5,19.5,6,1,1,0
PO000298,V0082,PACK,US,0.825,7.7,1.97,12,5263.83,8,1,8.6,6,0,1,1
PO000299,V0075,SERVICE,DE,0.673,5.5,1.96,8,2271.19,2,1,3.9,3,0,0,1
PO000300,V0059,PACK,IN,0.786,5.6,2.97,7,5059.13,8,4,4.5,5,1,0,0
PO000301,V0080,FINISH,IN,0.721,16.6,1.84,13,26213.87,9,4,17.7,4,0,0,1
PO000302,V0024,RAW,DE,0.927,13.5,4.51,12,6215.92,5,1,13.9,5,0,0,0
PO000303,V0098,FINISH,US,0.629,22.7,3.13,10,9481.26,3,3,22.5,5,0,0,1
PO000304,V0025,PACK,IN,0.539,5.5,4.59,21,6759.94,10,2,5.4,3,0,0,1
PO000305,V0004,FINISH,DE,0.824,16.8,3.06,16,21063.8,3,4,19.2,1,0,0,0
PO000306,V0066,PACK,CN,0.769,9.7,4.46,6,18669.16,8,1,15.0,1,0,0,1
PO000307,V0059,PACK,IN,0.786,5.6,2.97,7,20545.09,5,3,3.6,2,0,0,0
PO000308,V0043,RAW,DE,0.98,7.1,1.46,6,10288.64,4,4,5.5,1,0,0,1
PO000309,V0007,RAW,CN,0.794,7.6,1.78,6,3455.68,8,1,9.4,6,0,0,1
PO000310,V0086,RAW,US,0.712,8.7,1.64,11,2755.84,13,2,6.5,5,1,0,1
PO000311,V0001,SERVICE,DE,0.945,3.6,1.62,16,1721.68,4,1,3.4,5,0,0,1
PO000312,V0059,PACK,IN,0.786,5.6,2.97,7,8640.6,8,4,8.1,5,0,0,0
PO000313,V0084,PACK,IN,0.592,5.4,3.15,16,1929.95,3,2,5.7,3,0,0,1
PO000314,V0064,RAW,CN,0.639,13.8,4.94,17,5014.66,6,4,13.6,3,0,1,0
PO000315,V0003,PACK,DE,0.708,8.1,1.56,12,14430.36,3,2,10.5,4,1,0,0
PO000316,V0060,FINISH,US,0.834,24.4,3.33,25,14080.25,8,4,22.2,2,0,1,1
PO000317,V0071,PACK,CN,0.695,5.7,1.12,18,2146.11,2,1,8.3,2,0,0,1
PO000318,V0045,PACK,US,0.98,8.2,1.18,13,4711.02,2,2,9.4,5,0,0,1
PO000319,V0009,FINISH,US,0.782,14.1,4.26,17,58943.86,6,4,14.7,4,0,0,0
PO000320,V0020,PACK,US,0.98,9.9,1.97,17,6072.99,7,2,12.3,5,1,0,0
PO000321,V0017,FINISH,IN,0.701,19.8,1.89,10,29150.99,10,4,18.7,5,0,0,0
PO000322,V0092,FINISH,US,0.855,24.6,3.38,15,2074.43,6,5,28.5,3,0,0,0
PO000323,V0075,SERVICE,DE,0.673,5.5,1.96,8,362.82,5,1,3.7,0,0,0,1
PO000324,V0084,PACK,IN,0.592,5.4,3.15,16,18139.32,6,4,6.3,4,0,0,1
PO000325,V0012,FINISH,US,0.73,24.7,3.25,18,35463.76,5,5,25.5,4,0,1,0
PO000326,V0069,RAW,DE,0.892,8.6,3.69,16,5408.47,7,2,9.3,6,0,0,1
PO000327,V0010,RAW,IN,0.761,9.5,1.46,20,9490.09,4,1,12.1,0,1,0,0
PO000328,V0082,PACK,US,0.825,7.7,1.97,12,2977.46,2,1,9.7,5,0,1,1
PO000329,V0011,RAW,DE,0.769,12.1,3.55,21,9029.2,3,3,9.3,2,0,0,0
PO000330,V0050,RAW,IN,0.638,7.8,3.79,16,6034.22,6,1,6.9,0,0,0,1
PO000331,V0038,RAW,US,0.858,12.8,2.44,10,12740.11,3,1,17.6,0,0,0,1
PO000332,V0052,SERVICE,DE,0.824,6.4,2.72,18,7849.32,7,1,7.7,6,0,0,1
PO000333,V0084,PACK,IN,0.592,5.4,3.15,16,24049.73,8,2,4.6,3,0,0,0
PO000334,V0082,PACK,US,0.825,7.7,1.97,12,2693.45,2,2,4.0,4,0,1,1
PO000335,V0018,RAW,MX,0.757,10.6,3.81,25,9989.11,2,2,8.1,4,0,0,0
PO000336,V0028,RAW,CN,0.649,12.0,1.95,13,41942.39,4,3,11.2,4,0,0,0
PO000337,V0032,SERVICE,MX,0.694,6.7,2.48,12,22211.89,4,2,7.4,0,0,0,1
PO000338,V0100,FINISH,US,0.802,15.8,2.59,19,1840.08,7,5,18.1,4,0,0,1
PO000339,V0068,RAW,DE,0.98,7.4,4.46,20,8600.75,4,2,6.7,0,0,0,1
PO000340,V0069,RAW,DE,0.892,8.6,3.69,16,2168.21,8,1,10.1,0,1,1,1
PO000341,V0051,FINISH,CN,0.637,24.5,4.23,13,23468.85,7,4,27.2,4,0,0,0
PO000342,V0045,PACK,US,0.98,8.2,1.18,13,13502.67,4,5,11.0,3,0,1,0
PO000343,V0046,FINISH,CN,0.577,23.2,1.65,8,3936.38,3,5,25.4,1,0,1,0
PO000344,V0040,SERVICE,CN,0.742,5.1,2.29,19,8777.19,10,2,4.4,5,1,0,0
PO000345,V0049,RAW,US,0.878,7.5,2.28,20,39480.53,4,5,3.1,4,0,0,1
PO000346,V0077,PACK,IN,0.601,6.0,1.16,11,5671.16,4,2,6.2,4,1,0,0
PO000347,V0069,RAW,DE,0.892,8.6,3.69,16,11712.09,5,1,8.6,2,0,0,1
PO000348,V0085,RAW,DE,0.792,11.5,3.28,16,7205.52,3,1,13.5,1,0,0,0
PO000349,V0097,FINISH,US,0.933,26.7,3.5,16,1095.99,6,4,26.8,4,0,0,1
PO000350,V0047,PACK,US,0.861,6.9,3.57,14,18499.15,5,1,7.9,4,0,1,1
PO000351,V0098,FINISH,US,0.629,22.7,3.13,10,870.26,1,5,24.3,0,0,1,1
PO000352,V0063,FINISH,MX,0.98,17.9,1.75,15,30041.51,5,5,17.9,4,0,0,0
PO000353,V0076,RAW,US,0.841,8.0,3.56,11,15121.65,7,2,5.3,0,0,1,0
PO000354,V0024,RAW,DE,0.927,13.5,4.51,12,12413.23,5,1,9.7,3,0,1,1
PO000355,V0086,RAW,US,0.712,8.7,1.64,11,38720.33,6,2,10.6,4,0,0,1
PO000356,V0051,FINISH,CN,0.637,24.5,4.23,13,21234.13,5,3,25.7,6,1,0,1
PO000357,V0038,RAW,US,0.858,12.8,2.44,10,4322.21,4,2,12.5,3,0,0,1
PO000358,V0094,FINISH,CN,0.66,16.0,4.18,11,32573.59,3,4,16.7,0,0,0,0
PO000359,V0034,SERVICE,CN,0.595,3.6,3.07,20,16065.2,5,1,5.5,2,0,0,0
PO000360,V0010,RAW,IN,0.761,9.5,1.46,20,2462.5,2,2,7.9,2,1,1,1
PO000361,V0004,FINISH,DE,0.824,16.8,3.06,16,2775.55,7,5,14.5,0,0,0,1
PO000362,V0043,RAW,DE,0.98,7.1,1.46,6,24946.29,7,4,6.9,2,0,0,1
PO000363,V0040,SERVICE,CN,0.742,5.1,2.29,19,1042.92,5,1,5.4,0,0,0,1
PO000364,V0020,PACK,US,0.98,9.9,1.97,17,6009.6,5,4,9.5,6,1,1,0
PO000365,V0089,PACK,MX,0.613,8.8,1.75,13,13831.14,4,3,10.9,4,0,0,1
PO000366,V0010,RAW,IN,0.761,9.5,1.46,20,13149.31,3,4,7.9,4,0,0,1
PO000367,V0041,RAW,DE,0.93,9.9,1.69,10,22449.93,5,2,9.6,4,1,0,0
PO000368,V0096,PACK,DE,0.98,7.3,2.21,18,223992.51,9,1,6.5,1,0,0,1
PO000369,V0046,FINISH,CN,0.577,23.2,1.65,8,39548.15,5,4,25.9,2,0,0,0
PO000370,V0069,RAW,DE,0.892,8.6,3.69,16,2275.31,4,5,10.4,4,0,0,1
PO000371,V0074,SERVICE,IN,0.772,3.6,4.71,15,36994.87,4,1,5.8,1,0,1,0
PO000372,V0080,FINISH,IN,0.721,16.6,1.84,13,30342.78,6,4,17.1,1,1,0,1
PO000373,V0072,RAW,CN,0.817,8.0,1.06,13,33347.5,5,1,7.6,0,0,0,1
PO000374,V0028,RAW,CN,0.649,12.0,1.95,13,956.66,10,2,12.6,5,0,0,0
PO000375,V0027,FINISH,US,0.879,14.1,1.64,15,3033.53,5,4,14.1,5,1,0,1
PO000376,V0024,RAW,DE,0.927,13.5,4.51,12,1520.21,3,3,15.5,5,0,1,1
PO000377,V0086,RAW,US,0.712,8.7,1.64,11,4050.09,5,3,9.5,4,0,0,1
PO000378,V0043,RAW,DE,0.98,7.1,1.46,6,10667.7,4,4,8.2,6,1,0,1
PO000379,V0026,RAW,DE,0.898,12.1,4.59,17,3323.16,7,2,12.7,0,0,0,0
PO000380,V0051,FINISH,CN,0.637,24.5,4.23,13,61301.79,4,3,22.7,4,0,0,0
PO000381,V0066,PACK,CN,0.769,9.7,4.46,6,1833.03,4,1,9.2,4,0,0,1
PO000382,V0058,SERVICE,US,0.874,4.5,2.48,13,10509.34,9,2,3.8,0,0,0,0
PO000383,V0033,RAW,IN,0.721,13.6,3.78,16,16893.42,0,1,12.9,2,0,0,0
PO000384,V0079,FINISH,CN,0.65,26.2,4.68,7,5076.31,6,4,24.0,4,0,0,0
PO000385,V0020,PACK,US,0.98,9.9,1.97,17,3295.35,4,5,9.6,6,0,0,1
PO000386,V0067,FINISH,DE,0.709,27.6,4.37,19,17773.15,2,4,27.2,3,1,0,0
PO000387,V0068,RAW,DE,0.98,7.4,4.46,20,11276.24,2,1,8.5,0,0,0,1
PO000388,V0096,PACK,DE,0.98,7.3,2.21,18,6464.54,5,2,9.1,1,0,0,1
PO000389,V0013,PACK,CN,0.729,6.6,3.03,21,7114.67,8,1,9.3,0,0,0,0
PO000390,V0030,PACK,MX,0.97,9.5,3.52,19,16931.91,2,3,8.2,1,0,0,0
PO000391,V0096,PACK,DE,0.98,7.3,2.21,18,349.62,5,5,9.3,2,0,0,1
PO000392,V0092,FINISH,US,0.855,24.6,3.38,15,1269.12,6,5,23.8,6,0,1,1
PO000393,V0065,FINISH,DE,0.79,26.8,4.29,23,9455.4,6,3,28.4,5,0,0,0
PO000394,V0039,RAW,IN,0.627,7.4,3.13,15,18847.36,2,3,8.7,3,1,0,1
PO000395,V0055,PACK,CN,0.619,8.4,4.01,9,3734.95,5,4,8.3,2,0,0,0
PO000396,V0082,PACK,US,0.825,7.7,1.97,12,14212.71,0,2,4.8,4,0,0,1
PO000397,V0041,RAW,DE,0.93,9.9,1.69,10,5324.96,6,1,9.8,1,0,0,1
PO000398,V0032,SERVICE,MX,0.694,6.7,2.48,12,2275.08,6,1,8.0,3,0,0,0
PO000399,V0018,RAW,MX,0.757,10.6,3.81,25,16213.09,7,4,11.9,6,0,0,1
PO000400,V0086,RAW,US,0.712,8.7,1.64,11,4647.63,3,3,9.8,2,0,1,1
PO000401,V0037,RAW,DE,0.831,10.3,3.17,12,9266.48,3,2,11.7,2,0,0,1
PO000402,V0002,SERVICE,US,0.98,6.3,1.85,11,7289.95,5,2,6.3,3,0,0,1
PO000403,V0005,RAW,CN,0.66,11.8,2.76,10,2748.95,8,1,12.4,5,0,0,1
PO000404,V0087,FINISH,US,0.855,19.7,4.93,9,1343.85,6,5,19.9,3,0,1,1
PO000405,V0060,FINISH,US,0.834,24.4,3.33,25,5983.04,8,4,22.0,6,1,0,0
PO000406,V0023,RAW,CN,0.614,11.8,2.55,22,8922.82,10,3,14.2,2,0,0,1
PO000407,V0094,FINISH,CN,0.66,16.0,4.18,11,12618.87,3,4,17.5,1,0,0,0
PO000408,V0027,FINISH,US,0.879,14.1,1.64,15,17938.42,3,4,12.9,6,0,0,1
PO000409,V0098,FINISH,US,0.629,22.7,3.13,10,13330.23,6,4,22.0,1,0,0,0
PO000410,V0018,RAW,MX,0.757,10.6,3.81,25,27116.97,4,1,10.2,0,0,0,0
PO000411,V0031,PACK,CN,0.783,6.4,1.1,17,12192.24,5,3,5.2,2,0,0,1
PO000412,V0059,PACK,IN,0.786,5.6,2.97,7,688.61,4,1,7.5,1,0,0,1
PO000413,V0009,FINISH,US,0.782,14.1,4.26,17,15018.44,9,5,12.2,2,0,1,0
PO000414,V0021,FINISH,US,0.98,22.9,3.14,9,9665.54,5,3,22.4,2,0,0,1
PO000415,V0023,RAW,CN,0.614,11.8,2.55,22,8080.94,2,2,9.8,5,0,0,1
PO000416,V0024,RAW,DE,0.927,13.5,4.51,12,2913.57,3,3,12.8,1,0,0,1
PO000417,V0034,SERVICE,CN,0.595,3.6,3.07,20,1875.93,3,1,2.0,6,1,1,0
PO000418,V0030,PACK,MX,0.97,9.5,3.52,19,1553.18,4,1,8.2,2,0,0,1
PO000419,V0004,FINISH,DE,0.824,16.8,3.06,16,868.49,10,4,19.5,0,0,0,1
PO000420,V0048,PACK,MX,0.846,9.8,4.62,11,17736.65,3,1,11.4,4,0,0,1
PO000421,V0019,RAW,DE,0.886,7.4,2.11,21,16380.93,7,4,7.9,5,0,0,0
PO000422,V0002,SERVICE,US,0.98,6.3,1.85,11,4078.96,9,1,5.7,5,0,1,1
PO000423,V0032,SERVICE,MX,0.694,6.7,2.48,12,2604.45,7,2,6.9,2,0,1,1
PO000424,V0048,PACK,MX,0.846,9.8,4.62,11,8579.62,3,2,12.7,1,0,0,1
PO000425,V0017,FINISH,IN,0.701,19.8,1.89,10,11479.24,6,4,23.9,4,0,0,1
PO000426,V0046,FINISH,CN,0.577,23.2,1.65,8,1854.07,6,3,24.5,1,0,0,1
PO000427,V0001,SERVICE,DE,0.945,3.6,1.62,16,10665.14,8,1,4.3,6,1,0,1
PO000428,V0073,PACK,DE,0.853,7.6,4.13,14,6101.04,8,1,10.6,0,1,1,0
PO000429,V0073,PACK,DE,0.853,7.6,4.13,14,15461.71,5,2,9.1,6,0,0,1
PO000430,V0037,RAW,DE,0.831,10.3,3.17,12,2950.14,7,4,14.4,2,0,0,1
PO000431,V0093,SERVICE,DE,0.917,6.8,1.72,8,19705.53,4,2,6.1,3,0,0,1
PO000432,V0012,FINISH,US,0.73,24.7,3.25,18,9619.42,4,4,23.8,2,0,0,1
PO000433,V0082,PACK,US,0.825,7.7,1.97,12,23563.39,8,1,6.2,5,1,0,1
PO000434,V0020,PACK,US,0.98,9.9,1.97,17,5011.17,5,1,10.3,2,0,1,1
PO000435,V0023,RAW,CN,0.614,11.8,2.55,22,9667.49,10,2,10.5,2,1,0,0
PO000436,V0062,FINISH,DE,0.881,22.2,4.6,6,8425.35,3,4,19.2,0,0,1,1
PO000437,V0083,RAW,US,0.785,7.8,4.56,16,1502.54,7,5,7.7,4,0,0,1
PO000438,V0081,PACK,CN,0.884,5.2,2.01,15,5834.39,6,3,3.3,0,0,0,0
PO000439,V0071,PACK,CN,0.695,5.7,1.12,18,8606.5,5,3,2.5,6,1,0,0
PO000440,V0066,PACK,CN,0.769,9.7,4.46,6,21113.58,7,1,11.8,2,0,0,1
PO000441,V0006,SERVICE,US,0.821,4.0,3.65,13,22086.67,4,1,5.7,4,0,0,1
PO000442,V0025,PACK,IN,0.539,5.5,4.59,21,2041.37,6,1,4.8,1,0,0,0
PO000443,V0021,FINISH,US,0.98,22.9,3.14,9,10633.94,6,4,23.8,1,0,0,1
PO000444,V0090,RAW,CN,0.774,7.8,3.44,12,6163.29,5,2,2.9,4,0,0,0
PO000445,V0017,FINISH,IN,0.701,19.8,1.89,10,21865.89,4,4,24.6,0,0,0,0
PO000446,V0058,SERVICE,US,0.874,4.5,2.48,13,11489.14,4,1,5.3,4,0,0,1
PO000447,V0065,FINISH,DE,0.79,26.8,4.29,23,4076.99,7,4,26.4,1,0,0,0
PO000448,V0015,FINISH,MX,0.872,25.3,1.75,21,55281.65,4,5,22.3,3,0,0,1
PO000449,V0015,FINISH,MX,0.872,25.3,1.75,21,4245.91,4,3,23.4,2,0,0,1
PO000450,V0020,PACK,US,0.98,9.9,1.97,17,11236.31,3,2,13.9,6,0,0,1
PO000451,V0069,RAW,DE,0.892,8.6,3.69,16,25892.88,6,3,9.3,4,0,1,1
PO000452,V0059,PACK,IN,0.786,5.6,2.97,7,27785.61,8,2,1.4,4,0,1,1
PO000453,V0049,RAW,US,0.878,7.5,2.28,20,20142.54,7,1,7.7,5,0,0,1
PO000454,V0001,SERVICE,DE,0.945,3.6,1.62,16,11734.11,3,2,2.9,6,0,0,1
PO000455,V0020,PACK,US,0.98,9.9,1.97,17,4714.86,2,1,7.9,1,0,1,1
PO000456,V0010,RAW,IN,0.761,9.5,1.46,20,6593.73,6,5,7.6,1,1,0,1
PO000457,V0006,SERVICE,US,0.821,4.0,3.65,13,4457.96,6,1,2.5,5,0,0,1
PO000458,V0042,FINISH,CN,0.807,23.2,2.12,16,11081.01,3,4,24.1,1,0,0,0
PO000459,V0010,RAW,IN,0.761,9.5,1.46,20,32686.31,5,5,9.8,4,0,0,0
PO000460,V0013,PACK,CN,0.729,6.6,3.03,21,1433.07,7,1,6.0,0,1,0,1
PO000461,V0048,PACK,MX,0.846,9.8,4.62,11,4421.95,9,1,9.1,1,0,0,0
PO000462,V0013,PACK,CN,0.729,6.6,3.03,21,22264.68,4,5,10.0,5,0,0,0
PO000463,V0057,FINISH,US,0.768,15.2,3.8,17,593.74,5,3,12.5,3,0,1,1
PO000464,V0075,SERVICE,DE,0.673,5.5,1.96,8,1745.87,6,1,2.5,6,0,0,1
PO000465,V0041,RAW,DE,0.93,9.9,1.69,10,32219.3,5,3,6.8,1,0,0,1
PO000466,V0010,RAW,IN,0.761,9.5,1.46,20,7525.54,6,1,7.4,4,0,0,1
PO000467,V0082,PACK,US,0.825,7.7,1.97,12,3863.56,2,1,6.3,2,0,0,1
PO000468,V0062,FINISH,DE,0.881,22.2,4.6,6,12212.19,3,4,21.0,1,0,0,0
PO000469,V0040,SERVICE,CN,0.742,5.1,2.29,19,6867.16,2,2,6.5,2,0,0,1
PO000470,V0077,PACK,IN,0.601,6.0,1.16,11,1491.43,2,4,5.0,3,0,0,1
PO000471,V0058,SERVICE,US,0.874,4.5,2.48,13,54436.66,5,2,4.5,6,0,0,0
PO000472,V0016,FINISH,IN,0.733,18.5,1.44,12,349.68,1,4,17.5,4,0,1,0
PO000473,V0049,RAW,US,0.878,7.5,2.28,20,484.55,9,1,7.8,2,0,0,1
PO000474,V0044,FINISH,IN,0.629,20.6,1.39,15,5001.5,5,4,22.6,1,0,0,0
PO000475,V0005,RAW,CN,0.66,11.8,2.76,10,5219.8,6,3,13.8,0,0,0,0
PO000476,V0075,SERVICE,DE,0.673,5.5,1.96,8,45946.23,5,1,6.8,2,0,0,1
PO000477,V0026,RAW,DE,0.898,12.1,4.59,17,2922.97,4,3,13.6,5,1,0,1
PO000478,V0075,SERVICE,DE,0.673,5.5,1.96,8,16662.99,3,2,2.8,4,0,0,0
PO000479,V0014,FINISH,DE,0.85,17.2,1.31,12,2178.26,6,4,16.9,2,0,0,1
PO000480,V0047,PACK,US,0.861,6.9,3.57,14,88647.99,6,1,2.3,1,0,0,0
PO000481,V0093,SERVICE,DE,0.917,6.8,1.72,8,27685.1,1,1,7.2,1,1,0,1
PO000482,V0088,FINISH,MX,0.697,25.4,2.03,11,1307.25,3,3,24.7,2,0,0,1
PO000483,V0063,FINISH,MX,0.98,17.9,1.75,15,5813.82,1,5,18.7,4,0,0,1
PO000484,V0058,SERVICE,US,0.874,4.5,2.48,13,14521.74,8,2,5.9,0,0,0,1
PO000485,V0063,FINISH,MX,0.98,17.9,1.75,15,2303.3,4,4,18.1,3,0,0,1
PO000486,V0070,FINISH,US,0.901,21.3,4.09,15,7629.65,6,5,21.6,4,1,0,1
PO000487,V0096,PACK,DE,0.98,7.3,2.21,18,11225.49,4,2,9.0,5,0,0,1
PO000488,V0015,FINISH,MX,0.872,25.3,1.75,21,26953.67,5,3,27.8,0,0,0,0
PO000489,V0058,SERVICE,US,0.874,4.5,2.48,13,4205.33,5,1,6.7,2,0,0,1
PO000490,V0067,FINISH,DE,0.709,27.6,4.37,19,5707.25,7,3,23.6,3,0,0,1
PO000491,V0038,RAW,US,0.858,12.8,2.44,10,41158.92,5,3,14.4,4,0,0,0
PO000492,V0023,RAW,CN,0.614,11.8,2.55,22,5850.47,2,2,11.6,5,1,0,0
PO000493,V0013,PACK,CN,0.729,6.6,3.03,21,31437.71,4,2,6.9,2,0,0,1
PO000494,V0055,PACK,CN,0.619,8.4,4.01,9,3203.03,5,3,10.1,2,0,0,0
PO000495,V0026,RAW,DE,0.898,12.1,4.59,17,11893.79,5,1,12.8,2,0,0,1
PO000496,V0070,FINISH,US,0.901,21.3,4.09,15,1036.52,2,4,24.7,4,0,0,1
PO000497,V0069,RAW,DE,0.892,8.6,3.69,16,78241.96,4,4,7.0,6,0,0,1
PO000498,V0048,PACK,MX,0.846,9.8,4.62,11,8875.67,5,4,10.0,4,0,0,1
PO000499,V0029,FINISH,CN,0.802,15.3,2.47,12,33765.65,3,3,16.3,6,0,0,1
PO000500,V0037,RAW,DE,0.831,10.3,3.17,12,49216.64,1,3,14.0,5,1,0,0
PO000501,V0080,FINISH,IN,0.721,16.6,1.84,13,3278.26,6,4,15.9,6,0,0,0
PO000502,V0032,SERVICE,MX,0.694,6.7,2.48,12,38081.19,3,2,6.3,0,1,1,0
PO000503,V0027,FINISH,US,0.879,14.1,1.64,15,4284.49,4,4,14.5,4,1,0,0
PO000504,V0085,RAW,DE,0.792,11.5,3.28,16,1721.16,5,1,10.6,2,1,0,1
PO000505,V0013,PACK,CN,0.729,6.6,3.03,21,31945.23,7,2,8.9,5,0,0,1
PO000506,V0047,PACK,US,0.861,6.9,3.57,14,6101.33,4,3,7.3,5,0,1,1
PO000507,V0069,RAW,DE,0.892,8.6,3.69,16,2150.06,5,4,9.9,1,1,1,1
PO000508,V0044,FINISH,IN,0.629,20.6,1.39,15,2783.73,5,4,18.6,5,0,0,0
PO000509,V0056,PACK,US,0.729,7.2,4.55,13,941.33,2,4,6.5,3,0,0,1
PO000510,V0061,FINISH,US,0.872,15.0,3.22,16,1584.52,5,4,13.6,4,0,0,1
PO000511,V0088,FINISH,MX,0.697,25.4,2.03,11,60277.8,5,4,22.4,4,0,0,0
PO000512,V0039,RAW,IN,0.627,7.4,3.13,15,8476.48,3,4,6.6,1,0,0,1
PO000513,V0052,SERVICE,DE,0.824,6.4,2.72,18,22207.83,9,2,4.5,2,0,0,0
PO000514,V0079,FINISH,CN,0.65,26.2,4.68,7,9854.46,7,3,26.2,6,0,0,0
PO000515,V0062,FINISH,DE,0.881,22.2,4.6,6,3117.3,4,5,20.3,1,0,0,1
PO000516,V0024,RAW,DE,0.927,13.5,4.51,12,1135.99,5,1,10.3,6,1,0,0
PO000517,V0009,FINISH,US,0.782,14.1,4.26,17,8353.72,2,3,14.4,3,0,0,0
PO000518,V0026,RAW,DE,0.898,12.1,4.59,17,9134.77,6,3,13.8,5,1,1,1
PO000519,V0031,PACK,CN,0.783,6.4,1.1,17,4578.46,6,2,8.4,5,0,0,1
PO000520,V0019,RAW,DE,0.886,7.4,2.11,21,25207.88,6,4,7.0,3,0,0,1
PO000521,V0080,FINISH,IN,0.721,16.6,1.84,13,33130.61,5,5,15.6,4,0,0,0
PO000522,V0038,RAW,US,0.858,12.8,2.44,10,1214.17,5,4,13.3,3,1,0,0
PO000523,V0013,PACK,CN,0.729,6.6,3.03,21,11244.63,5,1,5.3,6,1,0,1
PO000524,V0046,FINISH,CN,0.577,23.2,1.65,8,9846.05,4,5,23.4,1,0,0,0
PO000525,V0100,FINISH,US,0.802,15.8,2.59,19,1060.01,2,5,17.5,5,0,0,0
PO000526,V0077,PACK,IN,0.601,6.0,1.16,11,113824.91,4,2,7.6,6,0,0,0
PO000527,V0066,PACK,CN,0.769,9.7,4.46,6,22590.45,8,1,9.0,3,0,0,1
PO000528,V0067,FINISH,DE,0.709,27.6,4.37,19,964.45,5,5,29.0,2,0,0,0
PO000529,V0097,FINISH,US,0.933,26.7,3.5,16,3213.18,6,3,30.1,1,0,0,1
PO000530,V0095,FINISH,US,0.879,19.0,4.51,14,7229.07,4,5,19.6,2,0,0,1
PO000531,V0077,PACK,IN,0.601,6.0,1.16,11,5333.96,3,2,3.6,3,0,0,0
PO000532,V0086,RAW,US,0.712,8.7,1.64,11,7078.55,6,3,12.4,2,0,0,1
PO000533,V0095,FINISH,US,0.879,19.0,4.51,14,7427.15,2,4,17.8,6,0,0,1
PO000534,V0089,PACK,MX,0.613,8.8,1.75,13,7063.06,5,2,10.4,2,0,0,1
PO000535,V0057,FINISH,US,0.768,15.2,3.8,17,71677.16,4,4,15.3,6,0,0,1
PO000536,V0066,PACK,CN,0.769,9.7,4.46,6,622.08,4,2,9.7,6,0,1,0
PO000537,V0052,SERVICE,DE,0.824,6.4,2.72,18,16029.35,7,2,4.4,2,0,1,1
PO000538,V0060,FINISH,US,0.834,24.4,3.33,25,618.08,6,5,25.6,0,0,0,0
PO000539,V0099,FINISH,US,0.857,24.7,4.51,13,1937.4,3,4,20.6,1,0,0,0
PO000540,V0064,RAW,CN,0.639,13.8,4.94,17,1419.05,6,4,15.0,6,0,1,1
PO000541,V0042,FINISH,CN,0.807,23.2,2.12,16,4443.85,6,3,24.5,0,0,0,1
PO000542,V0092,FINISH,US,0.855,24.6,3.38,15,5769.19,8,4,24.1,6,0,0,1
PO000543,V0006,SERVICE,US,0.821,4.0,3.65,13,10731.19,9,1,3.2,3,0,0,0
PO000544,V0009,FINISH,US,0.782,14.1,4.26,17,10214.97,3,5,17.8,5,0,0,1
PO000545,V0025,PACK,IN,0.539,5.5,4.59,21,23171.29,7,2,7.9,0,0,1,0
PO000546,V0027,FINISH,US,0.879,14.1,1.64,15,3921.04,5,4,11.8,6,0,0,1
PO000547,V0070,FINISH,US,0.901,21.3,4.09,15,4999.74,4,4,16.8,1,0,1,1
PO000548,V0036,FINISH,IN,0.606,23.8,4.18,21,9713.18,5,3,24.1,5,0,0,0
PO000549,V0093,SERVICE,DE,0.917,6.8,1.72,8,2212.11,2,1,6.6,4,0,0,0
PO000550,V0053,SERVICE,US,0.98,4.3,4.58,14,6080.78,2,2,3.9,2,0,0,1
PO000551,V0099,FINISH,US,0.857,24.7,4.51,13,4365.88,5,4,21.0,1,0,0,1
PO000552,V0066,PACK,CN,0.769,9.7,4.46,6,2817.68,5,2,11.2,6,0,0,1
PO000553,V0020,PACK,US,0.98,9.9,1.97,17,8387.78,8,4,9.8,6,0,0,1
PO000554,V0029,FINISH,CN,0.802,15.3,2.47,12,4492.33,6,3,15.3,0,0,0,0
PO000555,V0003,PACK,DE,0.708,8.1,1.56,12,3948.47,5,3,9.7,2,0,0,1
PO000556,V0076,RAW,US,0.841,8.0,3.56,11,12186.35,6,4,9.7,1,0,0,1
PO000557,V0004,FINISH,DE,0.824,16.8,3.06,16,6777.49,1,3,18.1,6,1,0,1
PO000558,V0075,SERVICE,DE,0.673,5.5,1.96,8,5352.75,7,2,6.6,4,0,0,0
PO000559,V0073,PACK,DE,0.853,7.6,4.13,14,9598.73,7,4,8.4,1,0,0,1
PO000560,V0076,RAW,US,0.841,8.0,3.56,11,1771.75,8,3,5.1,2,0,0,1
PO000561,V0016,FINISH,IN,0.733,18.5,1.44,12,11076.33,4,3,14.8,4,1,0,0
PO000562,V0005,RAW,CN,0.66,11.8,2.76,10,4984.18,7,3,10.4,6,0,1,0
PO000563,V0070,FINISH,US,0.901,21.3,4.09,15,3493.04,5,5,23.3,6,0,1,1
PO000564,V0016,FINISH,IN,0.733,18.5,1.44,12,3810.8,3,4,18.5,2,0,0,1
PO000565,V0068,RAW,DE,0.98,7.4,4.46,20,44248.25,5,1,7.3,2,0,0,1
PO000566,V0061,FINISH,US,0.872,15.0,3.22,16,13262.14,4,4,14.1,5,0,0,1
PO000567,V0096,PACK,DE,0.98,7.3,2.21,18,4514.66,10,3,10.1,5,0,0,1
PO000568,V0090,RAW,CN,0.774,7.8,3.44,12,12678.02,2,2,6.5,4,0,1,1
PO000569,V0093,SERVICE,DE,0.917,6.8,1.72,8,2729.9,6,1,7.0,6,0,0,1
PO000570,V0003,PACK,DE,0.708,8.1,1.56,12,1767.94,6,3,5.7,4,0,0,1
PO000571,V0083,RAW,US,0.785,7.8,4.56,16,44781.63,4,3,5.4,4,0,0,1
PO000572,V0095,FINISH,US,0.879,19.0,4.51,14,5335.89,7,3,19.3,0,0,0,1
PO000573,V0074,SERVICE,IN,0.772,3.6,4.71,15,10328.59,5,2,2.7,3,0,0,0
PO000574,V0047,PACK,US,0.861,6.9,3.57,14,4359.28,4,3,8.5,1,0,0,1
PO000575,V0087,FINISH,US,0.855,19.7,4.93,9,2289.37,7,3,18.6,2,1,0,0
PO000576,V0061,FINISH,US,0.872,15.0,3.22,16,7893.32,9,4,14.6,3,0,0,1
PO000577,V0014,FINISH,DE,0.85,17.2,1.31,12,10562.63,3,3,14.4,1,0,0,1
PO000578,V0006,SERVICE,US,0.821,4.0,3.65,13,26257.86,6,2,4.5,2,0,1,1
PO000579,V0098,FINISH,US,0.629,22.7,3.13,10,935.75,4,5,22.7,3,0,0,0
PO000580,V0077,PACK,IN,0.601,6.0,1.16,11,16587.02,4,3,7.4,3,0,0,1
PO000581,V0093,SERVICE,DE,0.917,6.8,1.72,8,16666.0,5,1,6.8,4,0,0,1
PO000582,V0044,FINISH,IN,0.629,20.6,1.39,15,19552.95,6,4,21.0,3,0,0,0
PO000583,V0070,FINISH,US,0.901,21.3,4.09,15,22877.06,1,5,19.9,4,0,0,1
PO000584,V0100,FINISH,US,0.802,15.8,2.59,19,23806.8,2,4,15.6,5,1,0,1
PO000585,V0044,FINISH,IN,0.629,20.6,1.39,15,10309.68,4,4,22.8,4,0,0,0
PO000586,V0008,RAW,DE,0.897,12.8,2.43,12,30021.59,5,5,15.9,1,0,1,1
PO000587,V0044,FINISH,IN,0.629,20.6,1.39,15,14427.55,6,4,21.1,6,0,0,1
PO000588,V0072,RAW,CN,0.817,8.0,1.06,13,4983.5,3,4,7.9,1,0,0,1
PO000589,V0095,FINISH,US,0.879,19.0,4.51,14,3485.99,0,4,19.9,1,0,0,1
PO000590,V0050,RAW,IN,0.638,7.8,3.79,16,26808.42,7,1,8.7,2,1,0,1
PO000591,V0026,RAW,DE,0.898,12.1,4.59,17,5718.46,4,3,15.0,4,0,0,1
PO000592,V0068,RAW,DE,0.98,7.4,4.46,20,28511.99,8,1,8.3,0,1,0,0
PO000593,V0049,RAW,US,0.878,7.5,2.28,20,22934.19,7,1,3.6,2,0,0,1
PO000594,V0092,FINISH,US,0.855,24.6,3.38,15,1764.85,4,4,24.3,5,0,0,1
PO000595,V0028,RAW,CN,0.649,12.0,1.95,13,2829.53,1,4,11.0,4,0,0,0
PO000596,V0015,FINISH,MX,0.872,25.3,1.75,21,3030.26,3,5,24.3,5,0,1,1
PO000597,V0017,FINISH,IN,0.701,19.8,1.89,10,71239.04,6,4,17.9,0,0,0,0
PO000598,V0001,SERVICE,DE,0.945,3.6,1.62,16,6005.12,3,1,5.6,6,0,0,0
PO000599,V0092,FINISH,US,0.855,24.6,3.38,15,19093.13,5,4,21.6,2,0,0,0
PO000600,V0010,RAW,IN,0.761,9.5,1.46,20,5638.13,7,2,8.3,6,1,0,1
PO000601,V0044,FINISH,IN,0.629,20.6,1.39,15,1450.3,4,5,21.5,6,0,1,1
PO000602,V0008,RAW,DE,0.897,12.8,2.43,12,7251.33,3,1,9.8,0,0,0,1
PO000603,V0031,PACK,CN,0.783,6.4,1.1,17,11489.07,10,2,4.2,3,0,0,1
PO000604,V0086,RAW,US,0.712,8.7,1.64,11,3149.25,6,3,4.0,3,0,0,1
PO000605,V0019,RAW,DE,0.886,7.4,2.11,21,28639.1,8,4,9.7,2,0,0,1
PO000606,V0078,RAW,US,0.9,7.8,2.84,11,2370.77,3,1,7.8,6,0,0,1
PO000607,V0076,RAW,US,0.841,8.0,3.56,11,16935.75,8,2,10.7,3,1,0,0
PO000608,V0094,FINISH,CN,0.66,16.0,4.18,11,3870.64,3,3,19.1,0,0,0,1
PO000609,V0047,PACK,US,0.861,6.9,3.57,14,34629.24,3,1,6.8,4,0,1,1
PO000610,V0094,FINISH,CN,0.66,16.0,4.18,11,2701.65,2,3,14.5,5,0,0,1
PO000611,V0099,FINISH,US,0.857,24.7,4.51,13,7295.63,4,4,25.2,1,0,0,0
PO000612,V0044,FINISH,IN,0.629,20.6,1.39,15,2699.15,5,4,20.5,2,0,0,0
PO000613,V0071,PACK,CN,0.695,5.7,1.12,18,4998.4,3,2,5.9,1,0,0,1
PO000614,V0088,FINISH,MX,0.697,25.4,2.03,11,3301.61,5,4,22.8,2,0,0,1
PO000615,V0018,RAW,MX,0.757,10.6,3.81,25,3984.9,5,4,10.6,6,0,0,1
PO000616,V0021,FINISH,US,0.98,22.9,3.14,9,7554.39,3,3,24.0,4,0,0,1
PO000617,V0092,FINISH,US,0.855,24.6,3.38,15,5826.51,10,3,21.5,4,0,0,1
PO000618,V0047,PACK,US,0.861,6.9,3.57,14,13244.06,5,1,8.5,0,0,0,1
PO000619,V0004,FINISH,DE,0.824,16.8,3.06,16,1887.68,5,5,16.0,0,1,0,1
PO000620,V0004,FINISH,DE,0.824,16.8,3.06,16,14895.58,4,3,17.4,5,0,0,1
PO000621,V0006,SERVICE,US,0.821,4.0,3.65,13,17886.36,6,2,7.0,4,1,1,1
PO000622,V0013,PACK,CN,0.729,6.6,3.03,21,4238.31,3,3,8.6,2,0,0,1
PO000623,V0079,FINISH,CN,0.65,26.2,4.68,7,5629.75,8,3,28.2,6,0,0,0
PO000624,V0042,FINISH,CN,0.807,23.2,2.12,16,12017.5,4,4,24.7,0,0,0,1
PO000625,V0085,RAW,DE,0.792,11.5,3.28,16,55851.78,2,2,12.5,4,1,0,0
PO000626,V0100,FINISH,US,0.802,15.8,2.59,19,23163.85,5,4,14.2,2,0,0,1
PO000627,V0044,FINISH,IN,0.629,20.6,1.39,15,36032.01,4,4,21.3,0,0,0,0
PO000628,V0079,FINISH,CN,0.65,26.2,4.68,7,41001.27,3,5,27.9,0,1,0,1
PO000629,V0083,RAW,US,0.785,7.8,4.56,16,6194.12,5,2,8.1,6,0,0,1
PO000630,V0071,PACK,CN,0.695,5.7,1.12,18,2568.71,2,2,5.8,3,0,0,1
PO000631,V0022,RAW,DE,0.74,7.3,3.36,17,1032.13,8,4,3.6,1,0,0,0
PO000632,V0046,FINISH,CN,0.577,23.2,1.65,8,17217.18,7,5,22.9,6,0,0,1
PO000633,V0029,FINISH,CN,0.802,15.3,2.47,12,3296.23,7,5,15.9,0,0,0,1
PO000634,V0005,RAW,CN,0.66,11.8,2.76,10,7040.05,1,3,11.0,0,0,0,0
PO000635,V0085,RAW,DE,0.792,11.5,3.28,16,6026.55,6,2,10.5,2,0,0,1
PO000636,V0060,FINISH,US,0.834,24.4,3.33,25,24701.57,2,4,23.7,6,0,0,1
PO000637,V0059,PACK,IN,0.786,5.6,2.97,7,11994.73,10,3,2.4,0,0,0,0
PO000638,V0043,RAW,DE,0.98,7.1,1.46,6,46196.56,4,1,8.7,3,0,0,1
PO000639,V0095,FINISH,US,0.879,19.0,4.51,14,15563.13,6,3,17.8,2,0,0,0
PO000640,V0078,RAW,US,0.9,7.8,2.84,11,7923.9,4,2,8.1,1,0,0,1
PO000641,V0062,FINISH,DE,0.881,22.2,4.6,6,3745.01,3,4,20.5,1,0,0,0
PO000642,V0034,SERVICE,CN,0.595,3.6,3.07,20,25888.87,0,2,3.2,2,0,0,0
PO000643,V0047,PACK,US,0.861,6.9,3.57,14,13114.17,7,2,7.8,3,0,0,1
PO000644,V0076,RAW,US,0.841,8.0,3.56,11,43472.94,0,3,8.0,6,1,0,1
PO000645,V0024,RAW,DE,0.927,13.5,4.51,12,148959.74,8,4,15.2,0,0,0,1
PO000646,V0006,SERVICE,US,0.821,4.0,3.65,13,8016.37,9,1,3.3,1,0,0,1
PO000647,V0023,RAW,CN,0.614,11.8,2.55,22,3318.83,4,2,13.9,0,0,0,1
PO000648,V0080,FINISH,IN,0.721,16.6,1.84,13,12041.1,6,5,16.7,6,1,0,0
PO000649,V0048,PACK,MX,0.846,9.8,4.62,11,26211.48,12,3,9.9,0,0,0,1
PO000650,V0076,RAW,US,0.841,8.0,3.56,11,3607.72,2,3,8.0,4,0,0,1
PO000651,V0022,RAW,DE,0.74,7.3,3.36,17,3626.4,9,3,4.3,2,0,0,1
PO000652,V0081,PACK,CN,0.884,5.2,2.01,15,5415.37,6,3,5.2,0,0,0,1
PO000653,V0070,FINISH,US,0.901,21.3,4.09,15,4753.45,9,4,25.3,6,0,0,1
PO000654,V0058,SERVICE,US,0.874,4.5,2.48,13,5545.27,6,2,5.1,0,1,0,1
PO000655,V0014,FINISH,DE,0.85,17.2,1.31,12,41715.65,3,3,18.0,2,0,0,1
PO000656,V0082,PACK,US,0.825,7.7,1.97,12,18143.92,9,3,5.6,6,1,1,0
PO000657,V0027,FINISH,US,0.879,14.1,1.64,15,8001.96,4,4,13.2,5,0,0,1
PO000658,V0076,RAW,US,0.841,8.0,3.56,11,6007.27,5,4,4.9,1,0,0,1
PO000659,V0056,PACK,US,0.729,7.2,4.55,13,6982.82,8,2,8.3,0,0,0,1
PO000660,V0054,RAW,MX,0.782,9.2,4.8,24,566.69,3,3,7.3,5,0,0,1
PO000661,V0053,SERVICE,US,0.98,4.3,4.58,14,828.33,4,1,3.2,5,0,0,1
PO000662,V0090,RAW,CN,0.774,7.8,3.44,12,7227.08,10,4,9.5,5,0,0,0
PO000663,V0051,FINISH,CN,0.637,24.5,4.23,13,5572.02,6,3,23.4,6,0,0,0
PO000664,V0088,FINISH,MX,0.697,25.4,2.03,11,2273.2,7,4,23.9,5,0,0,0
PO000665,V0037,RAW,DE,0.831,10.3,3.17,12,4455.11,3,4,10.5,5,0,0,1
PO000666,V0098,FINISH,US,0.629,22.7,3.13,10,26435.94,5,5,21.2,6,0,0,0
PO000667,V0087,FINISH,US,0.855,19.7,4.93,9,16429.42,5,4,19.3,2,0,0,1
PO000668,V0044,FINISH,IN,0.629,20.6,1.39,15,3350.03,1,4,18.4,1,0,0,0
PO000669,V0047,PACK,US,0.861,6.9,3.57,14,39303.34,6,3,9.7,6,0,0,1
PO000670,V0033,RAW,IN,0.721,13.6,3.78,16,39204.18,2,1,14.9,1,0,0,1
PO000671,V0022,RAW,DE,0.74,7.3,3.36,17,23094.39,2,2,9.2,2,0,0,1
PO000672,V0040,SERVICE,CN,0.742,5.1,2.29,19,2201.96,5,1,2.7,1,0,0,1
PO000673,V0009,FINISH,US,0.782,14.1,4.26,17,14869.21,5,5,12.9,0,0,1,0
PO000674,V0027,FINISH,US,0.879,14.1,1.64,15,14103.63,4,4,15.7,0,0,1,0
PO000675,V0003,PACK,DE,0.708,8.1,1.56,12,40320.39,10,4,7.5,4,0,0,0
PO000676,V0066,PACK,CN,0.769,9.7,4.46,6,1804.05,10,4,10.8,2,0,0,0
PO000677,V0067,FINISH,DE,0.709,27.6,4.37,19,1297.78,4,4,26.3,0,0,0,0
PO000678,V0070,FINISH,US,0.901,21.3,4.09,15,2170.83,5,4,24.0,4,0,0,1
PO000679,V0014,FINISH,DE,0.85,17.2,1.31,12,2382.9,1,3,12.5,3,0,0,1
PO000680,V0078,RAW,US,0.9,7.8,2.84,11,9623.8,3,1,6.3,4,0,1,1
PO000681,V0011,RAW,DE,0.769,12.1,3.55,21,3573.24,4,2,8.0,4,1,0,1
PO000682,V0100,FINISH,US,0.802,15.8,2.59,19,24986.69,6,3,15.8,4,0,0,1
PO000683,V0012,FINISH,US,0.73,24.7,3.25,18,58882.47,4,4,24.3,3,0,0,0
PO000684,V0054,RAW,MX,0.782,9.2,4.8,24,6409.07,4,1,11.0,3,0,0,0
PO000685,V0016,FINISH,IN,0.733,18.5,1.44,12,9514.26,8,5,20.0,3,0,0,0
PO000686,V0019,RAW,DE,0.886,7.4,2.11,21,113739.82,9,1,6.4,6,1,0,1
PO000687,V0017,FINISH,IN,0.701,19.8,1.89,10,47088.85,5,3,20.7,5,0,0,0
PO000688,V0078,RAW,US,0.9,7.8,2.84,11,44482.13,6,3,6.4,1,0,1,0
PO000689,V0087,FINISH,US,0.855,19.7,4.93,9,130765.92,6,5,17.8,6,0,0,1
PO000690,V0002,SERVICE,US,0.98,6.3,1.85,11,22168.0,3,2,2.9,4,1,0,1
PO000691,V0064,RAW,CN,0.639,13.8,4.94,17,5372.06,5,1,16.2,1,0,0,0
PO000692,V0046,FINISH,CN,0.577,23.2,1.65,8,655.3,6,4,25.0,4,0,0,0
PO000693,V0077,PACK,IN,0.601,6.0,1.16,11,17485.74,5,3,4.6,1,0,0,0
PO000694,V0086,RAW,US,0.712,8.7,1.64,11,18938.38,4,1,11.9,2,0,0,0
PO000695,V0027,FINISH,US,0.879,14.1,1.64,15,17892.1,7,5,15.7,0,0,0,0
PO000696,V0016,FINISH,IN,0.733,18.5,1.44,12,2440.91,3,4,18.3,2,0,0,1
PO000697,V0085,RAW,DE,0.792,11.5,3.28,16,47016.44,7,1,14.7,3,0,0,1
PO000698,V0039,RAW,IN,0.627,7.4,3.13,15,1778.18,4,2,5.4,2,1,1,0
PO000699,V0047,PACK,US,0.861,6.9,3.57,14,4385.67,7,2,5.5,2,0,0,1
PO000700,V0066,PACK,CN,0.769,9.7,4.46,6,2302.55,9,3,9.0,5,1,0,0
PO000701,V0054,RAW,MX,0.782,9.2,4.8,24,15032.77,4,4,6.5,1,1,0,0
PO000702,V0014,FINISH,DE,0.85,17.2,1.31,12,1223.7,8,3,17.1,3,0,0,0
PO000703,V0022,RAW,DE,0.74,7.3,3.36,17,169987.06,3,2,6.8,0,0,0,0
PO000704,V0008,RAW,DE,0.897,12.8,2.43,12,2283.13,8,2,13.6,0,0,0,1
PO000705,V0008,RAW,DE,0.897,12.8,2.43,12,1364.41,3,3,13.4,1,0,0,1
PO000706,V0024,RAW,DE,0.927,13.5,4.51,12,317.61,4,3,13.3,4,0,0,1
PO000707,V0079,FINISH,CN,0.65,26.2,4.68,7,30926.27,9,4,28.8,0,0,1,0
PO000708,V0015,FINISH,MX,0.872,25.3,1.75,21,9041.48,5,4,29.5,0,0,0,0
PO000709,V0052,SERVICE,DE,0.824,6.4,2.72,18,4130.29,5,1,3.3,4,0,0,0
PO000710,V0035,FINISH,CN,0.582,25.3,4.24,15,3879.51,2,4,24.8,2,0,0,1
PO000711,V0018,RAW,MX,0.757,10.6,3.81,25,10571.12,2,4,9.0,1,0,0,0
PO000712,V0056,PACK,US,0.729,7.2,4.55,13,11871.77,5,1,7.6,0,0,1,1
PO000713,V0084,PACK,IN,0.592,5.4,3.15,16,98059.83,3,3,8.7,0,1,0,0
PO000714,V0025,PACK,IN,0.539,5.5,4.59,21,23619.44,2,3,6.8,1,0,0,0
PO000715,V0016,FINISH,IN,0.733,18.5,1.44,12,26197.44,5,4,22.7,3,1,0,1
PO000716,V0073,PACK,DE,0.853,7.6,4.13,14,29708.87,7,4,2.0,5,0,1,1
PO000717,V0035,FINISH,CN,0.582,25.3,4.24,15,5530.31,3,4,22.7,2,1,0,0
PO000718,V0043,RAW,DE,0.98,7.1,1.46,6,14395.83,13,1,8.6,4,0,0,1
PO000719,V0079,FINISH,CN,0.65,26.2,4.68,7,3129.3,8,4,24.3,0,0,0,0
PO000720,V0044,FINISH,IN,0.629,20.6,1.39,15,2549.98,1,3,24.7,4,0,0,0
PO000721,V0036,FINISH,IN,0.606,23.8,4.18,21,4336.56,3,3,24.7,5,0,0,1
PO000722,V0056,PACK,US,0.729,7.2,4.55,13,4260.1,5,5,6.9,6,0,0,0
PO000723,V0090,RAW,CN,0.774,7.8,3.44,12,4444.97,5,1,10.0,3,0,0,1
PO000724,V0058,SERVICE,US,0.874,4.5,2.48,13,57071.33,6,2,5.4,6,0,0,0
PO000725,V0012,FINISH,US,0.73,24.7,3.25,18,6918.06,8,5,23.9,1,0,0,0
PO000726,V0098,FINISH,US,0.629,22.7,3.13,10,40359.85,4,5,22.3,6,0,0,1
PO000727,V0021,FINISH,US,0.98,22.9,3.14,9,59728.84,4,4,24.2,4,0,0,1
PO000728,V0094,FINISH,CN,0.66,16.0,4.18,11,13672.44,8,5,15.2,6,0,0,0
PO000729,V0003,PACK,DE,0.708,8.1,1.56,12,36924.37,6,2,7.0,5,1,0,0
PO000730,V0021,FINISH,US,0.98,22.9,3.14,9,8643.48,4,3,25.1,0,0,0,1
PO000731,V0002,SERVICE,US,0.98,6.3,1.85,11,24343.12,2,2,7.1,0,1,0,1
PO000732,V0005,RAW,CN,0.66,11.8,2.76,10,100431.81,5,2,10.2,5,1,1,1
PO000733,V0044,FINISH,IN,0.629,20.6,1.39,15,4741.12,5,5,19.8,3,0,1,1
PO000734,V0024,RAW,DE,0.927,13.5,4.51,12,15512.97,3,2,15.0,6,1,1,1
PO000735,V0094,FINISH,CN,0.66,16.0,4.18,11,13895.5,4,3,17.1,6,1,0,0
PO000736,V0014,FINISH,DE,0.85,17.2,1.31,12,696.76,12,5,21.6,0,0,0,0
PO000737,V0098,FINISH,US,0.629,22.7,3.13,10,2173.83,3,3,23.2,1,0,0,0
PO000738,V0033,RAW,IN,0.721,13.6,3.78,16,9301.49,6,1,14.0,3,0,0,1
PO000739,V0019,RAW,DE,0.886,7.4,2.11,21,20978.5,2,4,5.9,0,0,0,1
PO000740,V0084,PACK,IN,0.592,5.4,3.15,16,11768.93,4,1,7.5,6,1,0,1
PO000741,V0057,FINISH,US,0.768,15.2,3.8,17,25050.45,5,4,16.7,1,0,0,1
PO000742,V0009,FINISH,US,0.782,14.1,4.26,17,5171.56,4,5,16.3,2,0,0,0
PO000743,V0062,FINISH,DE,0.881,22.2,4.6,6,13169.94,4,5,23.6,2,0,0,0
PO000744,V0012,FINISH,US,0.73,24.7,3.25,18,2133.48,6,3,25.7,6,0,1,0
PO000745,V0100,FINISH,US,0.802,15.8,2.59,19,20863.17,1,5,12.1,6,0,0,1
PO000746,V0063,FINISH,MX,0.98,17.9,1.75,15,1215.46,4,3,17.9,0,0,0,1
PO000747,V0092,FINISH,US,0.855,24.6,3.38,15,19727.08,3,4,23.7,1,0,0,1
PO000748,V0099,FINISH,US,0.857,24.7,4.51,13,216813.53,3,4,24.5,5,0,0,1
PO000749,V0100,FINISH,US,0.802,15.8,2.59,19,3683.8,7,4,16.0,2,0,0,1
PO000750,V0009,FINISH,US,0.782,14.1,4.26,17,38368.0,5,3,14.7,5,0,0,1
PO000751,V0084,PACK,IN,0.592,5.4,3.15,16,2968.74,5,2,2.2,2,0,0,0
PO000752,V0054,RAW,MX,0.782,9.2,4.8,24,25372.97,4,2,10.1,6,0,0,1
PO000753,V0076,RAW,US,0.841,8.0,3.56,11,7823.83,6,2,8.7,3,0,0,1
PO000754,V0010,RAW,IN,0.761,9.5,1.46,20,6796.91,2,1,7.6,5,0,0,1
PO000755,V0023,RAW,CN,0.614,11.8,2.55,22,2654.68,3,3,13.5,3,0,0,1
PO000756,V0059,PACK,IN,0.786,5.6,2.97,7,6070.49,4,1,5.8,2,0,0,1
PO000757,V0048,PACK,MX,0.846,9.8,4.62,11,7227.59,5,2,9.4,2,0,0,0
PO000758,V0056,PACK,US,0.729,7.2,4.55,13,13795.92,4,5,8.0,4,0,0,1
PO000759,V0088,FINISH,MX,0.697,25.4,2.03,11,3303.96,4,3,26.4,3,0,0,1
PO000760,V0024,RAW,DE,0.927,13.5,4.51,12,7853.01,4,3,14.2,1,1,0,1
PO000761,V0060,FINISH,US,0.834,24.4,3.33,25,1686.36,6,3,24.5,0,0,0,1
PO000762,V0085,RAW,DE,0.792,11.5,3.28,16,2477.42,8,1,11.5,3,0,0,1
PO000763,V0006,SERVICE,US,0.821,4.0,3.65,13,2963.68,7,1,6.1,6,0,0,1
PO000764,V0069,RAW,DE,0.892,8.6,3.69,16,6710.83,4,2,7.4,2,0,0,0
PO000765,V0011,RAW,DE,0.769,12.1,3.55,21,27941.06,2,2,15.5,1,1,0,1
PO000766,V0035,FINISH,CN,0.582,25.3,4.24,15,2376.73,5,5,27.5,6,0,0,0
PO000767,V0025,PACK,IN,0.539,5.5,4.59,21,9574.42,3,5,2.4,5,0,0,0
PO000768,V0052,SERVICE,DE,0.824,6.4,2.72,18,7239.56,7,2,6.8,0,1,0,1
PO000769,V0005,RAW,CN,0.66,11.8,2.76,10,4888.1,5,1,8.3,4,1,1,0
PO000770,V0082,PACK,US,0.825,7.7,1.97,12,7214.7,9,2,11.4,0,0,0,1
PO000771,V0038,RAW,US,0.858,12.8,2.44,10,9537.89,3,4,16.7,5,0,0,1
PO000772,V0074,SERVICE,IN,0.772,3.6,4.71,15,5110.14,8,1,1.0,5,0,0,1
PO000773,V0014,FINISH,DE,0.85,17.2,1.31,12,6633.07,3,4,17.6,4,0,1,1
PO000774,V0082,PACK,US,0.825,7.7,1.97,12,15604.08,7,1,5.7,3,0,0,0
PO000775,V0092,FINISH,US,0.855,24.6,3.38,15,32073.47,4,5,27.6,3,0,0,1
PO000776,V0092,FINISH,US,0.855,24.6,3.38,15,5549.62,9,5,23.4,6,0,0,1
PO000777,V0081,PACK,CN,0.884,5.2,2.01,15,5676.09,1,4,2.9,5,0,0,1
PO000778,V0036,FINISH,IN,0.606,23.8,4.18,21,12561.67,5,3,25.3,3,0,0,0
PO000779,V0091,PACK,US,0.785,6.7,1.54,13,33939.48,7,3,6.6,2,0,0,0
PO000780,V0087,FINISH,US,0.855,19.7,4.93,9,6393.88,7,5,19.4,4,0,0,1
PO000781,V0004,FINISH,DE,0.824,16.8,3.06,16,2053.57,4,3,11.0,6,0,0,0
PO000782,V0086,RAW,US,0.712,8.7,1.64,11,10884.91,7,2,10.0,3,0,0,1
PO000783,V0008,RAW,DE,0.897,12.8,2.43,12,15993.26,7,4,15.0,6,0,0,1
PO000784,V0032,SERVICE,MX,0.694,6.7,2.48,12,6128.16,3,1,2.5,1,0,0,1
PO000785,V0091,PACK,US,0.785,6.7,1.54,13,1368.03,8,2,9.7,1,0,1,0
PO000786,V0008,RAW,DE,0.897,12.8,2.43,12,17032.86,6,3,12.2,6,0,0,1
PO000787,V0010,RAW,IN,0.761,9.5,1.46,20,4692.84,8,3,9.4,6,0,0,1
PO000788,V0006,SERVICE,US,0.821,4.0,3.65,13,3355.63,4,2,6.3,3,0,0,1
PO000789,V0010,RAW,IN,0.761,9.5,1.46,20,3455.89,2,2,10.9,1,0,0,1
PO000790,V0019,RAW,DE,0.886,7.4,2.11,21,2049.09,3,3,6.8,4,0,0,0
PO000791,V0067,FINISH,DE,0.709,27.6,4.37,19,7894.49,3,4,23.2,6,0,0,1
PO000792,V0042,FINISH,CN,0.807,23.2,2.12,16,1470.64,3,4,24.3,4,0,0,0
PO000793,V0090,RAW,CN,0.774,7.8,3.44,12,3286.5,6,3,5.5,1,0,0,0
PO000794,V0005,RAW,CN,0.66,11.8,2.76,10,9362.15,4,2,9.2,0,0,1,1
PO000795,V0093,SERVICE,DE,0.917,6.8,1.72,8,22067.03,1,1,5.8,2,0,0,1
PO000796,V0090,RAW,CN,0.774,7.8,3.44,12,6643.26,7,3,8.5,3,0,0,1
PO000797,V0095,FINISH,US,0.879,19.0,4.51,14,14880.87,2,4,23.0,4,0,0,1
PO000798,V0021,FINISH,US,0.98,22.9,3.14,9,29148.61,3,5,24.3,6,0,1,0
PO000799,V0089,PACK,MX,0.613,8.8,1.75,13,7255.9,5,2,7.9,6,0,0,1
PO000800,V0013,PACK,CN,0.729,6.6,3.03,21,19510.21,3,1,7.2,5,0,0,1
PO000801,V0051,FINISH,CN,0.637,24.5,4.23,13,11366.7,8,3,24.1,6,1,0,0
PO000802,V0065,FINISH,DE,0.79,26.8,4.29,23,1601.11,2,3,26.6,2,0,0,0
PO000803,V0008,RAW,DE,0.897,12.8,2.43,12,6986.16,3,4,15.6,5,0,1,1
PO000804,V0091,PACK,US,0.785,6.7,1.54,13,14914.38,2,3,9.2,1,0,0,1
PO000805,V0059,PACK,IN,0.786,5.6,2.97,7,19837.17,6,3,4.5,6,0,0,1
PO000806,V0051,FINISH,CN,0.637,24.5,4.23,13,6693.84,7,3,24.7,1,1,0,0
PO000807,V0072,RAW,CN,0.817,8.0,1.06,13,47828.55,7,4,7.2,1,0,0,1
PO000808,V0012,FINISH,US,0.73,24.7,3.25,18,10234.16,5,5,23.4,4,0,0,1
PO000809,V0061,FINISH,US,0.872,15.0,3.22,16,91618.15,7,5,12.4,4,1,1,0
PO000810,V0039,RAW,IN,0.627,7.4,3.13,15,34073.12,6,3,4.0,0,0,0,1
PO000811,V0078,RAW,US,0.9,7.8,2.84,11,3355.34,9,1,4.4,3,0,1,0
PO000812,V0087,FINISH,US,0.855,19.7,4.93,9,39982.16,7,4,19.5,6,0,0,1
PO000813,V0024,RAW,DE,0.927,13.5,4.51,12,4572.52,5,3,16.5,5,0,0,1
PO000814,V0077,PACK,IN,0.601,6.0,1.16,11,10035.58,5,3,4.7,5,0,1,0
PO000815,V0075,SERVICE,DE,0.673,5.5,1.96,8,4052.61,6,2,9.0,1,0,0,1
PO000816,V0052,SERVICE,DE,0.824,6.4,2.72,18,7123.44,6,1,6.9,6,0,1,1
PO000817,V0064,RAW,CN,0.639,13.8,4.94,17,5339.94,6,2,15.2,3,0,0,0
PO000818,V0029,FINISH,CN,0.802,15.3,2.47,12,4884.68,9,3,14.3,1,0,0,0
PO000819,V0048,PACK,MX,0.846,9.8,4.62,11,5208.35,6,2,10.3,2,0,0,0
PO000820,V0005,RAW,CN,0.66,11.8,2.76,10,63765.86,6,2,11.1,2,0,0,1
PO000821,V0019,RAW,DE,0.886,7.4,2.11,21,28577.74,2,2,7.0,6,0,1,1
PO000822,V0071,PACK,CN,0.695,5.7,1.12,18,6017.67,6,2,4.9,5,0,1,0
PO000823,V0095,FINISH,US,0.879,19.0,4.51,14,33840.3,4,5,21.8,1,0,0,0
PO000824,V0004,FINISH,DE,0.824,16.8,3.06,16,2168.05,8,3,14.8,0,0,0,1
PO000825,V0021,FINISH,US,0.98,22.9,3.14,9,12097.55,2,5,22.5,1,0,0,0
PO000826,V0031,PACK,CN,0.783,6.4,1.1,17,1042.03,1,1,6.3,4,0,0,1
PO000827,V0087,FINISH,US,0.855,19.7,4.93,9,1066.56,3,4,15.0,3,0,0,0
PO000828,V0001,SERVICE,DE,0.945,3.6,1.62,16,8290.62,4,2,5.1,4,0,0,1
PO000829,V0057,FINISH,US,0.768,15.2,3.8,17,455.96,4,4,15.2,4,0,0,0
PO000830,V0060,FINISH,US,0.834,24.4,3.33,25,7459.98,3,5,26.8,6,0,0,0
PO000831,V0057,FINISH,US,0.768,15.2,3.8,17,951.16,3,3,12.3,5,0,0,0
PO000832,V0021,FINISH,US,0.98,22.9,3.14,9,11948.72,3,3,23.3,5,0,0,0
PO000833,V0020,PACK,US,0.98,9.9,1.97,17,7439.48,9,2,9.8,1,1,0,1
PO000834,V0077,PACK,IN,0.601,6.0,1.16,11,2775.0,5,1,8.9,2,0,0,0
PO000835,V0053,SERVICE,US,0.98,4.3,4.58,14,12636.83,3,1,3.2,1,0,0,1
PO000836,V0029,FINISH,CN,0.802,15.3,2.47,12,2437.65,5,3,14.4,6,0,0,1
PO000837,V0048,PACK,MX,0.846,9.8,4.62,11,9207.68,9,3,12.1,4,0,0,0
PO000838,V0017,FINISH,IN,0.701,19.8,1.89,10,5772.73,4,5,16.7,5,0,0,0
PO000839,V0062,FINISH,DE,0.881,22.2,4.6,6,14671.26,8,5,25.7,5,0,0,0
PO000840,V0011,RAW,DE,0.769,12.1,3.55,21,3433.11,6,3,9.4,5,0,0,0
PO000841,V0023,RAW,CN,0.614,11.8,2.55,22,51701.55,6,2,11.0,6,1,1,1
PO000842,V0013,PACK,CN,0.729,6.6,3.03,21,5198.78,9,4,6.9,5,0,0,1
PO000843,V0008,RAW,DE,0.897,12.8,2.43,12,10614.13,7,4,14.7,6,0,0,1
PO000844,V0013,PACK,CN,0.729,6.6,3.03,21,605.73,4,4,7.6,5,0,0,0
PO000845,V0024,RAW,DE,0.927,13.5,4.51,12,44201.92,10,1,16.3,1,0,0,1
PO000846,V0004,FINISH,DE,0.824,16.8,3.06,16,680.05,2,4,17.5,4,0,0,1
PO000847,V0060,FINISH,US,0.834,24.4,3.33,25,12580.8,7,4,23.0,4,0,0,0
PO000848,V0058,SERVICE,US,0.874,4.5,2.48,13,12153.73,3,2,5.4,1,0,0,1
PO000849,V0056,PACK,US,0.729,7.2,4.55,13,6318.4,3,2,4.0,6,0,0,1
PO000850,V0031,PACK,CN,0.783,6.4,1.1,17,2774.15,6,2,5.3,6,0,1,0
PO000851,V0082,PACK,US,0.825,7.7,1.97,12,15061.07,10,4,9.5,0,0,0,0
PO000852,V0066,PACK,CN,0.769,9.7,4.46,6,51588.63,6,1,8.8,0,0,0,1
PO000853,V0008,RAW,DE,0.897,12.8,2.43,12,1004.95,4,1,15.7,4,0,0,0
PO000854,V0025,PACK,IN,0.539,5.5,4.59,21,3824.08,9,4,7.0,3,0,0,0
PO000855,V0009,FINISH,US,0.782,14.1,4.26,17,10185.89,3,4,12.8,1,0,0,0
PO000856,V0096,PACK,DE,0.98,7.3,2.21,18,871.36,8,1,7.1,3,0,0,1
PO000857,V0039,RAW,IN,0.627,7.4,3.13,15,18928.96,5,4,10.4,0,0,0,1
PO000858,V0060,FINISH,US,0.834,24.4,3.33,25,1517.46,2,3,28.0,4,0,0,0
PO000859,V0003,PACK,DE,0.708,8.1,1.56,12,23829.64,4,4,12.1,0,0,1,1
PO000860,V0077,PACK,IN,0.601,6.0,1.16,11,8933.31,4,1,8.5,1,0,0,1
PO000861,V0053,SERVICE,US,0.98,4.3,4.58,14,40327.93,7,1,5.8,1,0,0,1
PO000862,V0034,SERVICE,CN,0.595,3.6,3.07,20,6332.91,12,2,1.7,1,0,0,1
PO000863,V0088,FINISH,MX,0.697,25.4,2.03,11,1437.52,5,5,26.2,1,0,0,1
PO000864,V0045,PACK,US,0.98,8.2,1.18,13,3005.06,5,5,9.4,3,1,0,1
PO000865,V0073,PACK,DE,0.853,7.6,4.13,14,66267.08,4,2,6.2,0,0,0,1
PO000866,V0033,RAW,IN,0.721,13.6,3.78,16,19796.97,2,2,14.5,0,1,0,1
PO000867,V0050,RAW,IN,0.638,7.8,3.79,16,3933.77,6,3,7.4,5,0,0,0
PO000868,V0037,RAW,DE,0.831,10.3,3.17,12,30234.61,3,1,12.7,0,1,0,0
PO000869,V0004,FINISH,DE,0.824,16.8,3.06,16,13203.24,4,5,15.9,2,0,0,1
PO000870,V0031,PACK,CN,0.783,6.4,1.1,17,11057.17,6,1,8.2,3,0,0,1
PO000871,V0082,PACK,US,0.825,7.7,1.97,12,1298.16,5,1,5.5,1,0,1,1
PO000872,V0068,RAW,DE,0.98,7.4,4.46,20,16082.16,3,3,7.0,0,0,0,1
PO000873,V0029,FINISH,CN,0.802,15.3,2.47,12,8317.11,1,5,13.6,2,0,0,1
PO000874,V0030,PACK,MX,0.97,9.5,3.52,19,2207.11,8,1,10.7,5,1,1,1
PO000875,V0047,PACK,US,0.861,6.9,3.57,14,80246.75,3,1,8.7,3,1,0,1
PO000876,V0087,FINISH,US,0.855,19.7,4.93,9,18877.38,8,4,19.9,2,0,0,0
PO000877,V0067,FINISH,DE,0.709,27.6,4.37,19,79577.15,5,4,27.5,2,1,1,0
PO000878,V0008,RAW,DE,0.897,12.8,2.43,12,2129.21,4,1,9.2,2,0,0,0
PO000879,V0025,PACK,IN,0.539,5.5,4.59,21,12873.98,7,5,2.9,2,0,0,1
PO000880,V0098,FINISH,US,0.629,22.7,3.13,10,13502.76,5,5,22.1,1,0,0,1
PO000881,V0073,PACK,DE,0.853,7.6,4.13,14,13191.3,5,1,9.4,1,0,0,1
PO000882,V0020,PACK,US,0.98,9.9,1.97,17,8053.62,8,4,9.5,5,0,0,0
PO000883,V0035,FINISH,CN,0.582,25.3,4.24,15,8745.11,5,5,27.2,3,0,1,1
PO000884,V0090,RAW,CN,0.774,7.8,3.44,12,9970.75,6,3,7.7,4,1,0,1
PO000885,V0065,FINISH,DE,0.79,26.8,4.29,23,12431.09,3,4,26.3,0,0,0,0
PO000886,V0005,RAW,CN,0.66,11.8,2.76,10,86567.38,6,4,14.3,5,0,0,0
PO000887,V0047,PACK,US,0.861,6.9,3.57,14,1396.04,4,1,4.1,1,1,1,0
PO000888,V0012,FINISH,US,0.73,24.7,3.25,18,2192.48,4,3,25.4,4,0,0,1
PO000889,V0015,FINISH,MX,0.872,25.3,1.75,21,3940.66,6,3,21.9,1,0,0,1
PO000890,V0059,PACK,IN,0.786,5.6,2.97,7,2444.06,4,1,7.7,0,0,0,0
PO000891,V0022,RAW,DE,0.74,7.3,3.36,17,5424.94,3,3,7.2,5,0,0,0
PO000892,V0098,FINISH,US,0.629,22.7,3.13,10,19304.58,6,4,18.6,0,0,0,0
PO000893,V0016,FINISH,IN,0.733,18.5,1.44,12,9318.99,5,5,19.1,0,0,0,0
PO000894,V0055,PACK,CN,0.619,8.4,4.01,9,4036.24,3,3,3.4,6,0,1,1
PO000895,V0094,FINISH,CN,0.66,16.0,4.18,11,2038.65,5,4,14.5,2,0,1,0
PO000896,V0032,SERVICE,MX,0.694,6.7,2.48,12,4759.44,6,2,8.2,6,0,0,1
PO000897,V0054,RAW,MX,0.782,9.2,4.8,24,44215.69,9,3,11.3,1,0,0,1
PO000898,V0095,FINISH,US,0.879,19.0,4.51,14,5889.7,7,3,19.1,3,0,0,1
PO000899,V0003,PACK,DE,0.708,8.1,1.56,12,12439.03,4,3,9.4,0,0,0,1
PO000900,V0003,PACK,DE,0.708,8.1,1.56,12,33196.16,6,2,4.0,2,0,0,1
PO000901,V0010,RAW,IN,0.761,9.5,1.46,20,35505.28,6,1,10.1,6,0,0,1
PO000902,V0083,RAW,US,0.785,7.8,4.56,16,17823.38,2,1,6.8,3,0,0,0
PO000903,V0088,FINISH,MX,0.697,25.4,2.03,11,62572.5,3,3,26.5,0,0,0,1
PO000904,V0064,RAW,CN,0.639,13.8,4.94,17,10127.42,8,1,14.3,1,0,0,0
PO000905,V0029,FINISH,CN,0.802,15.3,2.47,12,7303.32,8,3,12.3,5,0,0,0
PO000906,V0006,SERVICE,US,0.821,4.0,3.65,13,28175.52,7,1,1.9,4,1,1,1
PO000907,V0045,PACK,US,0.98,8.2,1.18,13,3208.05,3,1,5.2,2,0,1,1
PO000908,V0091,PACK,US,0.785,6.7,1.54,13,1433.58,5,1,8.3,6,0,0,1
PO000909,V0090,RAW,CN,0.774,7.8,3.44,12,9360.35,9,3,6.1,2,0,1,1
PO000910,V0066,PACK,CN,0.769,9.7,4.46,6,19841.93,6,1,8.2,4,0,0,0
PO000911,V0070,FINISH,US,0.901,21.3,4.09,15,14059.38,4,4,23.3,3,0,0,1
PO000912,V0088,FINISH,MX,0.697,25.4,2.03,11,16629.07,5,4,22.8,6,0,0,1
PO000913,V0069,RAW,DE,0.892,8.6,3.69,16,55212.68,6,5,8.4,0,0,0,1
PO000914,V0049,RAW,US,0.878,7.5,2.28,20,15922.57,5,3,6.2,0,0,0,1
PO000915,V0056,PACK,US,0.729,7.2,4.55,13,10387.42,4,2,9.0,1,0,1,1
PO000916,V0046,FINISH,CN,0.577,23.2,1.65,8,1882.54,6,3,23.2,1,0,1,0
PO000917,V0068,RAW,DE,0.98,7.4,4.46,20,78632.54,6,4,5.1,4,0,0,1
PO000918,V0031,PACK,CN,0.783,6.4,1.1,17,3612.79,5,2,6.5,2,0,0,1
PO000919,V0081,PACK,CN,0.884,5.2,2.01,15,7169.08,5,3,5.8,6,1,0,0
PO000920,V0097,FINISH,US,0.933,26.7,3.5,16,89295.56,7,3,28.6,2,0,1,1
PO000921,V0031,PACK,CN,0.783,6.4,1.1,17,44313.75,7,1,2.3,1,0,0,0
PO000922,V0090,RAW,CN,0.774,7.8,3.44,12,1879.84,6,2,8.8,1,1,0,0
PO000923,V0093,SERVICE,DE,0.917,6.8,1.72,8,24595.2,4,1,9.5,6,0,0,1
PO000924,V0095,FINISH,US,0.879,19.0,4.51,14,36157.28,3,3,15.3,5,0,0,1
PO000925,V0047,PACK,US,0.861,6.9,3.57,14,6449.35,5,1,6.4,5,0,0,1
PO000926,V0079,FINISH,CN,0.65,26.2,4.68,7,5632.24,1,3,22.5,5,0,1,0
PO000927,V0018,RAW,MX,0.757,10.6,3.81,25,2314.17,6,3,11.1,0,0,0,0
PO000928,V0004,FINISH,DE,0.824,16.8,3.06,16,13954.82,2,5,17.8,3,1,0,1
PO000929,V0023,RAW,CN,0.614,11.8,2.55,22,3468.06,6,5,13.9,6,0,1,1
PO000930,V0067,FINISH,DE,0.709,27.6,4.37,19,4374.27,8,3,26.3,4,0,0,1
PO000931,V0019,RAW,DE,0.886,7.4,2.11,21,30065.76,6,1,2.7,4,0,1,1
PO000932,V0074,SERVICE,IN,0.772,3.6,4.71,15,839.1,6,2,2.6,0,0,0,0
PO000933,V0030,PACK,MX,0.97,9.5,3.52,19,2544.64,8,3,13.3,2,1,1,0
PO000934,V0063,FINISH,MX,0.98,17.9,1.75,15,19752.44,3,4,19.5,5,0,0,0
PO000935,V0058,SERVICE,US,0.874,4.5,2.48,13,2175.58,5,2,6.3,5,1,1,0
PO000936,V0006,SERVICE,US,0.821,4.0,3.65,13,11378.98,4,1,3.5,1,0,1,1
PO000937,V0084,PACK,IN,0.592,5.4,3.15,16,742.28,4,1,7.5,6,0,1,0
PO000938,V0010,RAW,IN,0.761,9.5,1.46,20,1610.31,8,4,9.0,6,0,0,1
PO000939,V0012,FINISH,US,0.73,24.7,3.25,18,28192.11,2,5,24.0,1,0,0,0
PO000940,V0072,RAW,CN,0.817,8.0,1.06,13,655.93,8,2,10.7,3,0,0,1
PO000941,V0038,RAW,US,0.858,12.8,2.44,10,2083.36,4,2,13.0,3,0,0,1
PO000942,V0094,FINISH,CN,0.66,16.0,4.18,11,733.21,6,3,13.4,1,0,0,1
PO000943,V0040,SERVICE,CN,0.742,5.1,2.29,19,15535.12,4,1,4.7,6,0,0,0
PO000944,V0065,FINISH,DE,0.79,26.8,4.29,23,14203.44,3,4,23.5,5,0,0,1
PO000945,V0019,RAW,DE,0.886,7.4,2.11,21,1951.4,5,2,8.7,6,1,0,0
PO000946,V0015,FINISH,MX,0.872,25.3,1.75,21,11832.76,6,3,24.1,4,0,0,1
PO000947,V0098,FINISH,US,0.629,22.7,3.13,10,10267.88,5,3,23.7,1,0,0,0
PO000948,V0054,RAW,MX,0.782,9.2,4.8,24,11546.47,5,2,11.1,5,0,0,1
PO000949,V0050,RAW,IN,0.638,7.8,3.79,16,32538.08,4,3,6.2,0,0,0,1
PO000950,V0088,FINISH,MX,0.697,25.4,2.03,11,2458.47,5,4,23.5,4,0,0,1
PO000951,V0078,RAW,US,0.9,7.8,2.84,11,3353.2,4,2,4.6,0,0,0,1
PO000952,V0057,FINISH,US,0.768,15.2,3.8,17,10139.56,9,4,17.8,4,0,0,0
PO000953,V0002,SERVICE,US,0.98,6.3,1.85,11,7605.4,6,1,8.3,0,1,0,0
PO000954,V0079,FINISH,CN,0.65,26.2,4.68,7,9171.81,8,4,23.8,4,1,0,0
PO000955,V0058,SERVICE,US,0.874,4.5,2.48,13,493.4,6,1,7.4,5,0,0,1
PO000956,V0028,RAW,CN,0.649,12.0,1.95,13,1381.39,7,3,10.3,3,0,0,1
PO000957,V0015,FINISH,MX,0.872,25.3,1.75,21,11471.08,4,4,25.5,5,0,0,1
PO000958,V0091,PACK,US,0.785,6.7,1.54,13,2067.52,3,2,3.5,3,0,0,1
PO000959,V0010,RAW,IN,0.761,9.5,1.46,20,566.16,6,1,8.5,1,0,0,1
PO000960,V0069,RAW,DE,0.892,8.6,3.69,16,15894.58,7,4,10.3,6,0,0,1
PO000961,V0021,FINISH,US,0.98,22.9,3.14,9,11417.34,9,4,22.7,1,0,0,0
PO000962,V0028,RAW,CN,0.649,12.0,1.95,13,3832.02,5,1,12.9,6,0,0,0
PO000963,V0021,FINISH,US,0.98,22.9,3.14,9,3941.67,3,4,20.6,0,0,0,1
PO000964,V0028,RAW,CN,0.649,12.0,1.95,13,1666.83,5,1,7.1,5,0,0,1
PO000965,V0019,RAW,DE,0.886,7.4,2.11,21,8065.98,4,2,8.8,4,0,0,0
PO000966,V0067,FINISH,DE,0.709,27.6,4.37,19,8465.75,5,4,28.7,0,0,1,1
PO000967,V0036,FINISH,IN,0.606,23.8,4.18,21,4972.93,6,5,22.9,1,0,0,1
PO000968,V0100,FINISH,US,0.802,15.8,2.59,19,2984.02,5,4,17.9,6,0,0,0
PO000969,V0086,RAW,US,0.712,8.7,1.64,11,828.86,4,3,8.1,3,1,1,1
PO000970,V0056,PACK,US,0.729,7.2,4.55,13,41224.76,5,2,7.5,0,1,1,1
PO000971,V0085,RAW,DE,0.792,11.5,3.28,16,744.81,8,3,11.2,5,0,0,1
PO000972,V0002,SERVICE,US,0.98,6.3,1.85,11,61118.49,7,1,9.8,4,0,0,0
PO000973,V0067,FINISH,DE,0.709,27.6,4.37,19,55578.39,4,5,29.5,6,0,0,0
PO000974,V0021,FINISH,US,0.98,22.9,3.14,9,51111.86,5,4,21.3,6,0,0,1
PO000975,V0054,RAW,MX,0.782,9.2,4.8,24,10771.84,5,3,11.2,1,1,1,0
PO000976,V0016,FINISH,IN,0.733,18.5,1.44,12,2889.9,4,3,20.3,0,0,1,1
PO000977,V0080,FINISH,IN,0.721,16.6,1.84,13,10507.72,2,4,20.6,6,0,0,1
PO000978,V0029,FINISH,CN,0.802,15.3,2.47,12,3329.59,8,3,15.4,2,1,0,1
PO000979,V0017,FINISH,IN,0.701,19.8,1.89,10,11580.13,5,4,17.9,2,0,1,1
PO000980,V0088,FINISH,MX,0.697,25.4,2.03,11,24751.47,3,4,23.4,4,0,0,1
PO000981,V0070,FINISH,US,0.901,21.3,4.09,15,1192.11,6,5,19.1,2,0,1,0
PO000982,V0059,PACK,IN,0.786,5.6,2.97,7,5540.91,3,4,6.4,1,1,1,0
PO000983,V0096,PACK,DE,0.98,7.3,2.21,18,5293.0,5,4,5.0,1,0,0,1
PO000984,V0042,FINISH,CN,0.807,23.2,2.12,16,2259.52,8,4,23.9,4,1,0,0
PO000985,V0028,RAW,CN,0.649,12.0,1.95,13,939.74,5,1,13.6,3,0,0,1
PO000986,V0053,SERVICE,US,0.98,4.3,4.58,14,2848.38,10,2,4.3,1,0,1,1
PO000987,V0099,FINISH,US,0.857,24.7,4.51,13,2336.97,7,5,23.0,6,0,0,1
PO000988,V0014,FINISH,DE,0.85,17.2,1.31,12,44900.46,3,3,18.1,1,0,0,0
PO000989,V0067,FINISH,DE,0.709,27.6,4.37,19,4271.62,5,3,25.7,2,0,0,1
PO000990,V0059,PACK,IN,0.786,5.6,2.97,7,7765.89,8,3,2.4,0,0,1,1
PO000991,V0099,FINISH,US,0.857,24.7,4.51,13,4431.57,5,3,23.2,6,0,0,1
PO000992,V0041,RAW,DE,0.93,9.9,1.69,10,3571.51,8,1,10.0,0,0,0,0
PO000993,V0059,PACK,IN,0.786,5.6,2.97,7,27758.71,5,3,4.2,1,0,1,1
PO000994,V0028,RAW,CN,0.649,12.0,1.95,13,11466.75,2,3,13.3,2,0,0,0
PO000995,V0062,FINISH,DE,0.881,22.2,4.6,6,11677.68,3,4,23.3,1,0,0,1
PO000996,V0090,RAW,CN,0.774,7.8,3.44,12,90615.35,4,1,8.1,4,1,1,1
PO000997,V0069,RAW,DE,0.892,8.6,3.69,16,6584.73,3,3,9.8,4,0,0,1
PO000998,V0028,RAW,CN,0.649,12.0,1.95,13,990.19,5,3,11.8,4,0,0,1
PO000999,V0082,PACK,US,0.825,7.7,1.97,12,3346.66,2,4,6.8,1,0,0,1
PO001000,V0080,FINISH,IN,0.721,16.6,1.84,13,4363.36,2,5,15.0,0,0,0,0
PO001001,V0041,RAW,DE,0.93,9.9,1.69,10,530.57,8,1,10.1,6,0,0,1
PO001002,V0018,RAW,MX,0.757,10.6,3.81,25,2048.31,3,2,12.0,2,1,1,1
PO001003,V0072,RAW,CN,0.817,8.0,1.06,13,14607.18,5,1,11.7,1,0,0,1
PO001004,V0068,RAW,DE,0.98,7.4,4.46,20,390.36,2,3,7.1,6,0,0,1
PO001005,V0097,FINISH,US,0.933,26.7,3.5,16,1089.11,7,5,29.6,4,0,0,1
PO001006,V0061,FINISH,US,0.872,15.0,3.22,16,13392.6,2,3,14.3,3,0,1,1
PO001007,V0003,PACK,DE,0.708,8.1,1.56,12,13958.81,5,1,7.5,5,0,0,1
PO001008,V0067,FINISH,DE,0.709,27.6,4.37,19,1973.5,10,4,25.5,3,0,0,0
PO001009,V0059,PACK,IN,0.786,5.6,2.97,7,1693.92,5,4,5.2,4,0,0,1
PO001010,V0018,RAW,MX,0.757,10.6,3.81,25,94983.59,6,1,8.3,3,0,0,1
PO001011,V0088,FINISH,MX,0.697,25.4,2.03,11,5152.8,8,4,23.9,5,0,0,1
PO001012,V0021,FINISH,US,0.98,22.9,3.14,9,1858.35,4,5,20.2,6,0,0,1
PO001013,V0043,RAW,DE,0.98,7.1,1.46,6,253.37,4,2,9.0,3,0,0,1
PO001014,V0017,FINISH,IN,0.701,19.8,1.89,10,4610.9,3,5,23.1,3,0,0,0
PO001015,V0006,SERVICE,US,0.821,4.0,3.65,13,1273.99,6,1,4.1,1,0,0,1
PO001016,V0073,PACK,DE,0.853,7.6,4.13,14,27648.11,1,1,6.9,6,0,0,1
PO001017,V0017,FINISH,IN,0.701,19.8,1.89,10,4724.04,5,4,13.0,0,0,0,0
PO001018,V0056,PACK,US,0.729,7.2,4.55,13,4964.47,7,3,8.7,0,0,0,1
PO001019,V0049,RAW,US,0.878,7.5,2.28,20,7663.35,2,3,10.2,4,0,0,1
PO001020,V0017,FINISH,IN,0.701,19.8,1.89,10,18225.72,5,3,23.2,4,0,0,0
PO001021,V0044,FINISH,IN,0.629,20.6,1.39,15,5864.12,2,4,18.8,6,0,0,1
PO001022,V0057,FINISH,US,0.768,15.2,3.8,17,5924.13,0,3,9.7,3,0,0,1
PO001023,V0041,RAW,DE,0.93,9.9,1.69,10,6817.17,9,3,10.3,5,0,0,0
PO001024,V0099,FINISH,US,0.857,24.7,4.51,13,33321.89,6,3,27.8,2,0,0,0
PO001025,V0036,FINISH,IN,0.606,23.8,4.18,21,18310.83,5,3,22.1,3,0,0,1
PO001026,V0064,RAW,CN,0.639,13.8,4.94,17,11843.43,6,4,12.8,5,0,0,0
PO001027,V0063,FINISH,MX,0.98,17.9,1.75,15,4692.49,3,5,15.6,4,0,0,1
PO001028,V0018,RAW,MX,0.757,10.6,3.81,25,7387.52,9,3,9.5,3,0,0,0
PO001029,V0090,RAW,CN,0.774,7.8,3.44,12,6393.26,6,1,7.9,6,0,0,0
PO001030,V0055,PACK,CN,0.619,8.4,4.01,9,768.9,4,1,6.3,4,0,0,1
PO001031,V0061,FINISH,US,0.872,15.0,3.22,16,2235.66,3,5,14.7,6,0,0,0
PO001032,V0063,FINISH,MX,0.98,17.9,1.75,15,17028.81,10,5,17.2,3,0,1,0
PO001033,V0066,PACK,CN,0.769,9.7,4.46,6,29222.65,3,1,7.3,6,0,1,0
PO001034,V0049,RAW,US,0.878,7.5,2.28,20,22793.1,2,3,8.2,6,0,0,1
PO001035,V0024,RAW,DE,0.927,13.5,4.51,12,7093.91,3,3,12.1,5,1,0,1
PO001036,V0012,FINISH,US,0.73,24.7,3.25,18,1620.5,9,4,27.4,0,0,0,0
PO001037,V0092,FINISH,US,0.855,24.6,3.38,15,4149.18,3,5,24.7,3,0,0,0
PO001038,V0031,PACK,CN,0.783,6.4,1.1,17,1723.98,4,2,7.7,6,1,1,0
PO001039,V0056,PACK,US,0.729,7.2,4.55,13,6198.74,6,3,6.7,3,0,0,0
PO001040,V0082,PACK,US,0.825,7.7,1.97,12,1739.69,7,2,7.4,1,0,0,0
PO001041,V0015,FINISH,MX,0.872,25.3,1.75,21,6312.28,5,5,27.3,4,0,0,1
PO001042,V0060,FINISH,US,0.834,24.4,3.33,25,3215.66,8,3,23.6,6,0,0,1
PO001043,V0008,RAW,DE,0.897,12.8,2.43,12,22246.92,6,1,12.2,4,0,1,0
PO001044,V0085,RAW,DE,0.792,11.5,3.28,16,2660.57,7,2,10.3,1,0,0,1
PO001045,V0014,FINISH,DE,0.85,17.2,1.31,12,36354.07,6,4,18.5,1,0,1,1
PO001046,V0100,FINISH,US,0.802,15.8,2.59,19,3555.95,8,4,17.7,2,0,0,1
PO001047,V0095,FINISH,US,0.879,19.0,4.51,14,30636.34,4,4,15.7,2,0,0,1
PO001048,V0092,FINISH,US,0.855,24.6,3.38,15,2052.42,2,4,25.2,3,0,0,1
PO001049,V0086,RAW,US,0.712,8.7,1.64,11,4123.47,8,1,8.5,6,0,0,1
PO001050,V0097,FINISH,US,0.933,26.7,3.5,16,3842.38,5,4,26.0,4,0,0,0
PO001051,V0052,SERVICE,DE,0.824,6.4,2.72,18,1049.42,4,2,8.0,2,1,0,1
PO001052,V0038,RAW,US,0.858,12.8,2.44,10,21598.54,5,3,12.0,5,0,0,1
PO001053,V0063,FINISH,MX,0.98,17.9,1.75,15,5725.25,7,4,19.7,3,0,0,1
PO001054,V0043,RAW,DE,0.98,7.1,1.46,6,13577.53,4,3,8.1,0,1,0,1
PO001055,V0031,PACK,CN,0.783,6.4,1.1,17,8062.9,3,1,8.5,3,1,0,0
PO001056,V0090,RAW,CN,0.774,7.8,3.44,12,10361.8,6,4,10.7,5,0,1,0
PO001057,V0005,RAW,CN,0.66,11.8,2.76,10,2472.9,4,2,9.9,6,0,0,1
PO001058,V0020,PACK,US,0.98,9.9,1.97,17,36438.09,7,5,7.5,5,0,0,1
PO001059,V0005,RAW,CN,0.66,11.8,2.76,10,1212.57,3,2,14.5,4,0,1,0
PO001060,V0009,FINISH,US,0.782,14.1,4.26,17,5215.88,7,3,14.4,5,0,1,1
PO001061,V0055,PACK,CN,0.619,8.4,4.01,9,3818.32,7,3,6.9,3,0,0,1
PO001062,V0013,PACK,CN,0.729,6.6,3.03,21,7333.98,4,2,6.3,6,0,0,0
PO001063,V0082,PACK,US,0.825,7.7,1.97,12,26453.35,6,2,8.1,0,0,0,1
PO001064,V0068,RAW,DE,0.98,7.4,4.46,20,2812.47,6,3,9.6,4,0,0,1
PO001065,V0037,RAW,DE,0.831,10.3,3.17,12,89.22,5,2,11.0,0,0,0,1
PO001066,V0084,PACK,IN,0.592,5.4,3.15,16,84314.99,8,3,3.5,5,0,0,1
PO001067,V0003,PACK,DE,0.708,8.1,1.56,12,40834.84,5,3,10.5,0,0,1,0
PO001068,V0085,RAW,DE,0.792,11.5,3.28,16,8156.35,5,2,10.8,4,1,0,1
PO001069,V0010,RAW,IN,0.761,9.5,1.46,20,31242.57,3,1,7.8,1,1,0,0
PO001070,V0020,PACK,US,0.98,9.9,1.97,17,4446.25,5,4,10.4,6,0,0,1
PO001071,V0009,FINISH,US,0.782,14.1,4.26,17,7443.71,2,4,12.3,5,0,0,1
PO001072,V0100,FINISH,US,0.802,15.8,2.59,19,17916.61,3,3,15.3,4,0,0,1
PO001073,V0079,FINISH,CN,0.65,26.2,4.68,7,47543.33,5,5,27.5,2,0,0,1
PO001074,V0074,SERVICE,IN,0.772,3.6,4.71,15,3298.0,10,1,9.7,1,0,1,0
PO001075,V0016,FINISH,IN,0.733,18.5,1.44,12,629.06,4,4,15.0,2,0,0,0
PO001076,V0076,RAW,US,0.841,8.0,3.56,11,10622.47,8,4,8.7,4,0,0,0
PO001077,V0008,RAW,DE,0.897,12.8,2.43,12,5560.57,5,2,14.4,3,0,0,1
PO001078,V0073,PACK,DE,0.853,7.6,4.13,14,19094.22,7,1,9.0,4,0,1,1
PO001079,V0024,RAW,DE,0.927,13.5,4.51,12,54782.03,2,2,14.3,0,0,0,1
PO001080,V0033,RAW,IN,0.721,13.6,3.78,16,30329.01,7,3,19.3,3,0,0,1
PO001081,V0040,SERVICE,CN,0.742,5.1,2.29,19,1682.49,4,2,7.2,6,0,1,1
PO001082,V0024,RAW,DE,0.927,13.5,4.51,12,29523.69,1,3,14.4,2,0,0,1
PO001083,V0066,PACK,CN,0.769,9.7,4.46,6,19157.87,4,1,12.0,5,0,0,0
PO001084,V0002,SERVICE,US,0.98,6.3,1.85,11,29885.4,6,2,5.3,5,0,0,1
PO001085,V0044,FINISH,IN,0.629,20.6,1.39,15,3712.32,5,5,18.2,6,0,0,1
PO001086,V0068,RAW,DE,0.98,7.4,4.46,20,6785.83,4,2,7.3,3,0,0,1
PO001087,V0091,PACK,US,0.785,6.7,1.54,13,4849.15,4,2,7.5,6,0,0,1
PO001088,V0098,FINISH,US,0.629,22.7,3.13,10,6774.96,3,4,21.2,4,0,0,1
PO001089,V0058,SERVICE,US,0.874,4.5,2.48,13,1862.11,10,1,5.8,4,0,0,1
PO001090,V0018,RAW,MX,0.757,10.6,3.81,25,12228.78,7,2,12.1,2,0,0,1
PO001091,V0008,RAW,DE,0.897,12.8,2.43,12,5224.34,8,4,11.2,6,0,0,1
PO001092,V0096,PACK,DE,0.98,7.3,2.21,18,4338.82,3,1,5.8,4,0,0,1
PO001093,V0001,SERVICE,DE,0.945,3.6,1.62,16,5154.29,5,2,3.2,2,0,0,1
PO001094,V0031,PACK,CN,0.783,6.4,1.1,17,392.23,4,2,10.9,3,0,0,0
PO001095,V0026,RAW,DE,0.898,12.1,4.59,17,16588.71,5,5,11.0,2,0,0,1
PO001096,V0078,RAW,US,0.9,7.8,2.84,11,8385.74,14,2,7.7,6,0,1,1
PO001097,V0090,RAW,CN,0.774,7.8,3.44,12,22384.53,2,3,6.5,3,0,0,0
PO001098,V0059,PACK,IN,0.786,5.6,2.97,7,42767.4,6,1,6.0,3,0,0,1
PO001099,V0042,FINISH,CN,0.807,23.2,2.12,16,36975.73,10,4,20.0,6,0,0,0
PO001100,V0087,FINISH,US,0.855,19.7,4.93,9,15052.0,8,3,21.8,6,0,0,1
PO001101,V0020,PACK,US,0.98,9.9,1.97,17,14778.05,1,4,8.2,5,0,0,1
PO001102,V0036,FINISH,IN,0.606,23.8,4.18,21,11531.29,4,5,26.8,0,0,0,0
PO001103,V0073,PACK,DE,0.853,7.6,4.13,14,9078.08,2,1,10.1,4,0,0,1
PO001104,V0059,PACK,IN,0.786,5.6,2.97,7,3043.63,3,5,8.7,5,1,0,1
PO001105,V0023,RAW,CN,0.614,11.8,2.55,22,33461.88,7,3,17.9,2,0,0,0
PO001106,V0094,FINISH,CN,0.66,16.0,4.18,11,13705.44,8,5,13.7,0,0,0,0
PO001107,V0076,RAW,US,0.841,8.0,3.56,11,7366.69,6,4,9.9,0,0,0,1
PO001108,V0033,RAW,IN,0.721,13.6,3.78,16,5117.4,5,3,14.2,1,0,0,1
PO001109,V0021,FINISH,US,0.98,22.9,3.14,9,2150.68,5,4,25.1,1,0,0,0
PO001110,V0098,FINISH,US,0.629,22.7,3.13,10,3672.42,7,5,20.8,4,0,0,1
PO001111,V0056,PACK,US,0.729,7.2,4.55,13,1855.63,5,2,7.3,5,0,0,0
PO001112,V0097,FINISH,US,0.933,26.7,3.5,16,6051.18,7,5,27.5,4,0,0,0
PO001113,V0095,FINISH,US,0.879,19.0,4.51,14,10439.98,5,5,20.6,5,0,0,0
PO001114,V0012,FINISH,US,0.73,24.7,3.25,18,6284.73,2,3,21.5,3,0,0,1
PO001115,V0063,FINISH,MX,0.98,17.9,1.75,15,87484.94,5,3,17.9,0,0,0,1
PO001116,V0046,FINISH,CN,0.577,23.2,1.65,8,25130.36,5,5,23.5,0,0,0,0
PO001117,V0011,RAW,DE,0.769,12.1,3.55,21,560.66,1,5,10.8,6,0,0,1
PO001118,V0100,FINISH,US,0.802,15.8,2.59,19,17657.43,5,3,15.0,4,1,0,0
PO001119,V0036,FINISH,IN,0.606,23.8,4.18,21,2212.59,8,4,25.8,0,0,0,0
PO001120,V0017,FINISH,IN,0.701,19.8,1.89,10,21368.72,3,5,19.0,2,0,0,1
PO001121,V0010,RAW,IN,0.761,9.5,1.46,20,24000.18,5,2,11.3,0,0,0,1
PO001122,V0041,RAW,DE,0.93,9.9,1.69,10,10883.28,2,2,8.6,3,0,0,1
PO001123,V0087,FINISH,US,0.855,19.7,4.93,9,55403.12,4,5,22.0,4,0,0,1
PO001124,V0010,RAW,IN,0.761,9.5,1.46,20,38337.29,6,3,10.8,0,0,0,1
PO001125,V0041,RAW,DE,0.93,9.9,1.69,10,12816.84,6,4,10.0,4,0,0,1
PO001126,V0019,RAW,DE,0.886,7.4,2.11,21,511.61,5,3,7.0,6,0,0,1
PO001127,V0001,SERVICE,DE,0.945,3.6,1.62,16,16768.55,6,1,1.4,5,0,0,1
PO001128,V0073,PACK,DE,0.853,7.6,4.13,14,1373.11,5,1,8.6,5,0,0,1
PO001129,V0059,PACK,IN,0.786,5.6,2.97,7,25905.19,7,4,8.7,6,1,1,0
PO001130,V0059,PACK,IN,0.786,5.6,2.97,7,5643.69,4,2,7.2,6,0,0,1
PO001131,V0024,RAW,DE,0.927,13.5,4.51,12,47550.96,4,1,15.2,4,0,0,1
PO001132,V0043,RAW,DE,0.98,7.1,1.46,6,13612.02,3,4,3.9,6,0,1,1
PO001133,V0094,FINISH,CN,0.66,16.0,4.18,11,3706.04,7,4,15.9,5,0,0,1
PO001134,V0045,PACK,US,0.98,8.2,1.18,13,54604.67,6,1,6.5,2,0,0,1
PO001135,V0100,FINISH,US,0.802,15.8,2.59,19,1275.5,5,3,13.9,3,0,0,1
PO001136,V0086,RAW,US,0.712,8.7,1.64,11,14167.57,4,1,5.1,2,0,1,0
PO001137,V0024,RAW,DE,0.927,13.5,4.51,12,5378.35,6,3,13.0,6,0,1,1
PO001138,V0099,FINISH,US,0.857,24.7,4.51,13,9487.14,7,4,23.4,1,0,0,1
PO001139,V0022,RAW,DE,0.74,7.3,3.36,17,1174.12,4,1,3.0,0,0,0,0
PO001140,V0049,RAW,US,0.878,7.5,2.28,20,2985.09,6,4,6.4,5,0,1,1
PO001141,V0088,FINISH,MX,0.697,25.4,2.03,11,6897.83,5,5,24.9,6,0,1,0
PO001142,V0020,PACK,US,0.98,9.9,1.97,17,2192.03,4,2,9.9,3,0,0,1
PO001143,V0002,SERVICE,US,0.98,6.3,1.85,11,2501.64,3,1,4.8,4,0,1,1
PO001144,V0084,PACK,IN,0.592,5.4,3.15,16,1733.42,3,4,5.9,4,0,0,1
PO001145,V0026,RAW,DE,0.898,12.1,4.59,17,4316.36,4,2,12.1,3,1,0,1
PO001146,V0046,FINISH,CN,0.577,23.2,1.65,8,11204.84,4,3,23.2,4,0,0,1
PO001147,V0026,RAW,DE,0.898,12.1,4.59,17,3396.71,3,1,10.4,2,0,0,1
PO001148,V0028,RAW,CN,0.649,12.0,1.95,13,14908.78,6,4,13.3,4,0,0,1
PO001149,V0010,RAW,IN,0.761,9.5,1.46,20,1420.18,3,2,7.3,6,0,0,1
PO001150,V0098,FINISH,US,0.629,22.7,3.13,10,1089.67,4,4,22.1,3,0,0,0
PO001151,V0077,PACK,IN,0.601,6.0,1.16,11,3678.15,3,5,4.2,0,0,0,1
PO001152,V0034,SERVICE,CN,0.595,3.6,3.07,20,5645.66,5,1,4.5,2,0,0,1
PO001153,V0023,RAW,CN,0.614,11.8,2.55,22,32410.3,7,2,11.6,6,1,0,0
PO001154,V0047,PACK,US,0.861,6.9,3.57,14,8870.54,2,3,10.2,3,0,0,1
PO001155,V0003,PACK,DE,0.708,8.1,1.56,12,7830.75,3,2,7.1,6,1,1,1
PO001156,V0058,SERVICE,US,0.874,4.5,2.48,13,513.62,3,2,4.3,6,0,1,1
PO001157,V0096,PACK,DE,0.98,7.3,2.21,18,8303.59,5,5,7.0,4,0,0,0
PO001158,V0048,PACK,MX,0.846,9.8,4.62,11,1255.52,1,3,8.4,0,0,0,1
PO001159,V0069,RAW,DE,0.892,8.6,3.69,16,22596.99,6,1,6.5,6,0,0,1
PO001160,V0072,RAW,CN,0.817,8.0,1.06,13,7464.64,6,1,7.0,5,1,1,1
PO001161,V0011,RAW,DE,0.769,12.1,3.55,21,713.21,5,4,13.5,5,0,1,0
PO001162,V0082,PACK,US,0.825,7.7,1.97,12,9385.36,4,2,5.4,6,0,0,1
PO001163,V0093,SERVICE,DE,0.917,6.8,1.72,8,8408.68,4,1,6.1,0,0,0,1
PO001164,V0056,PACK,US,0.729,7.2,4.55,13,6497.77,5,2,6.2,2,0,0,1
PO001165,V0020,PACK,US,0.98,9.9,1.97,17,6184.08,5,2,11.4,1,1,1,1
PO001166,V0014,FINISH,DE,0.85,17.2,1.31,12,1584.42,9,4,15.3,1,0,0,1
PO001167,V0004,FINISH,DE,0.824,16.8,3.06,16,6840.84,5,3,15.6,4,1,0,1
PO001168,V0058,SERVICE,US,0.874,4.5,2.48,13,4780.72,8,2,6.7,2,0,1,0
PO001169,V0076,RAW,US,0.841,8.0,3.56,11,19173.34,4,1,8.7,3,0,0,1
PO001170,V0001,SERVICE,DE,0.945,3.6,1.62,16,38465.93,7,2,4.2,1,1,0,1
PO001171,V0085,RAW,DE,0.792,11.5,3.28,16,2583.28,6,4,11.5,4,0,0,0
PO001172,V0086,RAW,US,0.712,8.7,1.64,11,5420.11,3,3,6.5,3,0,1,1
PO001173,V0026,RAW,DE,0.898,12.1,4.59,17,5373.88,5,2,15.5,1,0,0,1
PO001174,V0028,RAW,CN,0.649,12.0,1.95,13,2900.63,4,1,14.2,0,0,1,0
PO001175,V0073,PACK,DE,0.853,7.6,4.13,14,12976.89,10,1,5.1,2,0,0,0
PO001176,V0044,FINISH,IN,0.629,20.6,1.39,15,70037.59,8,5,20.9,0,0,0,1
PO001177,V0033,RAW,IN,0.721,13.6,3.78,16,33326.64,3,1,16.1,5,1,0,1
PO001178,V0087,FINISH,US,0.855,19.7,4.93,9,71256.51,3,4,20.5,0,1,0,0
PO001179,V0051,FINISH,CN,0.637,24.5,4.23,13,1414.49,7,5,25.6,1,1,0,0
PO001180,V0041,RAW,DE,0.93,9.9,1.69,10,1758.37,2,3,11.4,4,0,0,0
PO001181,V0068,RAW,DE,0.98,7.4,4.46,20,12008.77,2,2,7.4,1,0,0,1
PO001182,V0076,RAW,US,0.841,8.0,3.56,11,15608.05,5,2,12.2,5,0,0,1
PO001183,V0043,RAW,DE,0.98,7.1,1.46,6,5596.18,2,2,9.0,0,0,0,1
PO001184,V0037,RAW,DE,0.831,10.3,3.17,12,7501.27,5,4,10.0,2,0,0,1
PO001185,V0012,FINISH,US,0.73,24.7,3.25,18,1539.38,4,3,27.3,6,0,0,1
PO001186,V0046,FINISH,CN,0.577,23.2,1.65,8,1374.15,6,4,24.9,6,0,0,0
PO001187,V0011,RAW,DE,0.769,12.1,3.55,21,39622.06,6,3,8.1,6,0,0,1
PO001188,V0091,PACK,US,0.785,6.7,1.54,13,102875.62,6,3,7.2,3,0,0,0
PO001189,V0037,RAW,DE,0.831,10.3,3.17,12,4557.05,8,1,9.0,2,0,0,0
PO001190,V0060,FINISH,US,0.834,24.4,3.33,25,5437.27,3,3,26.0,5,0,0,0
PO001191,V0046,FINISH,CN,0.577,23.2,1.65,8,6514.46,2,5,21.7,2,0,0,0
PO001192,V0006,SERVICE,US,0.821,4.0,3.65,13,39719.06,1,1,4.4,0,0,1,0
PO001193,V0014,FINISH,DE,0.85,17.2,1.31,12,8348.0,6,4,14.2,4,0,0,1
PO001194,V0095,FINISH,US,0.879,19.0,4.51,14,6504.47,5,4,16.3,2,0,0,1
PO001195,V0100,FINISH,US,0.802,15.8,2.59,19,974.34,5,3,10.9,6,0,0,1
PO001196,V0059,PACK,IN,0.786,5.6,2.97,7,18307.19,7,5,3.8,0,0,0,1
PO001197,V0079,FINISH,CN,0.65,26.2,4.68,7,844.59,7,4,23.5,4,0,0,0
PO001198,V0008,RAW,DE,0.897,12.8,2.43,12,40489.56,1,3,13.3,3,0,1,1
PO001199,V0015,FINISH,MX,0.872,25.3,1.75,21,3528.01,6,3,26.3,5,0,1,0
PO001200,V0071,PACK,CN,0.695,5.7,1.12,18,1001.01,1,1,4.0,0,1,0,1
PO001201,V0098,FINISH,US,0.629,22.7,3.13,10,3303.24,2,5,21.7,5,0,1,0
PO001202,V0036,FINISH,IN,0.606,23.8,4.18,21,13927.04,10,4,27.7,3,0,1,0
PO001203,V0097,FINISH,US,0.933,26.7,3.5,16,4022.13,3,5,26.9,6,1,0,1
PO001204,V0076,RAW,US,0.841,8.0,3.56,11,201905.38,5,2,8.7,1,0,0,1
PO001205,V0063,FINISH,MX,0.98,17.9,1.75,15,12562.11,9,3,17.0,2,0,0,0
PO001206,V0079,FINISH,CN,0.65,26.2,4.68,7,161839.9,5,5,25.6,6,0,0,0
PO001207,V0051,FINISH,CN,0.637,24.5,4.23,13,59352.34,10,5,24.8,5,0,0,0
PO001208,V0068,RAW,DE,0.98,7.4,4.46,20,6433.63,6,1,8.5,6,0,0,1
PO001209,V0091,PACK,US,0.785,6.7,1.54,13,6153.85,2,1,10.9,3,0,0,1
PO001210,V0054,RAW,MX,0.782,9.2,4.8,24,1494.7,7,3,10.2,0,1,1,0
PO001211,V0036,FINISH,IN,0.606,23.8,4.18,21,1682.64,8,4,25.0,3,0,0,0
PO001212,V0013,PACK,CN,0.729,6.6,3.03,21,9608.35,7,3,6.2,5,0,0,1
PO001213,V0070,FINISH,US,0.901,21.3,4.09,15,1533.42,6,5,21.1,0,0,0,0
PO001214,V0048,PACK,MX,0.846,9.8,4.62,11,20836.05,10,2,7.2,2,0,0,1
PO001215,V0071,PACK,CN,0.695,5.7,1.12,18,2128.84,6,5,1.0,3,0,0,1
PO001216,V0010,RAW,IN,0.761,9.5,1.46,20,9060.01,9,3,12.0,4,0,0,0
PO001217,V0012,FINISH,US,0.73,24.7,3.25,18,64901.7,5,4,22.5,0,0,0,1
PO001218,V0028,RAW,CN,0.649,12.0,1.95,13,5908.45,6,2,13.2,1,0,0,0
PO001219,V0048,PACK,MX,0.846,9.8,4.62,11,3733.09,4,4,9.4,3,0,0,0
PO001220,V0089,PACK,MX,0.613,8.8,1.75,13,24591.33,3,2,5.2,4,0,0,0
PO001221,V0030,PACK,MX,0.97,9.5,3.52,19,5994.8,4,2,11.3,0,0,0,1
PO001222,V0051,FINISH,CN,0.637,24.5,4.23,13,4948.59,8,4,25.1,3,0,0,0
PO001223,V0071,PACK,CN,0.695,5.7,1.12,18,3972.13,8,2,7.9,2,0,0,0
PO001224,V0049,RAW,US,0.878,7.5,2.28,20,4136.38,5,1,8.8,3,0,0,1
PO001225,V0082,PACK,US,0.825,7.7,1.97,12,7108.8,7,2,8.3,5,0,0,1
PO001226,V0095,FINISH,US,0.879,19.0,4.51,14,1406.46,5,5,21.0,1,0,0,1
PO001227,V0065,FINISH,DE,0.79,26.8,4.29,23,3816.34,6,3,26.4,2,0,0,0
PO001228,V0074,SERVICE,IN,0.772,3.6,4.71,15,30944.06,4,1,4.7,5,1,0,1
PO001229,V0059,PACK,IN,0.786,5.6,2.97,7,19444.24,7,1,3.1,5,0,0,0
PO001230,V0045,PACK,US,0.98,8.2,1.18,13,13501.11,6,1,6.2,4,0,1,1
PO001231,V0100,FINISH,US,0.802,15.8,2.59,19,9091.62,5,4,18.4,2,0,0,0
PO001232,V0100,FINISH,US,0.802,15.8,2.59,19,3430.91,5,4,18.6,6,0,0,0
PO001233,V0094,FINISH,CN,0.66,16.0,4.18,11,15751.19,1,4,16.9,3,0,0,0
PO001234,V0069,RAW,DE,0.892,8.6,3.69,16,16080.48,3,2,9.3,5,0,0,1
PO001235,V0041,RAW,DE,0.93,9.9,1.69,10,4419.88,4,1,9.9,2,0,0,1
PO001236,V0059,PACK,IN,0.786,5.6,2.97,7,57614.56,8,1,6.2,4,0,1,1
PO001237,V0084,PACK,IN,0.592,5.4,3.15,16,22210.72,6,2,5.2,6,0,0,1
PO001238,V0082,PACK,US,0.825,7.7,1.97,12,110641.39,3,1,7.8,5,0,0,1
PO001239,V0052,SERVICE,DE,0.824,6.4,2.72,18,7607.59,1,1,5.3,4,0,0,1
PO001240,V0043,RAW,DE,0.98,7.1,1.46,6,2577.21,2,1,6.7,4,0,0,1
PO001241,V0029,FINISH,CN,0.802,15.3,2.47,12,25569.21,5,4,16.7,5,1,0,1
PO001242,V0021,FINISH,US,0.98,22.9,3.14,9,6768.75,4,3,23.1,6,1,0,0
PO001243,V0019,RAW,DE,0.886,7.4,2.11,21,1339.24,3,3,5.5,0,0,0,0
PO001244,V0030,PACK,MX,0.97,9.5,3.52,19,5686.31,7,3,9.3,3,0,0,1
PO001245,V0051,FINISH,CN,0.637,24.5,4.23,13,14860.65,5,4,25.8,6,0,0,0
PO001246,V0036,FINISH,IN,0.606,23.8,4.18,21,3641.49,2,5,22.8,1,0,0,0
PO001247,V0077,PACK,IN,0.601,6.0,1.16,11,1776.03,6,1,2.3,3,1,0,0
PO001248,V0003,PACK,DE,0.708,8.1,1.56,12,1231.16,5,3,8.5,6,0,1,0
PO001249,V0079,FINISH,CN,0.65,26.2,4.68,7,2979.46,9,4,26.5,5,0,1,0
PO001250,V0066,PACK,CN,0.769,9.7,4.46,6,12510.07,4,5,8.3,6,0,0,0
PO001251,V0063,FINISH,MX,0.98,17.9,1.75,15,36767.14,5,5,17.9,4,0,0,0
PO001252,V0033,RAW,IN,0.721,13.6,3.78,16,3533.92,6,2,11.0,2,0,0,1
PO001253,V0084,PACK,IN,0.592,5.4,3.15,16,1542.97,6,3,1.0,1,1,0,1
PO001254,V0077,PACK,IN,0.601,6.0,1.16,11,59563.56,4,4,6.4,0,0,1,0
PO001255,V0007,RAW,CN,0.794,7.6,1.78,6,68810.63,5,1,5.6,2,0,0,0
PO001256,V0078,RAW,US,0.9,7.8,2.84,11,1059.95,6,5,8.4,6,0,0,1
PO001257,V0001,SERVICE,DE,0.945,3.6,1.62,16,29980.22,7,2,5.4,6,0,0,1
PO001258,V0081,PACK,CN,0.884,5.2,2.01,15,1305.69,6,3,7.8,1,0,0,0
PO001259,V0066,PACK,CN,0.769,9.7,4.46,6,3862.19,1,3,8.4,2,0,0,1
PO001260,V0080,FINISH,IN,0.721,16.6,1.84,13,25231.83,7,5,15.4,3,0,1,0
PO001261,V0085,RAW,DE,0.792,11.5,3.28,16,41822.62,7,3,10.6,5,0,1,1
PO001262,V0003,PACK,DE,0.708,8.1,1.56,12,7429.76,3,1,10.3,3,0,0,0
PO001263,V0048,PACK,MX,0.846,9.8,4.62,11,1613.52,3,2,12.4,0,0,1,0
PO001264,V0005,RAW,CN,0.66,11.8,2.76,10,11460.08,11,2,11.8,6,0,0,1
PO001265,V0064,RAW,CN,0.639,13.8,4.94,17,9610.69,4,2,9.8,2,0,1,1
PO001266,V0061,FINISH,US,0.872,15.0,3.22,16,2327.55,3,4,15.1,2,0,1,1
PO001267,V0019,RAW,DE,0.886,7.4,2.11,21,6972.02,4,2,7.1,5,1,0,0
PO001268,V0003,PACK,DE,0.708,8.1,1.56,12,664.66,5,1,10.0,4,0,0,1
PO001269,V0060,FINISH,US,0.834,24.4,3.33,25,1009.41,7,4,24.6,1,0,1,0
PO001270,V0008,RAW,DE,0.897,12.8,2.43,12,3416.22,11,3,16.8,0,0,0,0
PO001271,V0098,FINISH,US,0.629,22.7,3.13,10,27795.62,9,4,22.7,3,0,0,0
PO001272,V0013,PACK,CN,0.729,6.6,3.03,21,3722.16,5,2,9.5,6,0,0,1
PO001273,V0011,RAW,DE,0.769,12.1,3.55,21,165960.54,6,4,15.5,5,0,0,0
PO001274,V0009,FINISH,US,0.782,14.1,4.26,17,7170.72,2,3,14.7,3,0,0,0
PO001275,V0072,RAW,CN,0.817,8.0,1.06,13,5851.62,6,2,6.4,6,0,0,1
PO001276,V0033,RAW,IN,0.721,13.6,3.78,16,3529.45,3,2,15.0,0,0,0,1
PO001277,V0087,FINISH,US,0.855,19.7,4.93,9,656.34,3,5,16.7,1,1,0,0
PO001278,V0042,FINISH,CN,0.807,23.2,2.12,16,15631.5,10,4,19.4,3,0,0,1
PO001279,V0044,FINISH,IN,0.629,20.6,1.39,15,7658.18,3,5,23.2,2,0,0,0
PO001280,V0085,RAW,DE,0.792,11.5,3.28,16,13015.63,4,1,14.1,5,0,1,0
PO001281,V0035,FINISH,CN,0.582,25.3,4.24,15,7647.62,6,3,26.2,5,0,0,1
PO001282,V0080,FINISH,IN,0.721,16.6,1.84,13,27279.27,5,5,18.6,0,0,0,0
PO001283,V0052,SERVICE,DE,0.824,6.4,2.72,18,80810.25,2,1,6.6,4,0,1,1
PO001284,V0096,PACK,DE,0.98,7.3,2.21,18,9523.73,3,2,7.8,2,1,1,0
PO001285,V0091,PACK,US,0.785,6.7,1.54,13,3694.21,5,1,7.6,2,0,0,1
PO001286,V0010,RAW,IN,0.761,9.5,1.46,20,14734.95,5,3,10.0,5,1,0,1
PO001287,V0015,FINISH,MX,0.872,25.3,1.75,21,79403.35,5,4,23.7,1,0,0,1
PO001288,V0071,PACK,CN,0.695,5.7,1.12,18,3972.12,5,2,7.7,6,1,0,0
PO001289,V0022,RAW,DE,0.74,7.3,3.36,17,14797.63,4,3,9.5,4,0,0,0
PO001290,V0009,FINISH,US,0.782,14.1,4.26,17,2879.1,4,5,13.3,6,0,0,1
PO001291,V0001,SERVICE,DE,0.945,3.6,1.62,16,7666.42,3,1,3.0,1,0,0,1
PO001292,V0021,FINISH,US,0.98,22.9,3.14,9,14073.2,3,5,22.3,1,0,0,0
PO001293,V0042,FINISH,CN,0.807,23.2,2.12,16,3315.26,5,5,21.5,4,0,0,1
PO001294,V0049,RAW,US,0.878,7.5,2.28,20,29525.0,6,4,4.5,3,0,0,0
PO001295,V0012,FINISH,US,0.73,24.7,3.25,18,4129.9,1,4,23.4,0,1,0,0
PO001296,V0082,PACK,US,0.825,7.7,1.97,12,6444.3,7,5,7.0,0,0,0,0
PO001297,V0078,RAW,US,0.9,7.8,2.84,11,560.53,4,1,10.1,0,0,0,1
PO001298,V0005,RAW,CN,0.66,11.8,2.76,10,15558.85,4,4,10.8,4,0,0,1
PO001299,V0080,FINISH,IN,0.721,16.6,1.84,13,753.57,8,5,17.2,2,0,0,1
PO001300,V0045,PACK,US,0.98,8.2,1.18,13,2331.86,5,1,8.9,3,0,0,1
PO001301,V0020,PACK,US,0.98,9.9,1.97,17,66453.84,3,4,8.6,6,0,0,1
PO001302,V0081,PACK,CN,0.884,5.2,2.01,15,6973.72,8,5,6.9,2,1,0,0
PO001303,V0032,SERVICE,MX,0.694,6.7,2.48,12,1322.37,6,2,9.5,2,0,0,1
PO001304,V0057,FINISH,US,0.768,15.2,3.8,17,15239.53,2,3,15.3,4,0,0,1
PO001305,V0033,RAW,IN,0.721,13.6,3.78,16,2960.0,3,2,7.2,3,0,0,1
PO001306,V0009,FINISH,US,0.782,14.1,4.26,17,3431.63,1,4,17.0,2,0,0,1
PO001307,V0095,FINISH,US,0.879,19.0,4.51,14,5886.67,8,4,17.8,4,0,0,1
PO001308,V0051,FINISH,CN,0.637,24.5,4.23,13,6396.67,5,4,29.6,5,1,0,0
PO001309,V0052,SERVICE,DE,0.824,6.4,2.72,18,28916.99,4,2,6.5,4,0,0,0
PO001310,V0039,RAW,IN,0.627,7.4,3.13,15,68976.51,5,2,7.8,5,0,0,0
PO001311,V0056,PACK,US,0.729,7.2,4.55,13,10872.43,7,4,4.4,3,0,1,1
PO001312,V0048,PACK,MX,0.846,9.8,4.62,11,14643.63,3,1,11.5,5,0,0,1
PO001313,V0058,SERVICE,US,0.874,4.5,2.48,13,23786.93,8,1,6.5,3,0,0,1
PO001314,V0095,FINISH,US,0.879,19.0,4.51,14,21765.05,10,4,18.4,3,0,0,1
PO001315,V0029,FINISH,CN,0.802,15.3,2.47,12,71509.56,6,5,15.9,2,0,0,0
PO001316,V0070,FINISH,US,0.901,21.3,4.09,15,72480.3,0,5,23.0,0,0,0,1
PO001317,V0036,FINISH,IN,0.606,23.8,4.18,21,1841.03,6,3,24.7,6,0,0,0
PO001318,V0013,PACK,CN,0.729,6.6,3.03,21,19471.23,3,2,5.9,5,0,1,0
PO001319,V0062,FINISH,DE,0.881,22.2,4.6,6,18545.69,4,4,22.9,6,0,0,1
PO001320,V0036,FINISH,IN,0.606,23.8,4.18,21,889.97,6,4,20.3,4,0,0,0
PO001321,V0091,PACK,US,0.785,6.7,1.54,13,2107.84,7,4,9.6,1,0,0,1
PO001322,V0084,PACK,IN,0.592,5.4,3.15,16,2927.66,4,1,1.8,2,0,0,1
PO001323,V0051,FINISH,CN,0.637,24.5,4.23,13,6182.66,4,4,22.9,3,0,0,0
PO001324,V0028,RAW,CN,0.649,12.0,1.95,13,2158.17,1,4,10.7,2,0,0,1
PO001325,V0059,PACK,IN,0.786,5.6,2.97,7,7997.77,3,3,5.5,6,0,0,1
PO001326,V0068,RAW,DE,0.98,7.4,4.46,20,4849.35,3,3,6.7,0,0,0,1
PO001327,V0071,PACK,CN,0.695,5.7,1.12,18,5738.36,5,1,3.2,3,0,0,0
PO001328,V0067,FINISH,DE,0.709,27.6,4.37,19,8843.42,6,3,25.0,3,0,0,1
PO001329,V0100,FINISH,US,0.802,15.8,2.59,19,36473.55,2,3,16.4,4,0,0,0
PO001330,V0042,FINISH,CN,0.807,23.2,2.12,16,22007.52,4,4,18.9,6,0,0,0
PO001331,V0005,RAW,CN,0.66,11.8,2.76,10,28481.88,3,3,10.0,2,0,1,0
PO001332,V0090,RAW,CN,0.774,7.8,3.44,12,20497.94,5,1,5.5,1,0,0,0
PO001333,V0064,RAW,CN,0.639,13.8,4.94,17,12030.53,5,3,17.1,6,0,1,1
PO001334,V0009,FINISH,US,0.782,14.1,4.26,17,16951.42,2,4,15.3,3,0,0,1
PO001335,V0067,FINISH,DE,0.709,27.6,4.37,19,9734.27,4,5,28.5,1,0,0,1
PO001336,V0075,SERVICE,DE,0.673,5.5,1.96,8,3237.17,3,1,5.7,1,0,0,1
PO001337,V0090,RAW,CN,0.774,7.8,3.44,12,25578.62,4,2,11.3,5,0,0,1
PO001338,V0037,RAW,DE,0.831,10.3,3.17,12,15063.3,3,2,13.5,4,0,0,1
PO001339,V0042,FINISH,CN,0.807,23.2,2.12,16,8486.08,2,5,23.7,1,0,0,0
PO001340,V0002,SERVICE,US,0.98,6.3,1.85,11,50934.11,1,1,8.3,1,0,0,1
PO001341,V0017,FINISH,IN,0.701,19.8,1.89,10,3183.39,5,3,20.2,5,0,1,1
PO001342,V0059,PACK,IN,0.786,5.6,2.97,7,3619.08,7,1,2.4,6,0,0,1
PO001343,V0040,SERVICE,CN,0.742,5.1,2.29,19,3765.11,6,1,4.0,2,0,0,1
PO001344,V0025,PACK,IN,0.539,5.5,4.59,21,9248.79,8,2,8.1,6,0,0,0
PO001345,V0059,PACK,IN,0.786,5.6,2.97,7,24601.61,4,2,4.4,3,0,0,1
PO001346,V0040,SERVICE,CN,0.742,5.1,2.29,19,9839.27,6,2,2.2,1,0,0,1
PO001347,V0013,PACK,CN,0.729,6.6,3.03,21,119804.76,7,1,2.9,1,0,1,0
PO001348,V0025,PACK,IN,0.539,5.5,4.59,21,3647.77,3,2,1.5,1,0,0,1
PO001349,V0084,PACK,IN,0.592,5.4,3.15,16,2059.61,7,1,3.5,1,1,0,0
PO001350,V0094,FINISH,CN,0.66,16.0,4.18,11,18455.19,8,5,14.5,3,0,0,0
PO001351,V0004,FINISH,DE,0.824,16.8,3.06,16,6127.72,4,3,18.6,4,0,0,1
PO001352,V0013,PACK,CN,0.729,6.6,3.03,21,25244.26,3,2,6.7,5,0,0,1
PO001353,V0012,FINISH,US,0.73,24.7,3.25,18,3465.88,5,3,24.6,6,0,0,1
PO001354,V0090,RAW,CN,0.774,7.8,3.44,12,11303.93,7,3,9.6,2,0,1,1
PO001355,V0062,FINISH,DE,0.881,22.2,4.6,6,11002.62,4,4,21.3,3,1,0,0
PO001356,V0032,SERVICE,MX,0.694,6.7,2.48,12,5042.95,4,1,6.6,2,0,0,0
PO001357,V0036,FINISH,IN,0.606,23.8,4.18,21,10811.79,2,4,28.1,1,0,0,1
PO001358,V0040,SERVICE,CN,0.742,5.1,2.29,19,17296.89,6,1,5.5,3,0,0,1
PO001359,V0051,FINISH,CN,0.637,24.5,4.23,13,444.73,8,5,25.9,5,0,1,0
PO001360,V0086,RAW,US,0.712,8.7,1.64,11,27452.08,4,1,5.7,5,0,0,1
PO001361,V0061,FINISH,US,0.872,15.0,3.22,16,9880.73,1,3,15.6,2,0,0,1
PO001362,V0100,FINISH,US,0.802,15.8,2.59,19,1265.25,8,3,16.9,6,1,0,0
PO001363,V0051,FINISH,CN,0.637,24.5,4.23,13,4346.37,5,5,24.2,4,0,0,0
PO001364,V0019,RAW,DE,0.886,7.4,2.11,21,6952.44,10,2,6.8,5,0,0,1
PO001365,V0020,PACK,US,0.98,9.9,1.97,17,4790.44,3,1,7.8,6,0,0,1
PO001366,V0047,PACK,US,0.861,6.9,3.57,14,67610.22,1,2,8.3,4,0,0,1
PO001367,V0017,FINISH,IN,0.701,19.8,1.89,10,36295.36,9,5,20.9,3,0,0,1
PO001368,V0057,FINISH,US,0.768,15.2,3.8,17,38726.3,5,4,16.2,4,0,0,1
PO001369,V0084,PACK,IN,0.592,5.4,3.15,16,3238.88,3,1,4.2,2,0,0,0
PO001370,V0086,RAW,US,0.712,8.7,1.64,11,24099.06,4,4,10.5,5,0,0,1
PO001371,V0001,SERVICE,DE,0.945,3.6,1.62,16,12171.21,4,1,1.0,0,0,1,0
PO001372,V0093,SERVICE,DE,0.917,6.8,1.72,8,35108.97,2,1,7.2,3,0,0,1
PO001373,V0011,RAW,DE,0.769,12.1,3.55,21,26789.23,8,2,12.4,6,0,1,1
PO001374,V0051,FINISH,CN,0.637,24.5,4.23,13,3538.98,3,5,23.4,1,0,0,1
PO001375,V0095,FINISH,US,0.879,19.0,4.51,14,7620.71,5,5,18.2,6,0,1,1
PO001376,V0087,FINISH,US,0.855,19.7,4.93,9,1982.6,3,3,19.2,4,0,0,1
PO001377,V0090,RAW,CN,0.774,7.8,3.44,12,29865.62,9,1,7.9,1,0,0,1
PO001378,V0039,RAW,IN,0.627,7.4,3.13,15,2505.4,6,2,6.3,6,0,0,0
PO001379,V0091,PACK,US,0.785,6.7,1.54,13,3131.53,3,4,9.3,6,0,0,1
PO001380,V0071,PACK,CN,0.695,5.7,1.12,18,16545.41,4,2,5.7,6,1,1,0
PO001381,V0041,RAW,DE,0.93,9.9,1.69,10,39887.73,3,3,12.6,5,0,0,1
PO001382,V0007,RAW,CN,0.794,7.6,1.78,6,28740.58,4,1,3.2,4,0,0,1
PO001383,V0043,RAW,DE,0.98,7.1,1.46,6,240145.53,8,1,4.2,3,0,0,1
PO001384,V0059,PACK,IN,0.786,5.6,2.97,7,65216.32,4,1,6.1,6,0,0,0
PO001385,V0048,PACK,MX,0.846,9.8,4.62,11,13236.47,6,4,11.3,0,0,0,1
PO001386,V0091,PACK,US,0.785,6.7,1.54,13,13776.62,5,1,4.3,1,0,0,1
PO001387,V0004,FINISH,DE,0.824,16.8,3.06,16,7118.44,3,3,16.6,6,0,0,1
PO001388,V0100,FINISH,US,0.802,15.8,2.59,19,2561.43,4,4,16.1,1,0,0,1
PO001389,V0032,SERVICE,MX,0.694,6.7,2.48,12,8258.03,4,1,4.4,5,0,0,1
PO001390,V0081,PACK,CN,0.884,5.2,2.01,15,28226.94,3,1,5.2,0,0,0,1
PO001391,V0006,SERVICE,US,0.821,4.0,3.65,13,3630.15,5,2,1.0,1,0,0,1
PO001392,V0090,RAW,CN,0.774,7.8,3.44,12,3076.24,5,1,7.9,0,0,0,1
PO001393,V0052,SERVICE,DE,0.824,6.4,2.72,18,56341.01,4,1,8.6,6,0,0,1
PO001394,V0038,RAW,US,0.858,12.8,2.44,10,8233.65,5,1,12.1,0,1,1,1
PO001395,V0086,RAW,US,0.712,8.7,1.64,11,33438.59,7,2,9.4,1,1,1,1
PO001396,V0025,PACK,IN,0.539,5.5,4.59,21,26018.26,3,4,7.0,5,1,0,1
PO001397,V0015,FINISH,MX,0.872,25.3,1.75,21,2278.1,5,3,27.7,4,0,0,1
PO001398,V0097,FINISH,US,0.933,26.7,3.5,16,3321.15,4,5,27.1,4,0,0,0
PO001399,V0007,RAW,CN,0.794,7.6,1.78,6,26490.07,7,3,9.5,4,1,0,1
PO001400,V0005,RAW,CN,0.66,11.8,2.76,10,38626.08,6,5,13.6,5,0,0,0
PO001401,V0035,FINISH,CN,0.582,25.3,4.24,15,8475.65,4,3,25.2,5,0,0,1
PO001402,V0029,FINISH,CN,0.802,15.3,2.47,12,9660.99,5,4,16.1,3,0,0,0
PO001403,V0089,PACK,MX,0.613,8.8,1.75,13,1512.05,7,5,7.9,0,1,1,0
PO001404,V0080,FINISH,IN,0.721,16.6,1.84,13,3787.5,5,5,18.5,1,0,0,1
PO001405,V0077,PACK,IN,0.601,6.0,1.16,11,13724.23,5,3,4.6,2,0,0,0
PO001406,V0088,FINISH,MX,0.697,25.4,2.03,11,34095.06,3,4,29.2,4,0,0,1
PO001407,V0031,PACK,CN,0.783,6.4,1.1,17,2931.06,4,2,2.9,1,1,0,0
PO001408,V0094,FINISH,CN,0.66,16.0,4.18,11,2249.84,5,4,15.3,4,0,0,0
PO001409,V0033,RAW,IN,0.721,13.6,3.78,16,39705.14,4,2,10.6,3,0,0,1
PO001410,V0092,FINISH,US,0.855,24.6,3.38,15,15544.1,2,5,27.4,2,0,0,1
PO001411,V0031,PACK,CN,0.783,6.4,1.1,17,4992.48,8,2,6.0,0,1,0,0
PO001412,V0030,PACK,MX,0.97,9.5,3.52,19,15410.2,4,1,11.5,0,0,0,1
PO001413,V0085,RAW,DE,0.792,11.5,3.28,16,12099.89,4,4,12.2,6,0,0,1
PO001414,V0091,PACK,US,0.785,6.7,1.54,13,7238.62,8,3,8.8,2,0,0,1
PO001415,V0055,PACK,CN,0.619,8.4,4.01,9,10377.09,8,1,8.6,3,0,1,0
PO001416,V0061,FINISH,US,0.872,15.0,3.22,16,62298.42,4,4,18.4,1,0,0,1
PO001417,V0029,FINISH,CN,0.802,15.3,2.47,12,9934.73,7,5,10.7,6,0,0,1
PO001418,V0017,FINISH,IN,0.701,19.8,1.89,10,5877.34,6,5,17.7,3,0,0,1
PO001419,V0080,FINISH,IN,0.721,16.6,1.84,13,11381.9,5,3,14.2,0,0,0,1
PO001420,V0074,SERVICE,IN,0.772,3.6,4.71,15,5256.15,8,1,1.0,6,0,0,1
PO001421,V0066,PACK,CN,0.769,9.7,4.46,6,2788.59,2,1,8.9,0,1,0,1
PO001422,V0003,PACK,DE,0.708,8.1,1.56,12,5699.7,4,2,7.3,2,0,1,1
PO001423,V0001,SERVICE,DE,0.945,3.6,1.62,16,12074.56,6,1,1.0,4,0,0,0
PO001424,V0066,PACK,CN,0.769,9.7,4.46,6,3829.44,2,3,8.9,5,0,0,0
PO001425,V0017,FINISH,IN,0.701,19.8,1.89,10,16996.19,1,4,19.5,6,1,0,0
PO001426,V0053,SERVICE,US,0.98,4.3,4.58,14,40642.75,1,1,9.0,0,0,0,1
PO001427,V0010,RAW,IN,0.761,9.5,1.46,20,969.22,0,1,13.6,6,0,1,1
PO001428,V0018,RAW,MX,0.757,10.6,3.81,25,61814.31,4,2,10.3,1,0,0,0
PO001429,V0051,FINISH,CN,0.637,24.5,4.23,13,15399.55,6,5,24.3,6,0,0,1
PO001430,V0070,FINISH,US,0.901,21.3,4.09,15,11233.31,2,5,19.5,6,0,0,1
PO001431,V0038,RAW,US,0.858,12.8,2.44,10,8421.9,7,1,11.1,3,1,0,0
PO001432,V0037,RAW,DE,0.831,10.3,3.17,12,6720.49,8,1,6.3,6,0,1,1
PO001433,V0085,RAW,DE,0.792,11.5,3.28,16,3441.97,7,4,14.2,5,0,0,1
PO001434,V0090,RAW,CN,0.774,7.8,3.44,12,59078.13,6,5,6.0,3,0,0,0
PO001435,V0002,SERVICE,US,0.98,6.3,1.85,11,805.68,9,1,8.5,2,0,0,1
PO001436,V0029,FINISH,CN,0.802,15.3,2.47,12,7562.57,4,4,14.4,2,0,0,1
PO001437,V0100,FINISH,US,0.802,15.8,2.59,19,3404.26,1,3,15.0,1,0,0,1
PO001438,V0097,FINISH,US,0.933,26.7,3.5,16,18674.14,5,3,25.3,0,0,0,1
PO001439,V0069,RAW,DE,0.892,8.6,3.69,16,15354.48,3,1,8.3,4,0,0,0
PO001440,V0038,RAW,US,0.858,12.8,2.44,10,809.48,3,1,14.2,0,0,0,1
PO001441,V0095,FINISH,US,0.879,19.0,4.51,14,1439.39,5,3,19.4,5,1,0,1
PO001442,V0017,FINISH,IN,0.701,19.8,1.89,10,257.0,7,4,22.1,0,0,0,1
PO001443,V0008,RAW,DE,0.897,12.8,2.43,12,11662.46,5,3,14.0,4,0,0,1
PO001444,V0012,FINISH,US,0.73,24.7,3.25,18,1613.27,7,5,25.2,2,0,0,1
PO001445,V0088,FINISH,MX,0.697,25.4,2.03,11,13798.84,4,3,20.6,0,0,1,0
PO001446,V0081,PACK,CN,0.884,5.2,2.01,15,2729.43,5,1,4.5,3,1,0,0
PO001447,V0085,RAW,DE,0.792,11.5,3.28,16,60722.75,5,5,11.6,0,0,0,1
PO001448,V0037,RAW,DE,0.831,10.3,3.17,12,3384.42,1,2,9.4,5,0,1,0
PO001449,V0053,SERVICE,US,0.98,4.3,4.58,14,2140.15,8,1,7.5,2,0,0,1
PO001450,V0055,PACK,CN,0.619,8.4,4.01,9,5143.88,6,3,5.2,0,0,0,0
PO001451,V0055,PACK,CN,0.619,8.4,4.01,9,10692.37,1,4,4.9,0,0,0,1
PO001452,V0077,PACK,IN,0.601,6.0,1.16,11,20174.41,3,2,6.2,3,0,0,0
PO001453,V0006,SERVICE,US,0.821,4.0,3.65,13,4237.94,3,2,2.5,1,0,0,1
PO001454,V0079,FINISH,CN,0.65,26.2,4.68,7,31282.56,1,4,28.0,1,0,0,1
PO001455,V0025,PACK,IN,0.539,5.5,4.59,21,24489.79,4,1,3.8,0,0,0,0
PO001456,V0083,RAW,US,0.785,7.8,4.56,16,9814.59,3,4,6.4,5,0,0,1
PO001457,V0093,SERVICE,DE,0.917,6.8,1.72,8,2115.73,4,2,7.7,2,0,1,1
PO001458,V0005,RAW,CN,0.66,11.8,2.76,10,21001.88,6,3,11.1,4,0,1,0
PO001459,V0076,RAW,US,0.841,8.0,3.56,11,2603.27,5,3,11.0,6,0,1,1
PO001460,V0045,PACK,US,0.98,8.2,1.18,13,549306.35,4,3,10.8,2,0,0,1
PO001461,V0005,RAW,CN,0.66,11.8,2.76,10,4141.98,4,1,13.8,1,0,0,0
PO001462,V0026,RAW,DE,0.898,12.1,4.59,17,27339.0,8,1,10.4,6,0,0,1
PO001463,V0025,PACK,IN,0.539,5.5,4.59,21,914.8,4,2,4.5,1,0,1,1
PO001464,V0010,RAW,IN,0.761,9.5,1.46,20,3620.61,5,4,8.2,5,0,0,0
PO001465,V0082,PACK,US,0.825,7.7,1.97,12,90802.13,2,1,8.4,0,0,0,1
PO001466,V0002,SERVICE,US,0.98,6.3,1.85,11,12351.77,4,1,5.7,3,0,0,0
PO001467,V0086,RAW,US,0.712,8.7,1.64,11,21427.49,13,3,7.8,2,0,0,1
PO001468,V0078,RAW,US,0.9,7.8,2.84,11,24862.82,5,3,6.8,3,0,0,1
PO001469,V0087,FINISH,US,0.855,19.7,4.93,9,4954.82,5,4,22.5,6,0,0,0
PO001470,V0042,FINISH,CN,0.807,23.2,2.12,16,3835.99,7,4,32.2,1,0,0,1
PO001471,V0038,RAW,US,0.858,12.8,2.44,10,13419.03,7,2,13.4,1,1,0,1
PO001472,V0026,RAW,DE,0.898,12.1,4.59,17,31902.61,9,5,13.4,6,0,1,0
PO001473,V0055,PACK,CN,0.619,8.4,4.01,9,14073.58,8,1,7.4,3,0,1,1
PO001474,V0011,RAW,DE,0.769,12.1,3.55,21,119221.04,7,2,9.5,4,0,0,0
PO001475,V0043,RAW,DE,0.98,7.1,1.46,6,2307.1,2,2,6.4,1,0,0,0
PO001476,V0002,SERVICE,US,0.98,6.3,1.85,11,3533.25,2,1,6.8,5,0,0,1
PO001477,V0047,PACK,US,0.861,6.9,3.57,14,4474.31,4,2,9.3,5,0,1,0
PO001478,V0099,FINISH,US,0.857,24.7,4.51,13,18000.0,3,3,24.6,4,0,0,1
PO001479,V0044,FINISH,IN,0.629,20.6,1.39,15,3535.34,9,3,23.2,1,0,0,0
PO001480,V0095,FINISH,US,0.879,19.0,4.51,14,15074.06,1,3,19.0,4,0,0,0
PO001481,V0045,PACK,US,0.98,8.2,1.18,13,5299.61,4,2,6.1,3,0,0,1
PO001482,V0100,FINISH,US,0.802,15.8,2.59,19,16781.73,9,4,16.8,3,1,0,1
PO001483,V0023,RAW,CN,0.614,11.8,2.55,22,34677.15,6,1,12.5,0,0,0,1
PO001484,V0027,FINISH,US,0.879,14.1,1.64,15,3892.57,6,4,15.6,4,0,0,0
PO001485,V0024,RAW,DE,0.927,13.5,4.51,12,21284.72,4,1,12.5,5,0,0,1
PO001486,V0092,FINISH,US,0.855,24.6,3.38,15,5239.03,7,4,24.9,6,0,0,1
PO001487,V0032,SERVICE,MX,0.694,6.7,2.48,12,45929.45,6,2,7.8,4,0,0,0
PO001488,V0018,RAW,MX,0.757,10.6,3.81,25,4653.46,4,4,9.6,1,0,0,0
PO001489,V0064,RAW,CN,0.639,13.8,4.94,17,3365.63,3,3,14.1,1,0,0,0
PO001490,V0066,PACK,CN,0.769,9.7,4.46,6,6865.05,4,2,8.9,0,1,0,1
PO001491,V0023,RAW,CN,0.614,11.8,2.55,22,3423.15,4,2,11.7,0,0,0,0
PO001492,V0003,PACK,DE,0.708,8.1,1.56,12,3633.7,4,1,6.0,4,0,0,1
PO001493,V0012,FINISH,US,0.73,24.7,3.25,18,18137.83,5,4,23.2,6,0,0,1
PO001494,V0100,FINISH,US,0.802,15.8,2.59,19,4896.25,6,5,13.2,4,0,0,1
PO001495,V0088,FINISH,MX,0.697,25.4,2.03,11,442.17,6,3,23.7,2,1,0,0
PO001496,V0036,FINISH,IN,0.606,23.8,4.18,21,2852.91,4,3,21.8,5,1,0,0
PO001497,V0073,PACK,DE,0.853,7.6,4.13,14,22504.71,4,5,3.2,2,0,0,0
PO001498,V0062,FINISH,DE,0.881,22.2,4.6,6,5560.87,2,4,21.1,1,0,0,0
PO001499,V0011,RAW,DE,0.769,12.1,3.55,21,3599.07,4,1,13.9,1,0,0,0
PO001500,V0044,FINISH,IN,0.629,20.6,1.39,15,9722.68,4,3,21.2,1,0,0,0
PO001501,V0012,FINISH,US,0.73,24.7,3.25,18,3412.79,3,4,24.3,2,1,0,0
PO001502,V0002,SERVICE,US,0.98,6.3,1.85,11,2054.57,7,1,5.7,1,0,0,1
PO001503,V0050,RAW,IN,0.638,7.8,3.79,16,1572.22,3,3,7.1,3,0,0,0
PO001504,V0081,PACK,CN,0.884,5.2,2.01,15,37204.41,1,3,5.6,3,0,0,1
PO001505,V0097,FINISH,US,0.933,26.7,3.5,16,4053.5,5,3,26.9,0,0,0,0
PO001506,V0019,RAW,DE,0.886,7.4,2.11,21,69407.4,4,1,6.2,1,0,0,1
PO001507,V0055,PACK,CN,0.619,8.4,4.01,9,3967.49,6,3,8.3,0,0,0,1
PO001508,V0011,RAW,DE,0.769,12.1,3.55,21,3185.73,7,4,10.9,1,0,0,1
PO001509,V0021,FINISH,US,0.98,22.9,3.14,9,15664.15,3,3,23.4,2,0,1,0
PO001510,V0051,FINISH,CN,0.637,24.5,4.23,13,5878.09,5,3,26.8,3,0,0,1
PO001511,V0090,RAW,CN,0.774,7.8,3.44,12,6265.28,4,3,9.3,6,0,0,1
PO001512,V0092,FINISH,US,0.855,24.6,3.38,15,6542.9,2,4,22.8,3,0,0,0
PO001513,V0046,FINISH,CN,0.577,23.2,1.65,8,4275.46,5,5,20.7,1,0,1,0
PO001514,V0099,FINISH,US,0.857,24.7,4.51,13,8788.3,5,4,25.1,5,0,0,1
PO001515,V0001,SERVICE,DE,0.945,3.6,1.62,16,1377.86,7,2,2.2,2,0,0,1
PO001516,V0089,PACK,MX,0.613,8.8,1.75,13,21163.62,4,2,9.6,0,0,1,0
PO001517,V0069,RAW,DE,0.892,8.6,3.69,16,48959.57,6,3,8.0,2,0,0,0
PO001518,V0032,SERVICE,MX,0.694,6.7,2.48,12,2189.1,5,2,4.9,5,0,0,1
PO001519,V0084,PACK,IN,0.592,5.4,3.15,16,7591.55,8,1,4.3,2,0,0,0
PO001520,V0051,FINISH,CN,0.637,24.5,4.23,13,8510.26,6,4,19.7,2,0,0,0
PO001521,V0003,PACK,DE,0.708,8.1,1.56,12,30230.69,2,3,9.0,1,0,0,0
PO001522,V0072,RAW,CN,0.817,8.0,1.06,13,21275.11,5,3,7.2,6,0,0,1
PO001523,V0015,FINISH,MX,0.872,25.3,1.75,21,19013.96,6,3,27.1,5,0,0,0
PO001524,V0049,RAW,US,0.878,7.5,2.28,20,41137.29,2,2,7.8,0,0,0,1
PO001525,V0004,FINISH,DE,0.824,16.8,3.06,16,5346.16,2,3,17.2,4,0,1,1
PO001526,V0022,RAW,DE,0.74,7.3,3.36,17,3573.19,2,3,6.2,4,0,0,1
PO001527,V0098,FINISH,US,0.629,22.7,3.13,10,2520.05,3,5,19.3,0,0,0,0
PO001528,V0001,SERVICE,DE,0.945,3.6,1.62,16,2660.3,8,2,4.9,1,0,0,1
PO001529,V0034,SERVICE,CN,0.595,3.6,3.07,20,2580.44,6,1,3.5,2,0,0,1
PO001530,V0051,FINISH,CN,0.637,24.5,4.23,13,3487.48,3,4,25.2,5,0,1,0
PO001531,V0004,FINISH,DE,0.824,16.8,3.06,16,22401.65,1,3,16.3,0,0,0,0
PO001532,V0026,RAW,DE,0.898,12.1,4.59,17,9414.81,1,1,11.9,6,0,0,1
PO001533,V0078,RAW,US,0.9,7.8,2.84,11,48624.42,4,1,4.8,1,0,0,1
PO001534,V0062,FINISH,DE,0.881,22.2,4.6,6,2331.16,4,3,25.5,2,0,0,1
PO001535,V0093,SERVICE,DE,0.917,6.8,1.72,8,31930.29,2,1,10.4,5,0,1,1
PO001536,V0069,RAW,DE,0.892,8.6,3.69,16,34802.93,4,5,9.6,2,0,0,0
PO001537,V0044,FINISH,IN,0.629,20.6,1.39,15,126461.81,8,5,21.3,5,0,0,0
PO001538,V0076,RAW,US,0.841,8.0,3.56,11,12362.39,4,2,6.1,5,1,0,0
PO001539,V0061,FINISH,US,0.872,15.0,3.22,16,4309.61,7,5,15.8,4,0,1,1
PO001540,V0017,FINISH,IN,0.701,19.8,1.89,10,4620.28,5,4,18.8,4,0,0,0
PO001541,V0008,RAW,DE,0.897,12.8,2.43,12,60330.17,3,3,10.4,3,0,0,0
PO001542,V0006,SERVICE,US,0.821,4.0,3.65,13,5729.62,7,2,4.7,6,0,0,1
PO001543,V0071,PACK,CN,0.695,5.7,1.12,18,5569.52,1,5,10.2,4,0,0,1
PO001544,V0056,PACK,US,0.729,7.2,4.55,13,11542.47,7,5,4.8,0,0,0,0
PO001545,V0064,RAW,CN,0.639,13.8,4.94,17,29861.51,4,1,17.5,4,0,0,1
PO001546,V0008,RAW,DE,0.897,12.8,2.43,12,4422.42,6,5,12.6,3,0,0,0
PO001547,V0079,FINISH,CN,0.65,26.2,4.68,7,3425.52,1,3,26.5,0,0,0,0
PO001548,V0060,FINISH,US,0.834,24.4,3.33,25,43972.16,3,3,26.0,1,0,0,1
PO001549,V0060,FINISH,US,0.834,24.4,3.33,25,1840.14,3,3,24.7,5,0,0,0
PO001550,V0060,FINISH,US,0.834,24.4,3.33,25,1801.1,7,5,22.1,5,0,0,0
PO001551,V0070,FINISH,US,0.901,21.3,4.09,15,3101.16,5,5,25.3,0,0,0,1
PO001552,V0009,FINISH,US,0.782,14.1,4.26,17,8070.59,3,4,16.8,3,0,0,0
PO001553,V0019,RAW,DE,0.886,7.4,2.11,21,1425.07,5,2,6.6,1,1,0,1
PO001554,V0072,RAW,CN,0.817,8.0,1.06,13,4882.31,10,4,7.2,6,0,0,0
PO001555,V0012,FINISH,US,0.73,24.7,3.25,18,24000.77,6,3,23.2,2,0,0,1
PO001556,V0085,RAW,DE,0.792,11.5,3.28,16,1751.57,4,2,13.0,1,0,0,1
PO001557,V0093,SERVICE,DE,0.917,6.8,1.72,8,15881.18,6,2,6.4,6,0,0,1
PO001558,V0009,FINISH,US,0.782,14.1,4.26,17,7452.72,6,5,14.7,5,0,0,0
PO001559,V0073,PACK,DE,0.853,7.6,4.13,14,572.2,4,3,7.6,5,0,0,1
PO001560,V0035,FINISH,CN,0.582,25.3,4.24,15,20522.08,6,5,25.8,5,1,0,0
PO001561,V0068,RAW,DE,0.98,7.4,4.46,20,28696.06,3,2,9.5,0,0,1,1
PO001562,V0037,RAW,DE,0.831,10.3,3.17,12,4575.51,4,5,9.0,2,0,0,1
PO001563,V0059,PACK,IN,0.786,5.6,2.97,7,175641.43,5,1,6.8,6,0,0,0
PO001564,V0071,PACK,CN,0.695,5.7,1.12,18,43772.02,9,3,5.9,4,0,0,0
PO001565,V0085,RAW,DE,0.792,11.5,3.28,16,13982.72,3,2,11.7,4,0,0,1
PO001566,V0016,FINISH,IN,0.733,18.5,1.44,12,3827.03,4,3,16.9,0,0,0,1
PO001567,V0042,FINISH,CN,0.807,23.2,2.12,16,3106.6,4,3,20.9,4,0,0,1
PO001568,V0094,FINISH,CN,0.66,16.0,4.18,11,12012.64,3,3,15.7,0,0,0,1
PO001569,V0046,FINISH,CN,0.577,23.2,1.65,8,6099.14,5,5,24.1,6,0,0,0
PO001570,V0031,PACK,CN,0.783,6.4,1.1,17,7947.67,2,5,6.9,1,1,0,1
PO001571,V0036,FINISH,IN,0.606,23.8,4.18,21,19574.01,4,5,24.7,2,0,0,0
PO001572,V0014,FINISH,DE,0.85,17.2,1.31,12,13545.39,5,5,18.5,1,0,0,1
PO001573,V0031,PACK,CN,0.783,6.4,1.1,17,6931.43,3,4,4.9,3,0,0,0
PO001574,V0016,FINISH,IN,0.733,18.5,1.44,12,11976.43,4,5,19.1,0,0,0,0
PO001575,V0069,RAW,DE,0.892,8.6,3.69,16,1736.6,4,2,7.3,6,0,0,1
PO001576,V0067,FINISH,DE,0.709,27.6,4.37,19,3232.99,6,5,26.3,4,1,0,1
PO001577,V0012,FINISH,US,0.73,24.7,3.25,18,3191.84,6,4,27.2,6,1,0,0
PO001578,V0022,RAW,DE,0.74,7.3,3.36,17,4679.82,8,4,5.1,3,1,0,1
PO001579,V0031,PACK,CN,0.783,6.4,1.1,17,6591.73,0,4,6.7,4,0,0,1
PO001580,V0035,FINISH,CN,0.582,25.3,4.24,15,4202.82,5,3,24.6,2,1,0,1
PO001581,V0053,SERVICE,US,0.98,4.3,4.58,14,6779.48,4,2,3.9,3,0,0,1
PO001582,V0059,PACK,IN,0.786,5.6,2.97,7,4180.42,9,2,4.9,4,0,0,0
PO001583,V0025,PACK,IN,0.539,5.5,4.59,21,16933.72,6,2,6.5,2,0,0,1
PO001584,V0023,RAW,CN,0.614,11.8,2.55,22,1580.83,5,2,12.9,2,1,0,0
PO001585,V0029,FINISH,CN,0.802,15.3,2.47,12,6912.32,5,5,17.4,2,0,0,1
PO001586,V0014,FINISH,DE,0.85,17.2,1.31,12,534.43,8,4,19.0,5,0,0,1
PO001587,V0021,FINISH,US,0.98,22.9,3.14,9,3628.98,3,4,21.0,0,0,0,1
PO001588,V0076,RAW,US,0.841,8.0,3.56,11,32893.73,7,1,6.8,0,0,0,1
PO001589,V0032,SERVICE,MX,0.694,6.7,2.48,12,9775.93,5,2,6.6,6,0,0,0
PO001590,V0094,FINISH,CN,0.66,16.0,4.18,11,3695.77,3,5,18.4,5,0,0,0
PO001591,V0060,FINISH,US,0.834,24.4,3.33,25,1910.91,6,4,23.2,2,1,1,0
PO001592,V0025,PACK,IN,0.539,5.5,4.59,21,4370.75,7,1,6.6,2,0,1,0
PO001593,V0004,FINISH,DE,0.824,16.8,3.06,16,20004.06,8,4,16.2,2,0,0,1
PO001594,V0041,RAW,DE,0.93,9.9,1.69,10,13827.26,4,3,10.8,3,0,0,1
PO001595,V0008,RAW,DE,0.897,12.8,2.43,12,388.5,8,2,13.1,5,0,0,1
PO001596,V0009,FINISH,US,0.782,14.1,4.26,17,29573.07,4,3,11.5,4,0,0,1
PO001597,V0054,RAW,MX,0.782,9.2,4.8,24,17044.59,1,4,7.7,5,0,0,1
PO001598,V0057,FINISH,US,0.768,15.2,3.8,17,31727.68,9,4,14.9,4,0,0,0
PO001599,V0082,PACK,US,0.825,7.7,1.97,12,6156.99,9,2,9.0,4,0,0,0
PO001600,V0064,RAW,CN,0.639,13.8,4.94,17,17717.41,5,4,13.9,3,0,1,1
PO001601,V0044,FINISH,IN,0.629,20.6,1.39,15,1166.18,5,3,23.3,5,0,0,0
PO001602,V0087,FINISH,US,0.855,19.7,4.93,9,11090.57,5,5,20.6,6,0,0,0
PO001603,V0035,FINISH,CN,0.582,25.3,4.24,15,1435.27,7,4,21.9,4,0,0,1
PO001604,V0016,FINISH,IN,0.733,18.5,1.44,12,1273.3,5,4,17.1,1,0,0,1
PO001605,V0041,RAW,DE,0.93,9.9,1.69,10,8216.61,3,3,10.4,0,0,0,1
PO001606,V0027,FINISH,US,0.879,14.1,1.64,15,13169.66,4,4,17.9,5,0,0,1
PO001607,V0049,RAW,US,0.878,7.5,2.28,20,7260.81,3,2,7.9,1,0,0,0
PO001608,V0076,RAW,US,0.841,8.0,3.56,11,8318.73,5,1,10.3,4,0,0,1
PO001609,V0085,RAW,DE,0.792,11.5,3.28,16,1246.41,3,4,10.8,3,1,1,0
PO001610,V0045,PACK,US,0.98,8.2,1.18,13,17173.98,3,1,8.5,4,0,0,1
PO001611,V0061,FINISH,US,0.872,15.0,3.22,16,7660.66,5,3,16.7,0,0,1,1
PO001612,V0017,FINISH,IN,0.701,19.8,1.89,10,5373.54,4,4,17.4,6,0,0,1
PO001613,V0082,PACK,US,0.825,7.7,1.97,12,28874.49,4,4,10.0,4,0,0,0
PO001614,V0057,FINISH,US,0.768,15.2,3.8,17,2155.04,8,3,16.2,4,0,1,1
PO001615,V0014,FINISH,DE,0.85,17.2,1.31,12,6197.63,7,3,18.1,3,0,1,1
PO001616,V0015,FINISH,MX,0.872,25.3,1.75,21,46126.87,9,4,24.4,6,1,1,0
PO001617,V0080,FINISH,IN,0.721,16.6,1.84,13,1890.29,7,4,23.2,6,0,1,1
PO001618,V0048,PACK,MX,0.846,9.8,4.62,11,188728.06,5,3,8.9,5,0,0,0
PO001619,V0064,RAW,CN,0.639,13.8,4.94,17,4680.73,6,2,14.5,5,0,0,1
PO001620,V0074,SERVICE,IN,0.772,3.6,4.71,15,2228.69,8,1,1.9,4,0,1,0
PO001621,V0071,PACK,CN,0.695,5.7,1.12,18,994.43,7,3,4.0,4,0,0,1
PO001622,V0085,RAW,DE,0.792,11.5,3.28,16,41895.65,7,1,11.3,6,0,0,0
PO001623,V0063,FINISH,MX,0.98,17.9,1.75,15,3457.11,3,4,17.5,6,1,0,0
PO001624,V0034,SERVICE,CN,0.595,3.6,3.07,20,9547.61,5,1,5.1,4,0,0,1
PO001625,V0084,PACK,IN,0.592,5.4,3.15,16,4809.69,3,2,2.0,3,0,0,1
PO001626,V0096,PACK,DE,0.98,7.3,2.21,18,827.75,6,2,9.4,3,0,0,1
PO001627,V0085,RAW,DE,0.792,11.5,3.28,16,3379.26,5,2,14.5,5,0,1,1
PO001628,V0021,FINISH,US,0.98,22.9,3.14,9,7931.27,7,5,20.1,4,0,0,0
PO001629,V0024,RAW,DE,0.927,13.5,4.51,12,43136.2,2,2,12.9,2,0,0,1
PO001630,V0044,FINISH,IN,0.629,20.6,1.39,15,29208.13,2,5,19.2,6,0,1,1
PO001631,V0061,FINISH,US,0.872,15.0,3.22,16,7500.77,6,5,16.2,6,0,0,1
PO001632,V0096,PACK,DE,0.98,7.3,2.21,18,3150.9,3,1,10.7,6,0,0,1
PO001633,V0072,RAW,CN,0.817,8.0,1.06,13,14789.19,4,2,6.7,3,1,0,1
PO001634,V0094,FINISH,CN,0.66,16.0,4.18,11,120845.48,6,4,19.1,3,0,0,1
PO001635,V0087,FINISH,US,0.855,19.7,4.93,9,8408.86,6,4,20.6,2,0,1,0
PO001636,V0045,PACK,US,0.98,8.2,1.18,13,9362.05,9,4,7.7,5,0,0,1
PO001637,V0026,RAW,DE,0.898,12.1,4.59,17,5909.11,3,1,10.3,2,0,0,1
PO001638,V0005,RAW,CN,0.66,11.8,2.76,10,23766.9,5,5,13.8,1,0,0,0
PO001639,V0053,SERVICE,US,0.98,4.3,4.58,14,11703.69,6,1,2.5,1,0,0,1
PO001640,V0093,SERVICE,DE,0.917,6.8,1.72,8,5190.73,8,2,10.6,3,0,0,0
PO001641,V0032,SERVICE,MX,0.694,6.7,2.48,12,524.69,2,1,5.0,3,0,1,0
PO001642,V0080,FINISH,IN,0.721,16.6,1.84,13,10737.8,2,5,15.7,3,0,0,1
PO001643,V0097,FINISH,US,0.933,26.7,3.5,16,31981.45,5,5,28.3,1,0,0,0
PO001644,V0024,RAW,DE,0.927,13.5,4.51,12,530.29,4,1,13.4,1,0,1,0
PO001645,V0001,SERVICE,DE,0.945,3.6,1.62,16,6262.7,5,2,3.6,5,0,0,1
PO001646,V0072,RAW,CN,0.817,8.0,1.06,13,3217.84,4,3,8.7,6,0,0,1
PO001647,V0006,SERVICE,US,0.821,4.0,3.65,13,217887.78,3,1,5.2,4,0,0,1
PO001648,V0022,RAW,DE,0.74,7.3,3.36,17,749.23,5,5,6.2,2,0,0,1
PO001649,V0070,FINISH,US,0.901,21.3,4.09,15,5983.8,7,4,18.3,4,1,0,0
PO001650,V0004,FINISH,DE,0.824,16.8,3.06,16,10549.61,7,5,16.1,4,0,0,0
PO001651,V0046,FINISH,CN,0.577,23.2,1.65,8,85621.29,8,4,24.9,1,0,0,1
PO001652,V0098,FINISH,US,0.629,22.7,3.13,10,14851.26,12,4,21.8,2,0,0,1
PO001653,V0062,FINISH,DE,0.881,22.2,4.6,6,22601.18,6,3,20.5,1,0,0,1
PO001654,V0026,RAW,DE,0.898,12.1,4.59,17,18930.46,3,3,14.7,3,0,0,1
PO001655,V0022,RAW,DE,0.74,7.3,3.36,17,19233.89,7,4,9.7,0,0,0,0
PO001656,V0049,RAW,US,0.878,7.5,2.28,20,88759.06,7,3,4.5,5,0,0,1
PO001657,V0038,RAW,US,0.858,12.8,2.44,10,5773.66,6,4,17.6,5,0,0,1
PO001658,V0034,SERVICE,CN,0.595,3.6,3.07,20,3742.38,4,2,4.6,1,0,1,0
PO001659,V0038,RAW,US,0.858,12.8,2.44,10,1746.17,5,2,12.2,5,0,0,1
PO001660,V0013,PACK,CN,0.729,6.6,3.03,21,1638.35,3,2,5.6,2,0,0,1
PO001661,V0090,RAW,CN,0.774,7.8,3.44,12,2679.45,4,1,8.7,2,0,0,1
PO001662,V0089,PACK,MX,0.613,8.8,1.75,13,6515.74,4,2,8.9,4,0,1,0
PO001663,V0077,PACK,IN,0.601,6.0,1.16,11,2065.54,3,4,7.3,2,0,0,1
PO001664,V0031,PACK,CN,0.783,6.4,1.1,17,7070.48,8,2,6.8,3,0,0,0
PO001665,V0067,FINISH,DE,0.709,27.6,4.37,19,1044.99,7,5,28.6,1,1,1,0
PO001666,V0024,RAW,DE,0.927,13.5,4.51,12,16261.0,7,2,10.4,4,0,0,1
PO001667,V0094,FINISH,CN,0.66,16.0,4.18,11,2253.37,5,3,19.0,1,0,0,0
PO001668,V0059,PACK,IN,0.786,5.6,2.97,7,3043.53,5,3,8.5,0,0,1,0
PO001669,V0038,RAW,US,0.858,12.8,2.44,10,4415.11,3,1,12.3,3,0,0,1
PO001670,V0010,RAW,IN,0.761,9.5,1.46,20,939.9,2,2,9.9,2,0,0,0
PO001671,V0063,FINISH,MX,0.98,17.9,1.75,15,9345.27,4,5,22.4,3,1,0,1
PO001672,V0064,RAW,CN,0.639,13.8,4.94,17,8345.21,8,3,12.4,5,0,0,0
PO001673,V0021,FINISH,US,0.98,22.9,3.14,9,3334.84,6,3,18.0,1,0,0,1
PO001674,V0072,RAW,CN,0.817,8.0,1.06,13,6138.58,2,4,8.8,1,0,0,1
PO001675,V0045,PACK,US,0.98,8.2,1.18,13,22456.77,5,1,8.4,0,1,0,0
PO001676,V0085,RAW,DE,0.792,11.5,3.28,16,7788.79,3,2,7.7,4,0,0,1
PO001677,V0097,FINISH,US,0.933,26.7,3.5,16,166067.6,3,3,29.5,6,0,0,1
PO001678,V0009,FINISH,US,0.782,14.1,4.26,17,1179.83,3,4,13.8,5,0,1,1
PO001679,V0047,PACK,US,0.861,6.9,3.57,14,5681.07,4,2,5.4,6,0,0,1
PO001680,V0002,SERVICE,US,0.98,6.3,1.85,11,4083.78,4,2,6.5,3,0,1,1
PO001681,V0062,FINISH,DE,0.881,22.2,4.6,6,41209.8,3,4,25.2,1,0,1,0
PO001682,V0038,RAW,US,0.858,12.8,2.44,10,15360.78,4,3,12.1,6,0,0,1
PO001683,V0090,RAW,CN,0.774,7.8,3.44,12,2172.46,1,3,9.4,6,0,0,0
PO001684,V0028,RAW,CN,0.649,12.0,1.95,13,4304.46,5,2,10.4,3,0,0,1
PO001685,V0009,FINISH,US,0.782,14.1,4.26,17,5018.53,4,4,12.9,5,1,1,0
PO001686,V0061,FINISH,US,0.872,15.0,3.22,16,29556.65,5,5,15.2,3,0,0,1
PO001687,V0088,FINISH,MX,0.697,25.4,2.03,11,5249.48,4,4,26.9,5,0,0,0
PO001688,V0044,FINISH,IN,0.629,20.6,1.39,15,16139.82,4,3,19.0,2,0,0,1
PO001689,V0040,SERVICE,CN,0.742,5.1,2.29,19,17474.19,5,1,4.0,4,0,0,1
PO001690,V0087,FINISH,US,0.855,19.7,4.93,9,6122.38,3,4,22.1,0,0,0,1
PO001691,V0081,PACK,CN,0.884,5.2,2.01,15,6581.57,3,1,6.2,0,0,0,1
PO001692,V0048,PACK,MX,0.846,9.8,4.62,11,1855.03,7,1,10.2,4,0,0,1
PO001693,V0095,FINISH,US,0.879,19.0,4.51,14,3631.22,5,3,18.0,6,0,0,0
PO001694,V0040,SERVICE,CN,0.742,5.1,2.29,19,3360.5,2,2,2.5,0,1,0,0
PO001695,V0085,RAW,DE,0.792,11.5,3.28,16,14575.36,7,3,13.1,0,0,0,1
PO001696,V0016,FINISH,IN,0.733,18.5,1.44,12,1452.83,5,3,19.3,3,0,1,1
PO001697,V0048,PACK,MX,0.846,9.8,4.62,11,5269.27,6,3,8.0,2,0,0,1
PO001698,V0003,PACK,DE,0.708,8.1,1.56,12,1818.09,2,3,4.4,3,0,0,1
PO001699,V0094,FINISH,CN,0.66,16.0,4.18,11,11186.84,3,4,15.6,6,0,1,0
PO001700,V0087,FINISH,US,0.855,19.7,4.93,9,58427.39,5,5,21.3,6,0,0,0
PO001701,V0021,FINISH,US,0.98,22.9,3.14,9,3898.54,5,4,24.1,1,0,0,1
PO001702,V0055,PACK,CN,0.619,8.4,4.01,9,4022.39,5,4,8.2,5,0,0,1
PO001703,V0023,RAW,CN,0.614,11.8,2.55,22,3010.16,3,1,12.5,0,0,0,0
PO001704,V0042,FINISH,CN,0.807,23.2,2.12,16,7188.92,5,4,22.9,1,0,0,1
PO001705,V0035,FINISH,CN,0.582,25.3,4.24,15,9723.28,3,5,24.5,2,0,0,0
PO001706,V0082,PACK,US,0.825,7.7,1.97,12,746.46,8,1,8.2,1,1,0,0
PO001707,V0034,SERVICE,CN,0.595,3.6,3.07,20,1241.85,2,1,4.0,0,0,0,0
PO001708,V0046,FINISH,CN,0.577,23.2,1.65,8,10356.3,1,3,20.9,6,0,0,1
PO001709,V0087,FINISH,US,0.855,19.7,4.93,9,11554.62,5,3,19.0,6,0,0,0
PO001710,V0033,RAW,IN,0.721,13.6,3.78,16,31950.21,7,4,16.3,4,0,0,0
PO001711,V0037,RAW,DE,0.831,10.3,3.17,12,5509.48,5,1,12.0,5,0,0,1
PO001712,V0069,RAW,DE,0.892,8.6,3.69,16,5708.15,3,2,13.6,3,0,0,1
PO001713,V0011,RAW,DE,0.769,12.1,3.55,21,3872.01,5,1,10.7,5,0,0,1
PO001714,V0017,FINISH,IN,0.701,19.8,1.89,10,10122.05,6,5,22.8,6,0,0,1
PO001715,V0081,PACK,CN,0.884,5.2,2.01,15,6166.61,0,2,9.7,2,1,1,1
PO001716,V0060,FINISH,US,0.834,24.4,3.33,25,6216.22,9,3,23.9,4,0,0,1
PO001717,V0054,RAW,MX,0.782,9.2,4.8,24,3473.58,6,3,15.3,3,0,0,1
PO001718,V0066,PACK,CN,0.769,9.7,4.46,6,6056.18,4,3,10.2,4,0,0,1
PO001719,V0011,RAW,DE,0.769,12.1,3.55,21,2380.82,5,2,11.3,0,0,0,1
PO001720,V0019,RAW,DE,0.886,7.4,2.11,21,8683.22,2,3,10.1,5,0,0,1
PO001721,V0042,FINISH,CN,0.807,23.2,2.12,16,5958.63,9,5,23.1,1,0,0,0
PO001722,V0004,FINISH,DE,0.824,16.8,3.06,16,5898.88,6,4,16.0,1,0,0,0
PO001723,V0013,PACK,CN,0.729,6.6,3.03,21,8464.95,4,3,6.8,0,0,0,1
PO001724,V0053,SERVICE,US,0.98,4.3,4.58,14,9408.09,2,1,3.9,3,0,0,1
PO001725,V0062,FINISH,DE,0.881,22.2,4.6,6,2955.66,2,4,25.7,2,0,0,1
PO001726,V0025,PACK,IN,0.539,5.5,4.59,21,5791.27,4,3,7.7,0,0,1,0
PO001727,V0040,SERVICE,CN,0.742,5.1,2.29,19,2156.91,3,2,5.3,1,0,0,1
PO001728,V0078,RAW,US,0.9,7.8,2.84,11,23164.96,4,2,8.1,0,0,0,1
PO001729,V0055,PACK,CN,0.619,8.4,4.01,9,53442.5,6,3,11.9,0,0,0,1
PO001730,V0018,RAW,MX,0.757,10.6,3.81,25,40187.06,6,5,10.5,1,0,1,0
PO001731,V0098,FINISH,US,0.629,22.7,3.13,10,4756.6,4,3,22.4,0,0,0,1
PO001732,V0004,FINISH,DE,0.824,16.8,3.06,16,7591.45,4,5,17.2,1,0,0,1
PO001733,V0038,RAW,US,0.858,12.8,2.44,10,113602.66,8,3,13.6,0,0,0,1
PO001734,V0054,RAW,MX,0.782,9.2,4.8,24,2228.25,4,2,6.8,2,0,1,0
PO001735,V0095,FINISH,US,0.879,19.0,4.51,14,15761.66,7,4,20.1,5,0,0,1
PO001736,V0024,RAW,DE,0.927,13.5,4.51,12,27785.22,2,2,14.4,1,1,1,1
PO001737,V0006,SERVICE,US,0.821,4.0,3.65,13,8323.56,4,2,4.0,5,0,0,1
PO001738,V0036,FINISH,IN,0.606,23.8,4.18,21,9015.59,4,3,24.6,4,0,0,1
PO001739,V0079,FINISH,CN,0.65,26.2,4.68,7,736.32,5,5,25.6,1,0,0,1
PO001740,V0097,FINISH,US,0.933,26.7,3.5,16,69034.45,5,3,26.5,2,0,0,1
PO001741,V0036,FINISH,IN,0.606,23.8,4.18,21,17442.76,7,5,24.0,4,0,1,0
PO001742,V0019,RAW,DE,0.886,7.4,2.11,21,37895.99,5,3,6.3,5,0,0,0
PO001743,V0048,PACK,MX,0.846,9.8,4.62,11,32590.11,1,3,9.9,1,0,0,1
PO001744,V0066,PACK,CN,0.769,9.7,4.46,6,301.94,3,5,9.6,4,0,0,0
PO001745,V0069,RAW,DE,0.892,8.6,3.69,16,20844.66,7,4,10.2,2,0,0,1
PO001746,V0089,PACK,MX,0.613,8.8,1.75,13,7553.49,6,3,6.9,2,0,0,1
PO001747,V0005,RAW,CN,0.66,11.8,2.76,10,6128.19,3,2,9.5,1,0,0,1
PO001748,V0068,RAW,DE,0.98,7.4,4.46,20,10695.64,7,2,6.8,5,0,1,1
PO001749,V0099,FINISH,US,0.857,24.7,4.51,13,31397.87,8,5,23.8,0,1,0,1
PO001750,V0051,FINISH,CN,0.637,24.5,4.23,13,3164.7,7,3,24.8,0,0,0,0
PO001751,V0013,PACK,CN,0.729,6.6,3.03,21,72708.23,6,3,7.7,5,0,0,1
PO001752,V0013,PACK,CN,0.729,6.6,3.03,21,9336.24,4,4,7.3,4,0,1,1
PO001753,V0005,RAW,CN,0.66,11.8,2.76,10,38523.26,5,3,13.0,6,0,1,1
PO001754,V0016,FINISH,IN,0.733,18.5,1.44,12,44998.4,7,5,16.9,4,0,0,0
PO001755,V0037,RAW,DE,0.831,10.3,3.17,12,31342.72,5,2,11.7,0,0,0,0
PO001756,V0035,FINISH,CN,0.582,25.3,4.24,15,23427.06,4,4,26.8,6,0,0,0
PO001757,V0053,SERVICE,US,0.98,4.3,4.58,14,1040.51,7,1,6.2,0,0,0,1
PO001758,V0060,FINISH,US,0.834,24.4,3.33,25,6189.03,4,4,25.4,6,0,0,0
PO001759,V0072,RAW,CN,0.817,8.0,1.06,13,31901.3,7,1,9.9,6,0,0,0
PO001760,V0081,PACK,CN,0.884,5.2,2.01,15,1848.63,8,1,7.9,4,0,0,1
PO001761,V0015,FINISH,MX,0.872,25.3,1.75,21,200103.12,6,3,29.2,1,0,0,1
PO001762,V0013,PACK,CN,0.729,6.6,3.03,21,7542.54,5,4,10.2,1,0,0,1
PO001763,V0021,FINISH,US,0.98,22.9,3.14,9,977.13,6,3,24.2,1,0,0,1
PO001764,V0009,FINISH,US,0.782,14.1,4.26,17,6959.37,5,4,17.2,4,0,0,1
PO001765,V0092,FINISH,US,0.855,24.6,3.38,15,61993.1,7,5,23.4,2,0,0,1
PO001766,V0026,RAW,DE,0.898,12.1,4.59,17,2147.0,1,1,10.7,6,0,0,1
PO001767,V0011,RAW,DE,0.769,12.1,3.55,21,3695.48,5,2,10.1,0,0,0,1
PO001768,V0010,RAW,IN,0.761,9.5,1.46,20,8715.25,8,3,7.0,5,0,0,1
PO001769,V0068,RAW,DE,0.98,7.4,4.46,20,3797.39,6,3,6.0,6,0,0,1
PO001770,V0063,FINISH,MX,0.98,17.9,1.75,15,2449.28,5,4,17.3,3,0,0,1
PO001771,V0100,FINISH,US,0.802,15.8,2.59,19,3356.55,5,4,19.4,0,0,0,1
PO001772,V0038,RAW,US,0.858,12.8,2.44,10,6074.9,4,1,11.6,1,1,0,1
PO001773,V0052,SERVICE,DE,0.824,6.4,2.72,18,72181.12,2,2,8.4,3,0,0,0
PO001774,V0087,FINISH,US,0.855,19.7,4.93,9,23806.05,4,5,18.6,3,0,0,0
PO001775,V0031,PACK,CN,0.783,6.4,1.1,17,2608.09,9,3,5.8,6,0,0,1
PO001776,V0046,FINISH,CN,0.577,23.2,1.65,8,5626.52,5,5,22.2,6,0,0,1
PO001777,V0083,RAW,US,0.785,7.8,4.56,16,48102.44,3,4,8.2,6,0,0,1
PO001778,V0003,PACK,DE,0.708,8.1,1.56,12,4557.78,3,2,4.6,1,0,0,0
PO001779,V0089,PACK,MX,0.613,8.8,1.75,13,19644.43,6,2,8.1,2,0,0,0
PO001780,V0037,RAW,DE,0.831,10.3,3.17,12,2900.59,11,4,12.6,6,0,0,1
PO001781,V0048,PACK,MX,0.846,9.8,4.62,11,94591.47,3,3,8.2,0,0,0,1
PO001782,V0073,PACK,DE,0.853,7.6,4.13,14,2913.76,6,1,9.6,6,0,0,0
PO001783,V0040,SERVICE,CN,0.742,5.1,2.29,19,14481.58,3,1,5.4,5,0,0,1
PO001784,V0042,FINISH,CN,0.807,23.2,2.12,16,1611.83,6,5,22.0,6,0,0,1
PO001785,V0068,RAW,DE,0.98,7.4,4.46,20,1737.66,5,5,6.5,3,0,0,1
PO001786,V0051,FINISH,CN,0.637,24.5,4.23,13,16181.55,11,5,28.7,3,0,1,0
PO001787,V0098,FINISH,US,0.629,22.7,3.13,10,880.93,6,5,21.2,0,0,0,1
PO001788,V0011,RAW,DE,0.769,12.1,3.55,21,5873.25,3,3,10.8,2,0,1,1
PO001789,V0091,PACK,US,0.785,6.7,1.54,13,1002.36,5,3,3.6,0,1,0,0
PO001790,V0054,RAW,MX,0.782,9.2,4.8,24,96357.46,4,2,9.3,5,1,0,1
PO001791,V0045,PACK,US,0.98,8.2,1.18,13,10482.83,5,2,11.5,6,1,0,1
PO001792,V0005,RAW,CN,0.66,11.8,2.76,10,13702.05,2,1,12.4,4,0,0,0
PO001793,V0087,FINISH,US,0.855,19.7,4.93,9,1064.78,4,5,21.3,5,0,0,1
PO001794,V0046,FINISH,CN,0.577,23.2,1.65,8,1377.82,7,5,24.8,4,0,0,0
PO001795,V0073,PACK,DE,0.853,7.6,4.13,14,11242.95,5,1,9.9,4,0,0,1
PO001796,V0079,FINISH,CN,0.65,26.2,4.68,7,20769.49,8,3,25.4,1,1,0,1
PO001797,V0080,FINISH,IN,0.721,16.6,1.84,13,4116.54,10,3,18.0,0,0,0,0
PO001798,V0055,PACK,CN,0.619,8.4,4.01,9,22787.76,5,3,9.1,3,0,0,1
PO001799,V0007,RAW,CN,0.794,7.6,1.78,6,11081.99,3,2,4.0,0,0,0,1
PO001800,V0014,FINISH,DE,0.85,17.2,1.31,12,25292.55,4,4,16.2,4,0,0,1
PO001801,V0016,FINISH,IN,0.733,18.5,1.44,12,9750.38,5,4,19.2,5,0,0,1
PO001802,V0088,FINISH,MX,0.697,25.4,2.03,11,4273.32,2,4,24.6,5,1,0,0
PO001803,V0015,FINISH,MX,0.872,25.3,1.75,21,91306.56,6,4,25.3,2,0,0,1
PO001804,V0093,SERVICE,DE,0.917,6.8,1.72,8,1892.69,10,2,9.0,3,0,1,0
PO001805,V0003,PACK,DE,0.708,8.1,1.56,12,4363.87,4,1,10.3,0,0,1,0
PO001806,V0046,FINISH,CN,0.577,23.2,1.65,8,2001.47,6,5,24.2,3,0,0,0
PO001807,V0043,RAW,DE,0.98,7.1,1.46,6,8235.72,6,1,7.8,4,0,0,1
PO001808,V0096,PACK,DE,0.98,7.3,2.21,18,12377.58,3,2,7.6,5,0,0,1
PO001809,V0010,RAW,IN,0.761,9.5,1.46,20,3328.07,6,2,9.6,0,0,1,1
PO001810,V0012,FINISH,US,0.73,24.7,3.25,18,10004.08,5,4,23.5,6,0,0,0
PO001811,V0046,FINISH,CN,0.577,23.2,1.65,8,3021.15,1,4,23.9,1,0,0,0
PO001812,V0058,SERVICE,US,0.874,4.5,2.48,13,1494.88,4,2,1.0,4,0,0,0
PO001813,V0095,FINISH,US,0.879,19.0,4.51,14,7081.3,4,4,17.6,6,0,0,0
PO001814,V0090,RAW,CN,0.774,7.8,3.44,12,38044.82,4,3,7.5,2,0,0,0
PO001815,V0014,FINISH,DE,0.85,17.2,1.31,12,12153.07,4,4,18.3,4,0,1,0
PO001816,V0040,SERVICE,CN,0.742,5.1,2.29,19,10901.58,7,2,5.5,4,0,0,1
PO001817,V0086,RAW,US,0.712,8.7,1.64,11,10981.27,8,5,9.2,5,1,1,0
PO001818,V0021,FINISH,US,0.98,22.9,3.14,9,4066.43,12,4,25.7,1,0,0,1
PO001819,V0082,PACK,US,0.825,7.7,1.97,12,18268.53,6,4,9.4,4,0,0,1
PO001820,V0021,FINISH,US,0.98,22.9,3.14,9,8912.49,6,3,22.0,4,0,0,1
PO001821,V0082,PACK,US,0.825,7.7,1.97,12,74232.82,4,3,13.6,2,0,0,1
PO001822,V0037,RAW,DE,0.831,10.3,3.17,12,12078.05,5,1,13.4,4,0,0,1
PO001823,V0087,FINISH,US,0.855,19.7,4.93,9,846.58,7,5,20.6,4,0,0,0
PO001824,V0059,PACK,IN,0.786,5.6,2.97,7,15022.63,5,1,4.8,3,0,0,1
PO001825,V0062,FINISH,DE,0.881,22.2,4.6,6,6468.96,7,3,19.2,3,1,0,1
PO001826,V0010,RAW,IN,0.761,9.5,1.46,20,10670.31,3,3,10.3,3,0,0,1
PO001827,V0043,RAW,DE,0.98,7.1,1.46,6,18085.28,4,2,4.0,5,0,0,1
PO001828,V0072,RAW,CN,0.817,8.0,1.06,13,8139.86,4,1,10.3,6,0,1,1
PO001829,V0040,SERVICE,CN,0.742,5.1,2.29,19,1617.34,6,2,4.6,1,0,0,1
PO001830,V0026,RAW,DE,0.898,12.1,4.59,17,2430.16,3,2,11.2,1,0,1,0
PO001831,V0044,FINISH,IN,0.629,20.6,1.39,15,6077.38,5,3,19.3,4,0,0,1
PO001832,V0005,RAW,CN,0.66,11.8,2.76,10,4128.58,2,4,12.2,5,0,0,1
PO001833,V0081,PACK,CN,0.884,5.2,2.01,15,13447.41,4,2,5.4,6,0,0,1
PO001834,V0038,RAW,US,0.858,12.8,2.44,10,10950.41,5,1,16.8,6,0,0,1
PO001835,V0019,RAW,DE,0.886,7.4,2.11,21,7008.9,7,2,12.2,3,0,0,1
PO001836,V0048,PACK,MX,0.846,9.8,4.62,11,53201.38,6,1,5.9,1,0,0,1
PO001837,V0077,PACK,IN,0.601,6.0,1.16,11,8436.49,4,4,7.0,5,0,1,0
PO001838,V0004,FINISH,DE,0.824,16.8,3.06,16,47535.4,8,3,14.9,1,0,0,1
PO001839,V0042,FINISH,CN,0.807,23.2,2.12,16,30799.68,3,3,23.6,0,1,0,1
PO001840,V0017,FINISH,IN,0.701,19.8,1.89,10,6363.9,6,4,21.1,0,0,0,0
PO001841,V0078,RAW,US,0.9,7.8,2.84,11,4337.96,3,1,4.4,1,1,1,1
PO001842,V0023,RAW,CN,0.614,11.8,2.55,22,998.71,3,2,12.0,4,0,0,0
PO001843,V0076,RAW,US,0.841,8.0,3.56,11,126987.88,7,1,5.9,3,0,0,1
PO001844,V0027,FINISH,US,0.879,14.1,1.64,15,15673.11,9,3,12.8,6,0,1,1
PO001845,V0048,PACK,MX,0.846,9.8,4.62,11,4567.82,2,3,11.3,0,1,0,1
PO001846,V0097,FINISH,US,0.933,26.7,3.5,16,17515.34,5,3,28.0,2,0,0,1
PO001847,V0038,RAW,US,0.858,12.8,2.44,10,4204.41,10,4,13.9,1,0,0,1
PO001848,V0050,RAW,IN,0.638,7.8,3.79,16,10125.96,4,3,7.3,3,0,0,0
PO001849,V0064,RAW,CN,0.639,13.8,4.94,17,23918.24,8,2,16.0,0,1,1,1
PO001850,V0039,RAW,IN,0.627,7.4,3.13,15,23674.82,7,2,6.8,4,0,0,0
PO001851,V0092,FINISH,US,0.855,24.6,3.38,15,12005.26,5,4,23.1,6,0,0,1
PO001852,V0025,PACK,IN,0.539,5.5,4.59,21,40889.76,3,3,6.1,5,0,1,1
PO001853,V0015,FINISH,MX,0.872,25.3,1.75,21,15454.29,6,3,25.7,1,0,0,1
PO001854,V0054,RAW,MX,0.782,9.2,4.8,24,23572.39,10,3,7.5,4,0,0,1
PO001855,V0081,PACK,CN,0.884,5.2,2.01,15,3998.02,3,4,3.9,2,0,0,1
PO001856,V0005,RAW,CN,0.66,11.8,2.76,10,10162.22,4,2,14.7,0,0,0,1
PO001857,V0087,FINISH,US,0.855,19.7,4.93,9,6581.32,6,4,20.4,5,0,0,0
PO001858,V0050,RAW,IN,0.638,7.8,3.79,16,5337.97,6,3,7.0,4,0,0,0
PO001859,V0038,RAW,US,0.858,12.8,2.44,10,5377.62,6,3,12.4,3,0,0,1
PO001860,V0046,FINISH,CN,0.577,23.2,1.65,8,1151.87,3,5,22.9,6,0,0,1
PO001861,V0047,PACK,US,0.861,6.9,3.57,14,11492.17,8,4,8.1,0,0,0,0
PO001862,V0013,PACK,CN,0.729,6.6,3.03,21,2836.06,4,1,4.4,0,0,0,0
PO001863,V0021,FINISH,US,0.98,22.9,3.14,9,3090.3,7,5,21.6,4,1,0,0
PO001864,V0053,SERVICE,US,0.98,4.3,4.58,14,21470.73,5,1,2.1,4,0,0,1
PO001865,V0056,PACK,US,0.729,7.2,4.55,13,351.23,3,1,4.9,2,1,1,0
PO001866,V0056,PACK,US,0.729,7.2,4.55,13,7889.7,9,2,7.0,1,0,0,0
PO001867,V0067,FINISH,DE,0.709,27.6,4.37,19,1977.49,5,4,29.8,6,0,0,0
PO001868,V0072,RAW,CN,0.817,8.0,1.06,13,35576.48,10,5,6.6,1,0,0,0
PO001869,V0100,FINISH,US,0.802,15.8,2.59,19,17940.95,3,4,19.3,6,0,0,0
PO001870,V0084,PACK,IN,0.592,5.4,3.15,16,22817.37,6,5,3.1,2,0,0,0
PO001871,V0080,FINISH,IN,0.721,16.6,1.84,13,5412.22,6,4,16.9,5,1,0,0
PO001872,V0020,PACK,US,0.98,9.9,1.97,17,19416.64,5,4,12.3,0,0,0,1
PO001873,V0081,PACK,CN,0.884,5.2,2.01,15,4585.63,2,2,4.9,4,0,0,1
PO001874,V0069,RAW,DE,0.892,8.6,3.69,16,23303.75,0,2,7.9,3,0,0,1
PO001875,V0014,FINISH,DE,0.85,17.2,1.31,12,10444.08,8,3,17.0,4,0,0,0
PO001876,V0009,FINISH,US,0.782,14.1,4.26,17,177.91,6,4,13.4,5,0,0,1
PO001877,V0098,FINISH,US,0.629,22.7,3.13,10,29657.73,5,4,20.3,0,0,0,0
PO001878,V0030,PACK,MX,0.97,9.5,3.52,19,489.27,5,2,8.8,5,1,1,0
PO001879,V0012,FINISH,US,0.73,24.7,3.25,18,28931.08,7,3,25.9,3,1,0,1
PO001880,V0018,RAW,MX,0.757,10.6,3.81,25,17002.75,5,2,13.2,1,0,0,1
PO001881,V0008,RAW,DE,0.897,12.8,2.43,12,15895.1,5,3,10.3,4,0,0,1
PO001882,V0059,PACK,IN,0.786,5.6,2.97,7,966.59,5,2,5.7,6,1,0,1
PO001883,V0057,FINISH,US,0.768,15.2,3.8,17,4039.38,5,4,11.4,6,0,1,0
PO001884,V0025,PACK,IN,0.539,5.5,4.59,21,17822.54,3,1,5.5,0,0,0,1
PO001885,V0005,RAW,CN,0.66,11.8,2.76,10,8823.05,5,2,11.6,1,1,1,0
PO001886,V0019,RAW,DE,0.886,7.4,2.11,21,6912.36,3,1,7.6,5,0,0,1
PO001887,V0061,FINISH,US,0.872,15.0,3.22,16,2639.28,8,3,16.8,6,1,1,1
PO001888,V0076,RAW,US,0.841,8.0,3.56,11,19956.04,4,3,7.9,0,0,0,1
PO001889,V0097,FINISH,US,0.933,26.7,3.5,16,16939.85,7,3,24.9,2,0,0,1
PO001890,V0007,RAW,CN,0.794,7.6,1.78,6,24670.99,6,4,6.9,1,0,1,0
PO001891,V0031,PACK,CN,0.783,6.4,1.1,17,10353.77,2,1,6.4,2,0,0,0
PO001892,V0062,FINISH,DE,0.881,22.2,4.6,6,7228.3,3,4,24.0,0,0,0,1
PO001893,V0080,FINISH,IN,0.721,16.6,1.84,13,17830.0,4,3,15.5,5,0,0,1
PO001894,V0075,SERVICE,DE,0.673,5.5,1.96,8,26857.87,6,2,3.1,2,0,0,0
PO001895,V0059,PACK,IN,0.786,5.6,2.97,7,18879.6,5,1,1.0,1,1,0,1
PO001896,V0082,PACK,US,0.825,7.7,1.97,12,1028.84,3,5,7.1,1,0,0,1
PO001897,V0065,FINISH,DE,0.79,26.8,4.29,23,45741.26,5,3,26.8,0,1,0,1
PO001898,V0088,FINISH,MX,0.697,25.4,2.03,11,6173.53,5,5,26.1,6,0,0,0
PO001899,V0022,RAW,DE,0.74,7.3,3.36,17,6356.97,6,4,8.0,6,0,0,0
PO001900,V0017,FINISH,IN,0.701,19.8,1.89,10,6060.5,5,4,22.0,2,0,0,0
PO001901,V0059,PACK,IN,0.786,5.6,2.97,7,34095.08,6,2,7.5,0,0,0,0
PO001902,V0055,PACK,CN,0.619,8.4,4.01,9,20937.43,4,2,10.0,3,0,0,0
PO001903,V0084,PACK,IN,0.592,5.4,3.15,16,26803.35,3,2,6.8,6,0,0,0
PO001904,V0092,FINISH,US,0.855,24.6,3.38,15,82058.98,2,3,24.3,4,0,0,0
PO001905,V0049,RAW,US,0.878,7.5,2.28,20,5470.95,3,3,11.5,0,0,1,1
PO001906,V0050,RAW,IN,0.638,7.8,3.79,16,14806.48,8,2,6.9,6,0,0,0
PO001907,V0074,SERVICE,IN,0.772,3.6,4.71,15,20426.26,3,2,1.0,4,0,0,1
PO001908,V0035,FINISH,CN,0.582,25.3,4.24,15,12293.53,8,4,24.3,2,0,0,0
PO001909,V0019,RAW,DE,0.886,7.4,2.11,21,36138.76,3,2,9.2,2,0,0,0
PO001910,V0023,RAW,CN,0.614,11.8,2.55,22,60404.77,2,4,9.8,2,0,1,1
PO001911,V0079,FINISH,CN,0.65,26.2,4.68,7,1683.66,2,3,23.9,2,0,0,0
PO001912,V0024,RAW,DE,0.927,13.5,4.51,12,2365.46,10,1,14.7,1,0,1,1
PO001913,V0018,RAW,MX,0.757,10.6,3.81,25,839.13,4,3,8.3,3,0,0,1
PO001914,V0018,RAW,MX,0.757,10.6,3.81,25,1555.6,8,3,14.1,1,0,0,1
PO001915,V0077,PACK,IN,0.601,6.0,1.16,11,2863.85,8,4,3.7,6,1,1,0
PO001916,V0027,FINISH,US,0.879,14.1,1.64,15,4032.92,9,5,13.8,0,0,0,0
PO001917,V0045,PACK,US,0.98,8.2,1.18,13,3043.38,6,2,6.2,1,0,0,1
PO001918,V0013,PACK,CN,0.729,6.6,3.03,21,7815.38,6,1,7.0,1,0,0,1
PO001919,V0010,RAW,IN,0.761,9.5,1.46,20,1403.19,10,2,8.8,2,1,0,0
PO001920,V0075,SERVICE,DE,0.673,5.5,1.96,8,8878.53,3,1,4.0,3,0,0,1
PO001921,V0030,PACK,MX,0.97,9.5,3.52,19,8184.34,3,4,10.3,0,0,0,0
PO001922,V0074,SERVICE,IN,0.772,3.6,4.71,15,6346.04,10,2,1.6,2,0,0,0
PO001923,V0009,FINISH,US,0.782,14.1,4.26,17,6814.96,6,5,14.6,3,0,0,0
PO001924,V0072,RAW,CN,0.817,8.0,1.06,13,15371.09,6,2,10.0,4,0,0,0
PO001925,V0059,PACK,IN,0.786,5.6,2.97,7,2739.78,7,5,6.1,1,0,1,0
PO001926,V0011,RAW,DE,0.769,12.1,3.55,21,1442.49,5,1,14.5,6,0,0,1
PO001927,V0052,SERVICE,DE,0.824,6.4,2.72,18,14761.11,4,2,8.9,2,0,0,1
PO001928,V0089,PACK,MX,0.613,8.8,1.75,13,1325.28,4,1,12.2,0,0,0,1
PO001929,V0076,RAW,US,0.841,8.0,3.56,11,12332.22,2,1,7.9,5,1,0,1
PO001930,V0092,FINISH,US,0.855,24.6,3.38,15,708.61,5,3,24.9,2,0,1,1
PO001931,V0056,PACK,US,0.729,7.2,4.55,13,8894.6,3,4,7.3,2,0,0,0
PO001932,V0091,PACK,US,0.785,6.7,1.54,13,9128.89,8,2,6.6,1,1,0,0
PO001933,V0058,SERVICE,US,0.874,4.5,2.48,13,14131.19,3,2,3.1,2,0,1,1
PO001934,V0058,SERVICE,US,0.874,4.5,2.48,13,2049.54,7,1,6.4,0,0,0,0
PO001935,V0099,FINISH,US,0.857,24.7,4.51,13,9945.59,6,5,23.7,4,0,1,1
PO001936,V0050,RAW,IN,0.638,7.8,3.79,16,35971.43,1,2,4.8,4,0,1,1
PO001937,V0044,FINISH,IN,0.629,20.6,1.39,15,10411.88,5,5,20.7,4,0,0,0
PO001938,V0068,RAW,DE,0.98,7.4,4.46,20,2544.76,3,1,9.1,1,0,1,1
PO001939,V0098,FINISH,US,0.629,22.7,3.13,10,33518.51,6,5,22.6,4,1,0,0
PO001940,V0052,SERVICE,DE,0.824,6.4,2.72,18,4987.85,4,1,9.5,2,0,0,1
PO001941,V0029,FINISH,CN,0.802,15.3,2.47,12,6141.5,5,4,16.3,2,0,1,1
PO001942,V0029,FINISH,CN,0.802,15.3,2.47,12,30187.62,4,5,16.5,0,0,0,1
PO001943,V0013,PACK,CN,0.729,6.6,3.03,21,14697.68,4,2,3.9,2,0,0,1
PO001944,V0024,RAW,DE,0.927,13.5,4.51,12,5819.77,5,4,14.1,6,0,0,0
PO001945,V0036,FINISH,IN,0.606,23.8,4.18,21,90178.59,4,3,26.6,2,0,0,0
PO001946,V0004,FINISH,DE,0.824,16.8,3.06,16,3997.55,6,4,14.4,6,0,0,1
PO001947,V0090,RAW,CN,0.774,7.8,3.44,12,4718.18,5,2,10.9,5,0,0,1
PO001948,V0082,PACK,US,0.825,7.7,1.97,12,53787.31,6,2,5.9,0,0,0,1
PO001949,V0094,FINISH,CN,0.66,16.0,4.18,11,9196.71,5,5,18.0,5,0,0,1
PO001950,V0002,SERVICE,US,0.98,6.3,1.85,11,682.51,3,1,5.5,6,0,0,1
PO001951,V0013,PACK,CN,0.729,6.6,3.03,21,5163.48,2,4,1.5,2,0,0,1
PO001952,V0032,SERVICE,MX,0.694,6.7,2.48,12,31732.64,5,2,7.5,3,1,1,1
PO001953,V0029,FINISH,CN,0.802,15.3,2.47,12,34047.03,2,5,11.9,3,1,0,1
PO001954,V0081,PACK,CN,0.884,5.2,2.01,15,8587.21,5,2,3.2,0,0,0,1
PO001955,V0094,FINISH,CN,0.66,16.0,4.18,11,5913.56,8,3,17.6,3,0,0,0
PO001956,V0040,SERVICE,CN,0.742,5.1,2.29,19,73884.15,5,1,6.4,4,0,0,1
PO001957,V0022,RAW,DE,0.74,7.3,3.36,17,3408.59,5,2,10.3,3,0,0,1
PO001958,V0045,PACK,US,0.98,8.2,1.18,13,2849.62,5,3,8.3,4,0,0,1
PO001959,V0003,PACK,DE,0.708,8.1,1.56,12,9909.7,3,2,9.7,1,0,0,1
PO001960,V0064,RAW,CN,0.639,13.8,4.94,17,31565.58,8,3,15.1,6,1,1,0
PO001961,V0020,PACK,US,0.98,9.9,1.97,17,4871.71,3,3,10.2,0,0,0,1
PO001962,V0063,FINISH,MX,0.98,17.9,1.75,15,41520.73,4,5,15.3,5,0,0,1
PO001963,V0022,RAW,DE,0.74,7.3,3.36,17,3137.45,7,3,7.5,4,0,0,1
PO001964,V0047,PACK,US,0.861,6.9,3.57,14,83218.38,5,2,9.3,0,0,0,1
PO001965,V0020,PACK,US,0.98,9.9,1.97,17,3387.11,4,3,11.8,3,1,1,0
PO001966,V0073,PACK,DE,0.853,7.6,4.13,14,6567.56,5,2,5.9,5,0,0,1
PO001967,V0039,RAW,IN,0.627,7.4,3.13,15,2484.3,4,2,8.1,1,0,0,0
PO001968,V0049,RAW,US,0.878,7.5,2.28,20,19739.34,7,1,15.1,3,0,0,1
PO001969,V0054,RAW,MX,0.782,9.2,4.8,24,28213.83,6,1,9.5,3,0,0,1
PO001970,V0018,RAW,MX,0.757,10.6,3.81,25,9654.12,4,3,8.9,1,0,0,1
PO001971,V0052,SERVICE,DE,0.824,6.4,2.72,18,29870.21,5,2,5.8,6,0,0,1
PO001972,V0007,RAW,CN,0.794,7.6,1.78,6,45865.15,2,2,6.1,1,0,1,0
PO001973,V0082,PACK,US,0.825,7.7,1.97,12,12470.79,11,1,8.9,5,0,0,1
PO001974,V0088,FINISH,MX,0.697,25.4,2.03,11,1925.13,4,3,27.4,6,0,0,1
PO001975,V0046,FINISH,CN,0.577,23.2,1.65,8,8774.18,4,4,23.6,2,0,0,0
PO001976,V0049,RAW,US,0.878,7.5,2.28,20,6791.88,6,3,10.9,1,0,0,1
PO001977,V0083,RAW,US,0.785,7.8,4.56,16,1105.12,4,5,8.5,6,0,0,1
PO001978,V0097,FINISH,US,0.933,26.7,3.5,16,11213.88,7,4,26.5,0,0,0,1
PO001979,V0073,PACK,DE,0.853,7.6,4.13,14,2631.33,3,3,6.9,1,0,1,1
PO001980,V0002,SERVICE,US,0.98,6.3,1.85,11,14270.6,7,2,4.3,0,0,0,1
PO001981,V0066,PACK,CN,0.769,9.7,4.46,6,10649.89,5,4,8.5,1,1,0,1
PO001982,V0067,FINISH,DE,0.709,27.6,4.37,19,47879.6,4,5,28.8,2,0,0,1
PO001983,V0045,PACK,US,0.98,8.2,1.18,13,15882.0,3,3,7.6,4,0,0,1
PO001984,V0083,RAW,US,0.785,7.8,4.56,16,7929.24,4,3,5.4,5,0,0,1
PO001985,V0018,RAW,MX,0.757,10.6,3.81,25,11743.06,5,2,9.9,0,0,1,1
PO001986,V0063,FINISH,MX,0.98,17.9,1.75,15,4511.83,8,5,17.3,3,0,0,1
PO001987,V0065,FINISH,DE,0.79,26.8,4.29,23,3651.39,4,4,24.4,5,0,0,0
PO001988,V0028,RAW,CN,0.649,12.0,1.95,13,10389.44,7,4,8.8,3,0,0,1
PO001989,V0097,FINISH,US,0.933,26.7,3.5,16,838.75,3,5,26.8,3,0,0,1
PO001990,V0051,FINISH,CN,0.637,24.5,4.23,13,15200.85,5,5,24.6,6,0,0,0
PO001991,V0078,RAW,US,0.9,7.8,2.84,11,11656.5,7,1,5.0,1,0,0,1
PO001992,V0081,PACK,CN,0.884,5.2,2.01,15,6272.43,9,4,3.3,1,0,0,1
PO001993,V0079,FINISH,CN,0.65,26.2,4.68,7,8248.09,4,3,27.2,3,0,0,0
PO001994,V0067,FINISH,DE,0.709,27.6,4.37,19,27891.31,8,5,27.9,4,0,0,1
PO001995,V0030,PACK,MX,0.97,9.5,3.52,19,15953.24,7,4,7.6,6,0,1,1
PO001996,V0091,PACK,US,0.785,6.7,1.54,13,28801.87,3,2,5.6,1,0,0,1
PO001997,V0026,RAW,DE,0.898,12.1,4.59,17,3533.51,5,3,10.2,1,0,0,1
PO001998,V0071,PACK,CN,0.695,5.7,1.12,18,4664.95,5,2,7.3,3,0,0,1
PO001999,V0096,PACK,DE,0.98,7.3,2.21,18,1227.58,7,2,9.7,4,0,0,1
PO002000,V0062,FINISH,DE,0.881,22.2,4.6,6,8704.49,3,3,22.4,4,0,0,0
PO002001,V0046,FINISH,CN,0.577,23.2,1.65,8,6485.51,7,5,22.5,4,0,0,0
PO002002,V0085,RAW,DE,0.792,11.5,3.28,16,36254.0,12,2,12.2,2,0,0,0
PO002003,V0026,RAW,DE,0.898,12.1,4.59,17,2792.72,9,3,17.4,4,0,0,0
PO002004,V0063,FINISH,MX,0.98,17.9,1.75,15,721.09,7,3,16.7,4,0,1,0
PO002005,V0094,FINISH,CN,0.66,16.0,4.18,11,43787.17,6,5,16.4,1,0,0,0
PO002006,V0048,PACK,MX,0.846,9.8,4.62,11,1430.1,8,1,12.0,1,0,0,0
PO002007,V0049,RAW,US,0.878,7.5,2.28,20,11831.89,7,2,4.0,5,0,0,1
PO002008,V0061,FINISH,US,0.872,15.0,3.22,16,3816.26,2,4,15.7,3,0,0,0
PO002009,V0077,PACK,IN,0.601,6.0,1.16,11,17069.53,1,2,9.1,1,0,0,0
PO002010,V0081,PACK,CN,0.884,5.2,2.01,15,137303.51,1,1,6.1,0,0,0,1
PO002011,V0052,SERVICE,DE,0.824,6.4,2.72,18,3572.56,1,1,6.2,5,0,0,1
PO002012,V0080,FINISH,IN,0.721,16.6,1.84,13,20101.58,3,4,16.3,6,0,0,1
PO002013,V0097,FINISH,US,0.933,26.7,3.5,16,23538.56,7,4,29.2,1,0,1,1
PO002014,V0080,FINISH,IN,0.721,16.6,1.84,13,2217.38,3,3,15.5,1,0,1,0
PO002015,V0013,PACK,CN,0.729,6.6,3.03,21,4904.73,6,1,6.2,4,0,0,1
PO002016,V0022,RAW,DE,0.74,7.3,3.36,17,2578.13,5,3,7.8,6,1,0,0
PO002017,V0013,PACK,CN,0.729,6.6,3.03,21,2110.54,6,2,7.8,1,0,0,1
PO002018,V0098,FINISH,US,0.629,22.7,3.13,10,10306.18,6,3,20.4,1,0,0,0
PO002019,V0014,FINISH,DE,0.85,17.2,1.31,12,34942.17,5,4,20.4,0,1,1,0
PO002020,V0024,RAW,DE,0.927,13.5,4.51,12,6728.36,5,3,11.3,6,0,0,1
PO002021,V0070,FINISH,US,0.901,21.3,4.09,15,10881.01,6,5,23.4,5,1,0,0
PO002022,V0060,FINISH,US,0.834,24.4,3.33,25,21770.81,5,3,20.3,5,0,1,0
PO002023,V0024,RAW,DE,0.927,13.5,4.51,12,26038.78,3,3,14.3,3,0,0,1
PO002024,V0093,SERVICE,DE,0.917,6.8,1.72,8,11535.82,8,1,5.7,0,0,0,1
PO002025,V0003,PACK,DE,0.708,8.1,1.56,12,12809.15,7,4,11.3,2,0,0,1
PO002026,V0017,FINISH,IN,0.701,19.8,1.89,10,1971.88,5,4,20.3,6,0,0,1
PO002027,V0058,SERVICE,US,0.874,4.5,2.48,13,25161.78,7,2,3.3,6,1,0,1
PO002028,V0052,SERVICE,DE,0.824,6.4,2.72,18,8316.29,4,1,7.5,2,0,0,1
PO002029,V0077,PACK,IN,0.601,6.0,1.16,11,2315.58,7,5,7.0,4,0,0,1
PO002030,V0019,RAW,DE,0.886,7.4,2.11,21,7804.03,3,1,6.4,3,0,1,1
PO002031,V0092,FINISH,US,0.855,24.6,3.38,15,13955.85,4,5,24.0,6,0,1,1
PO002032,V0017,FINISH,IN,0.701,19.8,1.89,10,4775.23,3,4,14.9,2,0,0,1
PO002033,V0030,PACK,MX,0.97,9.5,3.52,19,2917.64,5,3,9.1,4,1,0,1
PO002034,V0098,FINISH,US,0.629,22.7,3.13,10,15032.49,5,4,26.7,0,0,0,0
PO002035,V0030,PACK,MX,0.97,9.5,3.52,19,573.28,2,3,14.5,1,0,0,1
PO002036,V0062,FINISH,DE,0.881,22.2,4.6,6,4172.81,4,3,23.2,5,0,0,1
PO002037,V0056,PACK,US,0.729,7.2,4.55,13,19840.51,4,3,6.2,2,0,0,1
PO002038,V0076,RAW,US,0.841,8.0,3.56,11,3618.34,12,1,8.1,1,0,1,0
PO002039,V0043,RAW,DE,0.98,7.1,1.46,6,777.32,7,2,6.7,6,0,0,1
PO002040,V0052,SERVICE,DE,0.824,6.4,2.72,18,62099.53,5,2,6.8,6,0,0,1
PO002041,V0024,RAW,DE,0.927,13.5,4.51,12,13645.29,3,4,13.3,2,0,0,1
PO002042,V0100,FINISH,US,0.802,15.8,2.59,19,3662.03,2,4,17.7,2,0,0,0
PO002043,V0093,SERVICE,DE,0.917,6.8,1.72,8,3272.0,2,1,6.6,6,0,0,1
PO002044,V0044,FINISH,IN,0.629,20.6,1.39,15,21653.07,3,4,21.9,6,0,1,0
PO002045,V0040,SERVICE,CN,0.742,5.1,2.29,19,38447.68,6,1,2.9,5,0,0,0
PO002046,V0001,SERVICE,DE,0.945,3.6,1.62,16,6262.0,1,1,5.1,4,0,0,1
PO002047,V0063,FINISH,MX,0.98,17.9,1.75,15,5172.31,4,5,16.4,4,0,0,0
PO002048,V0045,PACK,US,0.98,8.2,1.18,13,16377.94,4,2,9.0,2,0,0,1
PO002049,V0015,FINISH,MX,0.872,25.3,1.75,21,2549.36,7,5,28.4,2,0,0,1
PO002050,V0061,FINISH,US,0.872,15.0,3.22,16,14141.01,5,4,13.3,6,0,0,0
PO002051,V0083,RAW,US,0.785,7.8,4.56,16,5966.85,3,4,8.3,4,0,1,1
PO002052,V0052,SERVICE,DE,0.824,6.4,2.72,18,35154.79,8,1,6.1,1,0,0,0
PO002053,V0093,SERVICE,DE,0.917,6.8,1.72,8,24988.37,7,2,7.1,4,0,0,1
PO002054,V0066,PACK,CN,0.769,9.7,4.46,6,8909.32,7,2,8.3,2,0,0,1
PO002055,V0002,SERVICE,US,0.98,6.3,1.85,11,9353.47,5,2,9.3,0,0,0,1
PO002056,V0032,SERVICE,MX,0.694,6.7,2.48,12,5660.37,6,2,9.4,5,0,0,0
PO002057,V0070,FINISH,US,0.901,21.3,4.09,15,11845.17,4,4,19.5,3,0,0,1
PO002058,V0047,PACK,US,0.861,6.9,3.57,14,4025.91,6,2,4.6,6,0,1,1
PO002059,V0012,FINISH,US,0.73,24.7,3.25,18,15016.0,3,4,25.7,6,0,1,1
PO002060,V0064,RAW,CN,0.639,13.8,4.94,17,1758.58,6,1,13.7,5,1,1,1
PO002061,V0093,SERVICE,DE,0.917,6.8,1.72,8,8055.08,3,1,10.5,5,0,0,1
PO002062,V0007,RAW,CN,0.794,7.6,1.78,6,57591.45,3,1,5.7,0,0,0,1
PO002063,V0076,RAW,US,0.841,8.0,3.56,11,2530.29,5,1,8.3,6,0,0,1
PO002064,V0039,RAW,IN,0.627,7.4,3.13,15,4967.3,5,4,8.2,1,0,0,1
PO002065,V0037,RAW,DE,0.831,10.3,3.17,12,22441.08,4,4,8.7,1,1,1,0
PO002066,V0039,RAW,IN,0.627,7.4,3.13,15,674.03,11,2,9.3,0,0,0,0
PO002067,V0079,FINISH,CN,0.65,26.2,4.68,7,22233.25,11,4,24.3,6,0,0,0
PO002068,V0002,SERVICE,US,0.98,6.3,1.85,11,59023.44,10,1,7.5,0,0,0,1
PO002069,V0097,FINISH,US,0.933,26.7,3.5,16,12377.18,7,5,26.4,2,0,0,1
PO002070,V0062,FINISH,DE,0.881,22.2,4.6,6,31736.31,8,4,23.4,5,0,0,1
PO002071,V0071,PACK,CN,0.695,5.7,1.12,18,14975.08,7,3,5.8,5,0,0,1
PO002072,V0004,FINISH,DE,0.824,16.8,3.06,16,6776.75,3,4,16.8,0,0,1,1
PO002073,V0027,FINISH,US,0.879,14.1,1.64,15,25178.67,7,5,10.8,4,1,1,0
PO002074,V0082,PACK,US,0.825,7.7,1.97,12,176021.06,5,2,5.7,4,0,0,1
PO002075,V0009,FINISH,US,0.782,14.1,4.26,17,23738.22,2,5,13.9,1,0,0,0
PO002076,V0038,RAW,US,0.858,12.8,2.44,10,4507.21,4,4,12.9,3,1,1,1
PO002077,V0026,RAW,DE,0.898,12.1,4.59,17,18650.55,4,2,12.3,2,0,0,1
PO002078,V0087,FINISH,US,0.855,19.7,4.93,9,6691.31,5,5,15.4,1,0,1,0
PO002079,V0062,FINISH,DE,0.881,22.2,4.6,6,1011.09,5,5,18.5,4,0,1,1
PO002080,V0066,PACK,CN,0.769,9.7,4.46,6,11646.08,4,2,6.0,0,0,0,0
PO002081,V0001,SERVICE,DE,0.945,3.6,1.62,16,9404.94,3,2,4.6,6,0,0,1
PO002082,V0012,FINISH,US,0.73,24.7,3.25,18,7825.48,6,4,25.6,1,0,0,0
PO002083,V0025,PACK,IN,0.539,5.5,4.59,21,19302.89,3,2,6.7,6,0,0,1
PO002084,V0080,FINISH,IN,0.721,16.6,1.84,13,2416.96,9,3,16.3,1,0,0,1
PO002085,V0019,RAW,DE,0.886,7.4,2.11,21,9624.61,5,1,6.1,0,0,0,1
PO002086,V0048,PACK,MX,0.846,9.8,4.62,11,30272.12,4,4,8.4,2,0,0,1
PO002087,V0006,SERVICE,US,0.821,4.0,3.65,13,11538.46,6,1,3.6,0,0,0,1
PO002088,V0035,FINISH,CN,0.582,25.3,4.24,15,55861.44,7,4,26.4,3,0,0,0
PO002089,V0028,RAW,CN,0.649,12.0,1.95,13,2041.67,3,3,13.1,1,0,0,1
PO002090,V0066,PACK,CN,0.769,9.7,4.46,6,3440.51,7,2,9.1,5,0,0,1
PO002091,V0082,PACK,US,0.825,7.7,1.97,12,14998.06,5,3,9.5,4,0,0,1
PO002092,V0023,RAW,CN,0.614,11.8,2.55,22,28077.36,9,3,15.2,4,1,0,0
PO002093,V0091,PACK,US,0.785,6.7,1.54,13,52526.59,6,1,8.8,5,0,0,1
PO002094,V0073,PACK,DE,0.853,7.6,4.13,14,1341.32,2,4,9.2,0,0,1,0
PO002095,V0084,PACK,IN,0.592,5.4,3.15,16,14894.69,4,3,4.5,0,0,0,1
PO002096,V0068,RAW,DE,0.98,7.4,4.46,20,1765.47,3,3,9.7,1,1,1,1
PO002097,V0051,FINISH,CN,0.637,24.5,4.23,13,7459.97,5,3,25.9,3,0,0,0
PO002098,V0090,RAW,CN,0.774,7.8,3.44,12,4395.16,4,2,7.4,5,0,0,1
PO002099,V0077,PACK,IN,0.601,6.0,1.16,11,1012.61,3,4,4.7,3,0,1,1
PO002100,V0041,RAW,DE,0.93,9.9,1.69,10,18038.16,5,1,6.5,5,0,0,1
PO002101,V0022,RAW,DE,0.74,7.3,3.36,17,2187.34,7,2,9.0,0,0,0,0
PO002102,V0060,FINISH,US,0.834,24.4,3.33,25,7943.48,4,4,26.0,5,0,0,0
PO002103,V0058,SERVICE,US,0.874,4.5,2.48,13,5143.22,3,1,4.7,3,0,0,1
PO002104,V0014,FINISH,DE,0.85,17.2,1.31,12,66973.51,7,3,17.7,2,0,0,0
PO002105,V0100,FINISH,US,0.802,15.8,2.59,19,3240.17,6,4,17.8,0,0,0,0
PO002106,V0096,PACK,DE,0.98,7.3,2.21,18,6049.07,4,1,5.5,3,1,0,1
PO002107,V0045,PACK,US,0.98,8.2,1.18,13,52871.59,6,2,4.9,2,0,0,1
PO002108,V0050,RAW,IN,0.638,7.8,3.79,16,2752.32,2,4,7.7,2,0,0,1
PO002109,V0100,FINISH,US,0.802,15.8,2.59,19,16183.31,6,3,19.4,5,0,0,0
PO002110,V0046,FINISH,CN,0.577,23.2,1.65,8,10319.5,3,4,25.4,0,0,1,0
PO002111,V0076,RAW,US,0.841,8.0,3.56,11,25345.17,5,4,11.4,1,0,0,0
PO002112,V0015,FINISH,MX,0.872,25.3,1.75,21,1669.2,5,3,22.3,2,0,1,0
PO002113,V0041,RAW,DE,0.93,9.9,1.69,10,37332.35,6,3,13.3,2,0,0,1
PO002114,V0005,RAW,CN,0.66,11.8,2.76,10,3816.08,4,1,9.2,1,0,0,1
PO002115,V0095,FINISH,US,0.879,19.0,4.51,14,4478.7,4,3,19.1,3,0,0,0
PO002116,V0091,PACK,US,0.785,6.7,1.54,13,43038.61,6,3,9.0,1,0,0,1
PO002117,V0033,RAW,IN,0.721,13.6,3.78,16,18181.21,6,3,14.6,5,1,0,1
PO002118,V0100,FINISH,US,0.802,15.8,2.59,19,3324.57,2,3,15.3,4,0,0,0
PO002119,V0061,FINISH,US,0.872,15.0,3.22,16,160412.59,4,5,18.8,5,0,0,1
PO002120,V0061,FINISH,US,0.872,15.0,3.22,16,7995.53,6,3,13.4,6,0,0,1
PO002121,V0089,PACK,MX,0.613,8.8,1.75,13,13753.6,5,1,6.9,6,0,0,1
PO002122,V0063,FINISH,MX,0.98,17.9,1.75,15,10488.59,7,4,13.5,4,0,0,1
PO002123,V0009,FINISH,US,0.782,14.1,4.26,17,8890.17,2,5,14.8,5,0,0,1
PO002124,V0009,FINISH,US,0.782,14.1,4.26,17,36654.3,2,3,15.3,4,0,0,1
PO002125,V0026,RAW,DE,0.898,12.1,4.59,17,5448.52,4,2,12.2,0,0,0,1
PO002126,V0049,RAW,US,0.878,7.5,2.28,20,9743.17,5,2,8.0,6,0,1,1
PO002127,V0069,RAW,DE,0.892,8.6,3.69,16,6182.55,4,5,10.6,1,0,0,1
PO002128,V0047,PACK,US,0.861,6.9,3.57,14,23589.15,6,3,5.4,3,0,0,1
PO002129,V0046,FINISH,CN,0.577,23.2,1.65,8,16889.06,7,3,21.4,1,0,0,1
PO002130,V0006,SERVICE,US,0.821,4.0,3.65,13,13057.34,7,2,1.0,0,0,1,0
PO002131,V0064,RAW,CN,0.639,13.8,4.94,17,1580.35,5,2,15.5,0,0,0,0
PO002132,V0021,FINISH,US,0.98,22.9,3.14,9,18817.34,4,3,26.7,5,0,0,0
PO002133,V0058,SERVICE,US,0.874,4.5,2.48,13,21182.83,3,2,3.8,6,0,0,1
PO002134,V0014,FINISH,DE,0.85,17.2,1.31,12,146571.09,5,4,18.8,1,1,0,0
PO002135,V0005,RAW,CN,0.66,11.8,2.76,10,13283.03,5,2,13.8,5,0,0,1
PO002136,V0076,RAW,US,0.841,8.0,3.56,11,63369.28,4,2,8.8,4,0,0,1
PO002137,V0071,PACK,CN,0.695,5.7,1.12,18,3301.13,5,3,4.8,2,0,0,0
PO002138,V0098,FINISH,US,0.629,22.7,3.13,10,12903.04,2,5,23.4,4,0,0,0
PO002139,V0023,RAW,CN,0.614,11.8,2.55,22,731.8,4,1,10.9,5,0,0,0
PO002140,V0006,SERVICE,US,0.821,4.0,3.65,13,159578.53,5,2,2.3,5,0,0,1
PO002141,V0018,RAW,MX,0.757,10.6,3.81,25,8316.27,2,3,8.2,5,0,0,1
PO002142,V0007,RAW,CN,0.794,7.6,1.78,6,28408.97,4,2,10.1,5,0,0,1
PO002143,V0056,PACK,US,0.729,7.2,4.55,13,4209.89,3,3,9.7,6,0,0,1
PO002144,V0004,FINISH,DE,0.824,16.8,3.06,16,37041.89,6,3,20.9,5,0,0,1
PO002145,V0072,RAW,CN,0.817,8.0,1.06,13,2494.01,5,2,8.4,0,0,0,1
PO002146,V0100,FINISH,US,0.802,15.8,2.59,19,27749.79,4,3,15.6,1,0,1,1
PO002147,V0067,FINISH,DE,0.709,27.6,4.37,19,11362.06,3,5,31.5,0,0,0,1
PO002148,V0089,PACK,MX,0.613,8.8,1.75,13,1423.33,4,3,7.2,2,0,0,1
PO002149,V0025,PACK,IN,0.539,5.5,4.59,21,50632.91,8,2,6.7,6,1,1,1
PO002150,V0002,SERVICE,US,0.98,6.3,1.85,11,16679.45,2,2,4.7,6,0,1,0
PO002151,V0086,RAW,US,0.712,8.7,1.64,11,2866.74,6,1,7.6,3,0,0,1
PO002152,V0031,PACK,CN,0.783,6.4,1.1,17,1969.02,10,1,4.0,1,0,0,1
PO002153,V0083,RAW,US,0.785,7.8,4.56,16,15786.03,8,2,7.6,1,0,0,0
PO002154,V0018,RAW,MX,0.757,10.6,3.81,25,14247.59,4,1,11.1,2,0,1,1
PO002155,V0043,RAW,DE,0.98,7.1,1.46,6,3188.08,2,1,6.2,1,0,0,1
PO002156,V0094,FINISH,CN,0.66,16.0,4.18,11,6812.75,4,5,17.0,1,0,0,0
PO002157,V0099,FINISH,US,0.857,24.7,4.51,13,9743.04,8,5,25.0,2,0,0,0
PO002158,V0084,PACK,IN,0.592,5.4,3.15,16,3260.7,4,2,7.0,0,1,0,0
PO002159,V0060,FINISH,US,0.834,24.4,3.33,25,2003.22,7,5,24.2,1,0,0,1
PO002160,V0031,PACK,CN,0.783,6.4,1.1,17,3113.18,3,2,8.5,3,0,1,1
PO002161,V0094,FINISH,CN,0.66,16.0,4.18,11,93480.25,5,3,16.2,5,0,0,1
PO002162,V0009,FINISH,US,0.782,14.1,4.26,17,9315.91,2,3,10.0,1,1,0,1
PO002163,V0010,RAW,IN,0.761,9.5,1.46,20,2044.57,5,5,8.4,4,1,0,0
PO002164,V0083,RAW,US,0.785,7.8,4.56,16,4975.91,2,2,9.9,6,0,0,1
PO002165,V0074,SERVICE,IN,0.772,3.6,4.71,15,4275.33,6,2,2.1,6,1,0,1
PO002166,V0100,FINISH,US,0.802,15.8,2.59,19,7501.88,5,4,14.8,5,0,0,1
PO002167,V0089,PACK,MX,0.613,8.8,1.75,13,824.96,3,3,8.7,6,0,0,1
PO002168,V0089,PACK,MX,0.613,8.8,1.75,13,1433.32,2,1,7.8,3,0,1,1
PO002169,V0001,SERVICE,DE,0.945,3.6,1.62,16,7270.97,6,1,3.6,6,0,0,1
PO002170,V0075,SERVICE,DE,0.673,5.5,1.96,8,768.57,5,1,7.8,3,1,0,1
PO002171,V0044,FINISH,IN,0.629,20.6,1.39,15,44790.1,2,4,22.1,1,1,0,0
PO002172,V0057,FINISH,US,0.768,15.2,3.8,17,37113.58,2,5,13.4,5,0,0,1
PO002173,V0020,PACK,US,0.98,9.9,1.97,17,1266.07,8,4,10.0,4,0,1,1
PO002174,V0047,PACK,US,0.861,6.9,3.57,14,6252.33,6,4,5.8,0,0,0,1
PO002175,V0059,PACK,IN,0.786,5.6,2.97,7,2856.81,5,1,1.0,3,0,0,0
PO002176,V0075,SERVICE,DE,0.673,5.5,1.96,8,1308.59,8,1,4.2,4,0,0,1
PO002177,V0023,RAW,CN,0.614,11.8,2.55,22,39037.24,4,3,14.1,1,0,1,0
PO002178,V0023,RAW,CN,0.614,11.8,2.55,22,8366.89,5,2,14.5,3,0,0,1
PO002179,V0070,FINISH,US,0.901,21.3,4.09,15,1378.8,5,4,20.0,2,0,0,0
PO002180,V0063,FINISH,MX,0.98,17.9,1.75,15,30583.91,3,4,18.3,4,0,0,1
PO002181,V0026,RAW,DE,0.898,12.1,4.59,17,6007.98,3,2,12.1,5,0,0,1
PO002182,V0049,RAW,US,0.878,7.5,2.28,20,1206.74,6,3,8.0,5,0,0,1
PO002183,V0058,SERVICE,US,0.874,4.5,2.48,13,5551.43,4,2,4.3,0,0,0,1
PO002184,V0002,SERVICE,US,0.98,6.3,1.85,11,2582.75,3,1,6.3,0,0,0,1
PO002185,V0001,SERVICE,DE,0.945,3.6,1.62,16,82936.34,6,1,1.0,4,0,0,0
PO002186,V0054,RAW,MX,0.782,9.2,4.8,24,1961.94,2,1,9.3,6,1,0,1
PO002187,V0060,FINISH,US,0.834,24.4,3.33,25,75973.44,6,4,25.1,6,0,0,1
PO002188,V0037,RAW,DE,0.831,10.3,3.17,12,12908.37,8,3,10.1,6,0,0,1
PO002189,V0002,SERVICE,US,0.98,6.3,1.85,11,7514.32,5,2,2.2,4,0,0,1
PO002190,V0098,FINISH,US,0.629,22.7,3.13,10,38476.22,6,5,22.0,2,1,0,0
PO002191,V0083,RAW,US,0.785,7.8,4.56,16,1565.3,2,5,4.9,1,1,0,1
PO002192,V0047,PACK,US,0.861,6.9,3.57,14,9162.87,5,1,9.1,3,0,0,1
PO002193,V0047,PACK,US,0.861,6.9,3.57,14,7228.66,6,1,7.7,0,0,0,1
PO002194,V0058,SERVICE,US,0.874,4.5,2.48,13,3857.81,10,1,5.3,5,0,0,1
PO002195,V0043,RAW,DE,0.98,7.1,1.46,6,625.21,5,2,8.3,3,0,0,1
PO002196,V0034,SERVICE,CN,0.595,3.6,3.07,20,34356.5,5,2,5.4,3,0,0,1
PO002197,V0030,PACK,MX,0.97,9.5,3.52,19,5782.71,2,2,11.7,6,0,0,1
PO002198,V0095,FINISH,US,0.879,19.0,4.51,14,4048.91,5,3,19.0,4,0,0,0
PO002199,V0080,FINISH,IN,0.721,16.6,1.84,13,22182.66,9,4,15.5,1,0,0,0
PO002200,V0091,PACK,US,0.785,6.7,1.54,13,13121.2,6,4,3.9,4,0,0,0
PO002201,V0086,RAW,US,0.712,8.7,1.64,11,23502.8,9,4,6.8,2,1,1,0
PO002202,V0046,FINISH,CN,0.577,23.2,1.65,8,3757.03,5,4,23.5,2,0,0,0
PO002203,V0005,RAW,CN,0.66,11.8,2.76,10,2294.15,4,1,12.2,5,0,0,1
PO002204,V0035,FINISH,CN,0.582,25.3,4.24,15,13012.31,6,4,25.3,2,0,0,0
PO002205,V0022,RAW,DE,0.74,7.3,3.36,17,21887.71,4,4,6.8,2,0,1,1
PO002206,V0013,PACK,CN,0.729,6.6,3.03,21,15872.7,1,4,7.5,1,0,1,1
PO002207,V0046,FINISH,CN,0.577,23.2,1.65,8,5885.17,7,4,20.7,6,0,0,1
PO002208,V0082,PACK,US,0.825,7.7,1.97,12,2715.81,4,1,11.4,2,0,0,1
PO002209,V0073,PACK,DE,0.853,7.6,4.13,14,64272.85,9,2,8.8,2,0,0,1
PO002210,V0062,FINISH,DE,0.881,22.2,4.6,6,41397.06,3,5,21.4,3,1,1,0
PO002211,V0089,PACK,MX,0.613,8.8,1.75,13,630.51,5,2,9.5,4,1,0,1
PO002212,V0053,SERVICE,US,0.98,4.3,4.58,14,4109.18,4,1,3.1,0,1,1,0
PO002213,V0038,RAW,US,0.858,12.8,2.44,10,1580.2,3,1,11.3,5,0,1,1
PO002214,V0069,RAW,DE,0.892,8.6,3.69,16,3399.74,4,1,8.2,5,1,0,0
PO002215,V0036,FINISH,IN,0.606,23.8,4.18,21,4812.69,10,3,22.6,5,0,0,0
PO002216,V0055,PACK,CN,0.619,8.4,4.01,9,35584.32,5,3,10.4,1,1,0,1
PO002217,V0043,RAW,DE,0.98,7.1,1.46,6,3140.56,3,2,7.5,5,0,0,1
PO002218,V0099,FINISH,US,0.857,24.7,4.51,13,4567.66,7,3,25.0,3,1,0,0
PO002219,V0017,FINISH,IN,0.701,19.8,1.89,10,16706.44,3,4,19.5,5,0,0,0
PO002220,V0010,RAW,IN,0.761,9.5,1.46,20,6883.7,1,2,7.0,0,0,0,0
PO002221,V0071,PACK,CN,0.695,5.7,1.12,18,4700.02,4,4,5.3,3,0,0,1
PO002222,V0087,FINISH,US,0.855,19.7,4.93,9,8371.48,4,3,17.2,2,1,1,1
PO002223,V0022,RAW,DE,0.74,7.3,3.36,17,1226.45,4,2,4.8,1,0,0,1
PO002224,V0053,SERVICE,US,0.98,4.3,4.58,14,3311.26,5,1,5.6,5,1,0,0
PO002225,V0079,FINISH,CN,0.65,26.2,4.68,7,5865.1,6,5,26.1,5,0,0,1
PO002226,V0079,FINISH,CN,0.65,26.2,4.68,7,3956.21,4,4,24.5,1,0,0,0
PO002227,V0016,FINISH,IN,0.733,18.5,1.44,12,3499.1,3,5,19.8,3,0,0,1
PO002228,V0058,SERVICE,US,0.874,4.5,2.48,13,2954.32,4,2,4.4,6,0,0,1
PO002229,V0045,PACK,US,0.98,8.2,1.18,13,129928.56,4,3,8.4,4,0,0,1
PO002230,V0030,PACK,MX,0.97,9.5,3.52,19,4765.4,5,3,11.2,1,0,0,1
PO002231,V0006,SERVICE,US,0.821,4.0,3.65,13,4951.74,3,2,3.6,2,0,0,0
PO002232,V0019,RAW,DE,0.886,7.4,2.11,21,67836.32,6,1,11.8,5,0,0,1
PO002233,V0008,RAW,DE,0.897,12.8,2.43,12,7940.11,6,1,13.7,0,0,0,1
PO002234,V0093,SERVICE,DE,0.917,6.8,1.72,8,28404.74,6,2,5.2,5,1,0,0
PO002235,V0005,RAW,CN,0.66,11.8,2.76,10,9049.98,2,3,12.0,1,0,1,1
PO002236,V0055,PACK,CN,0.619,8.4,4.01,9,4121.75,10,3,6.3,1,0,0,1
PO002237,V0052,SERVICE,DE,0.824,6.4,2.72,18,4301.69,3,2,7.7,5,0,0,1
PO002238,V0063,FINISH,MX,0.98,17.9,1.75,15,563.7,5,3,13.3,4,0,0,1
PO002239,V0049,RAW,US,0.878,7.5,2.28,20,3999.72,9,3,11.3,2,0,0,1
PO002240,V0048,PACK,MX,0.846,9.8,4.62,11,3229.02,2,3,8.7,1,1,0,1
PO002241,V0050,RAW,IN,0.638,7.8,3.79,16,202716.14,1,1,9.3,6,0,1,0
PO002242,V0087,FINISH,US,0.855,19.7,4.93,9,707.55,7,4,18.1,4,1,0,1
PO002243,V0024,RAW,DE,0.927,13.5,4.51,12,5219.05,8,3,15.3,0,0,0,1
PO002244,V0023,RAW,CN,0.614,11.8,2.55,22,1352.74,5,2,12.2,0,0,1,1
PO002245,V0075,SERVICE,DE,0.673,5.5,1.96,8,8425.75,5,2,2.3,6,0,0,1
PO002246,V0048,PACK,MX,0.846,9.8,4.62,11,31958.18,3,3,9.5,1,0,1,1
PO002247,V0038,RAW,US,0.858,12.8,2.44,10,16015.65,5,2,11.2,0,0,0,0
PO002248,V0066,PACK,CN,0.769,9.7,4.46,6,9972.88,5,3,8.4,5,0,0,1
PO002249,V0094,FINISH,CN,0.66,16.0,4.18,11,13029.37,2,3,16.4,4,0,1,0
PO002250,V0002,SERVICE,US,0.98,6.3,1.85,11,2604.42,5,2,7.8,5,1,0,1
PO002251,V0083,RAW,US,0.785,7.8,4.56,16,10123.31,3,2,4.8,6,0,0,0
PO002252,V0088,FINISH,MX,0.697,25.4,2.03,11,18559.57,5,5,25.5,5,0,0,1
PO002253,V0041,RAW,DE,0.93,9.9,1.69,10,2244.03,6,4,9.1,0,0,0,0
PO002254,V0052,SERVICE,DE,0.824,6.4,2.72,18,5384.36,2,2,10.6,2,0,0,0
PO002255,V0014,FINISH,DE,0.85,17.2,1.31,12,41001.94,5,4,19.1,5,0,0,0
PO002256,V0062,FINISH,DE,0.881,22.2,4.6,6,3620.44,6,3,26.4,0,0,0,0
PO002257,V0069,RAW,DE,0.892,8.6,3.69,16,13661.11,8,3,12.4,1,0,0,0
PO002258,V0095,FINISH,US,0.879,19.0,4.51,14,5620.28,6,5,19.0,1,0,1,0
PO002259,V0008,RAW,DE,0.897,12.8,2.43,12,3894.85,4,2,15.2,2,0,0,1
PO002260,V0019,RAW,DE,0.886,7.4,2.11,21,7006.07,4,1,8.9,5,0,0,1
PO002261,V0051,FINISH,CN,0.637,24.5,4.23,13,1960.74,5,4,22.2,1,0,1,0
PO002262,V0087,FINISH,US,0.855,19.7,4.93,9,180760.73,3,3,19.8,0,0,0,0
PO002263,V0045,PACK,US,0.98,8.2,1.18,13,33057.99,6,5,6.8,2,0,0,1
PO002264,V0043,RAW,DE,0.98,7.1,1.46,6,20880.59,1,2,7.9,5,0,0,1
PO002265,V0049,RAW,US,0.878,7.5,2.28,20,45407.89,4,4,9.7,1,0,0,1
PO002266,V0050,RAW,IN,0.638,7.8,3.79,16,26394.95,4,1,6.6,6,0,0,1
PO002267,V0014,FINISH,DE,0.85,17.2,1.31,12,17422.92,7,5,19.0,2,0,0,1
PO002268,V0070,FINISH,US,0.901,21.3,4.09,15,64258.84,4,4,20.3,3,0,0,0
PO002269,V0017,FINISH,IN,0.701,19.8,1.89,10,15714.95,4,3,14.7,6,1,0,0
PO002270,V0017,FINISH,IN,0.701,19.8,1.89,10,4052.65,9,5,21.6,5,0,0,0
PO002271,V0001,SERVICE,DE,0.945,3.6,1.62,16,8346.83,7,1,4.1,1,0,0,1
PO002272,V0033,RAW,IN,0.721,13.6,3.78,16,2727.51,5,1,13.4,0,0,0,1
PO002273,V0081,PACK,CN,0.884,5.2,2.01,15,20046.08,9,1,5.3,6,0,0,1
PO002274,V0004,FINISH,DE,0.824,16.8,3.06,16,5398.7,5,5,18.1,1,0,0,1
PO002275,V0022,RAW,DE,0.74,7.3,3.36,17,41712.22,4,3,3.5,4,0,0,0
PO002276,V0090,RAW,CN,0.774,7.8,3.44,12,4191.32,3,2,9.6,2,0,0,1
PO002277,V0069,RAW,DE,0.892,8.6,3.69,16,6543.84,5,3,9.4,1,0,0,1
PO002278,V0073,PACK,DE,0.853,7.6,4.13,14,11229.62,8,2,7.6,2,1,1,0
PO002279,V0010,RAW,IN,0.761,9.5,1.46,20,3337.21,5,3,11.7,4,0,0,0
PO002280,V0049,RAW,US,0.878,7.5,2.28,20,9930.91,2,3,6.5,2,0,0,1
PO002281,V0066,PACK,CN,0.769,9.7,4.46,6,3098.17,6,2,11.3,2,0,0,1
PO002282,V0013,PACK,CN,0.729,6.6,3.03,21,3173.09,4,1,5.9,1,0,0,1
PO002283,V0017,FINISH,IN,0.701,19.8,1.89,10,10315.7,4,5,20.1,2,0,0,1
PO002284,V0064,RAW,CN,0.639,13.8,4.94,17,1718.19,5,3,15.0,5,1,0,0
PO002285,V0021,FINISH,US,0.98,22.9,3.14,9,2727.02,10,5,22.3,6,0,0,1
PO002286,V0083,RAW,US,0.785,7.8,4.56,16,19868.05,2,3,9.0,5,1,0,0
PO002287,V0037,RAW,DE,0.831,10.3,3.17,12,3266.96,5,3,11.3,4,1,1,0
PO002288,V0030,PACK,MX,0.97,9.5,3.52,19,17046.4,7,2,9.2,0,0,0,1
PO002289,V0060,FINISH,US,0.834,24.4,3.33,25,11499.66,4,4,23.5,3,0,0,1
PO002290,V0058,SERVICE,US,0.874,4.5,2.48,13,1681.49,3,2,7.6,3,0,0,0
PO002291,V0066,PACK,CN,0.769,9.7,4.46,6,1561.92,4,2,10.1,3,0,0,1
PO002292,V0024,RAW,DE,0.927,13.5,4.51,12,17588.95,2,3,11.2,4,0,0,1
PO002293,V0013,PACK,CN,0.729,6.6,3.03,21,30750.25,3,3,5.5,1,0,0,1
PO002294,V0011,RAW,DE,0.769,12.1,3.55,21,5887.9,3,4,11.5,6,0,0,0
PO002295,V0053,SERVICE,US,0.98,4.3,4.58,14,14722.37,5,2,6.8,4,1,0,1
PO002296,V0017,FINISH,IN,0.701,19.8,1.89,10,12128.49,9,3,18.2,2,0,1,0
PO002297,V0059,PACK,IN,0.786,5.6,2.97,7,21688.25,5,2,4.5,2,0,1,1
PO002298,V0008,RAW,DE,0.897,12.8,2.43,12,6894.7,8,1,11.7,1,0,1,0
PO002299,V0054,RAW,MX,0.782,9.2,4.8,24,5077.84,4,3,7.3,6,0,0,0
PO002300,V0049,RAW,US,0.878,7.5,2.28,20,30305.18,3,1,10.2,0,1,0,1
PO002301,V0071,PACK,CN,0.695,5.7,1.12,18,6509.77,10,1,7.4,2,0,1,0
PO002302,V0041,RAW,DE,0.93,9.9,1.69,10,7920.21,4,3,12.9,4,0,0,0
PO002303,V0017,FINISH,IN,0.701,19.8,1.89,10,3390.58,6,3,20.1,2,0,1,0
PO002304,V0017,FINISH,IN,0.701,19.8,1.89,10,9069.65,5,4,21.4,3,0,0,1
PO002305,V0091,PACK,US,0.785,6.7,1.54,13,6206.37,6,2,7.9,5,0,0,1
PO002306,V0091,PACK,US,0.785,6.7,1.54,13,6514.36,4,3,5.9,0,1,0,0
PO002307,V0052,SERVICE,DE,0.824,6.4,2.72,18,57429.62,5,1,4.1,6,0,0,0
PO002308,V0094,FINISH,CN,0.66,16.0,4.18,11,2031.88,8,4,19.2,2,0,0,0
PO002309,V0073,PACK,DE,0.853,7.6,4.13,14,308.24,3,2,9.2,4,0,1,0
PO002310,V0014,FINISH,DE,0.85,17.2,1.31,12,1892.07,7,3,18.4,3,0,0,1
PO002311,V0023,RAW,CN,0.614,11.8,2.55,22,1740.73,3,4,14.6,1,0,0,1
PO002312,V0009,FINISH,US,0.782,14.1,4.26,17,4405.18,6,5,13.9,2,0,1,1
PO002313,V0022,RAW,DE,0.74,7.3,3.36,17,3276.36,2,2,7.9,4,0,1,0
PO002314,V0019,RAW,DE,0.886,7.4,2.11,21,5353.53,4,3,7.2,0,1,0,1
PO002315,V0060,FINISH,US,0.834,24.4,3.33,25,47579.65,3,5,22.4,4,1,0,0
PO002316,V0073,PACK,DE,0.853,7.6,4.13,14,4252.46,5,3,8.9,4,0,0,1
PO002317,V0091,PACK,US,0.785,6.7,1.54,13,16605.89,9,2,8.0,5,0,1,1
PO002318,V0081,PACK,CN,0.884,5.2,2.01,15,5523.48,7,1,2.5,0,0,0,1
PO002319,V0081,PACK,CN,0.884,5.2,2.01,15,6519.9,6,2,6.1,6,0,0,1
PO002320,V0024,RAW,DE,0.927,13.5,4.51,12,2195.19,4,3,13.0,6,0,0,1
PO002321,V0005,RAW,CN,0.66,11.8,2.76,10,19344.46,4,3,14.2,5,1,0,1
PO002322,V0061,FINISH,US,0.872,15.0,3.22,16,14842.04,4,4,16.8,5,0,0,1
PO002323,V0087,FINISH,US,0.855,19.7,4.93,9,19772.32,6,4,18.1,0,0,0,1
PO002324,V0023,RAW,CN,0.614,11.8,2.55,22,4006.11,4,2,10.1,1,0,0,1
PO002325,V0038,RAW,US,0.858,12.8,2.44,10,3755.88,3,3,13.4,6,0,0,1
PO002326,V0078,RAW,US,0.9,7.8,2.84,11,2593.97,6,2,5.9,4,0,1,0
PO002327,V0015,FINISH,MX,0.872,25.3,1.75,21,16627.25,3,5,23.4,6,0,0,0
PO002328,V0016,FINISH,IN,0.733,18.5,1.44,12,18679.16,6,5,18.6,1,0,0,1
PO002329,V0028,RAW,CN,0.649,12.0,1.95,13,1615.83,5,3,15.0,2,0,0,1
PO002330,V0043,RAW,DE,0.98,7.1,1.46,6,13987.04,9,3,6.6,0,0,0,0
PO002331,V0064,RAW,CN,0.639,13.8,4.94,17,39804.24,4,5,13.1,0,1,0,0
PO002332,V0038,RAW,US,0.858,12.8,2.44,10,4146.35,5,1,12.8,5,0,0,1
PO002333,V0092,FINISH,US,0.855,24.6,3.38,15,8837.17,5,3,26.7,1,0,1,1
PO002334,V0059,PACK,IN,0.786,5.6,2.97,7,6311.81,5,1,5.6,0,1,0,0
PO002335,V0080,FINISH,IN,0.721,16.6,1.84,13,8480.04,3,3,16.6,3,0,0,1
PO002336,V0096,PACK,DE,0.98,7.3,2.21,18,820.68,2,2,6.1,5,0,1,1
PO002337,V0026,RAW,DE,0.898,12.1,4.59,17,24703.72,4,4,9.4,3,0,0,1
PO002338,V0079,FINISH,CN,0.65,26.2,4.68,7,2120.78,4,4,28.9,1,0,0,0
PO002339,V0081,PACK,CN,0.884,5.2,2.01,15,1385.05,9,3,3.7,0,0,0,0
PO002340,V0023,RAW,CN,0.614,11.8,2.55,22,714.75,2,3,12.6,4,0,0,0
PO002341,V0036,FINISH,IN,0.606,23.8,4.18,21,2833.57,6,3,24.5,6,1,1,0
PO002342,V0079,FINISH,CN,0.65,26.2,4.68,7,1730.33,7,5,25.2,2,0,0,1
PO002343,V0093,SERVICE,DE,0.917,6.8,1.72,8,53533.81,3,1,4.5,0,0,0,0
PO002344,V0094,FINISH,CN,0.66,16.0,4.18,11,16699.69,8,4,13.5,6,0,0,0
PO002345,V0010,RAW,IN,0.761,9.5,1.46,20,6976.97,10,3,9.5,5,0,0,1
PO002346,V0070,FINISH,US,0.901,21.3,4.09,15,13738.5,6,3,23.5,0,0,0,1
PO002347,V0063,FINISH,MX,0.98,17.9,1.75,15,6824.32,8,3,15.0,6,1,0,1
PO002348,V0031,PACK,CN,0.783,6.4,1.1,17,5297.84,6,1,4.1,6,0,0,1
PO002349,V0004,FINISH,DE,0.824,16.8,3.06,16,9985.28,2,3,20.3,5,0,0,1
PO002350,V0022,RAW,DE,0.74,7.3,3.36,17,15235.43,8,1,5.7,5,0,0,0
PO002351,V0006,SERVICE,US,0.821,4.0,3.65,13,6964.67,3,2,5.0,6,1,0,0
PO002352,V0092,FINISH,US,0.855,24.6,3.38,15,4506.78,4,4,23.7,4,0,0,0
PO002353,V0022,RAW,DE,0.74,7.3,3.36,17,12504.89,2,2,6.6,4,0,1,0
PO002354,V0100,FINISH,US,0.802,15.8,2.59,19,24280.5,10,5,14.3,1,0,0,1
PO002355,V0018,RAW,MX,0.757,10.6,3.81,25,15033.67,4,2,11.4,2,0,0,0
PO002356,V0006,SERVICE,US,0.821,4.0,3.65,13,4571.5,2,2,2.8,3,0,0,1
PO002357,V0054,RAW,MX,0.782,9.2,4.8,24,41376.38,5,2,9.0,4,0,0,1
PO002358,V0020,PACK,US,0.98,9.9,1.97,17,22386.75,5,1,8.4,0,0,0,1
PO002359,V0081,PACK,CN,0.884,5.2,2.01,15,21527.7,1,1,5.8,1,0,0,1
PO002360,V0068,RAW,DE,0.98,7.4,4.46,20,11163.58,5,1,6.8,1,0,0,1
PO002361,V0078,RAW,US,0.9,7.8,2.84,11,1929.51,7,1,4.3,4,0,0,1
PO002362,V0014,FINISH,DE,0.85,17.2,1.31,12,8338.38,6,5,16.1,3,0,0,1
PO002363,V0015,FINISH,MX,0.872,25.3,1.75,21,7794.48,4,5,25.5,1,0,0,1
PO002364,V0048,PACK,MX,0.846,9.8,4.62,11,2327.81,6,3,7.9,3,1,0,0
PO002365,V0042,FINISH,CN,0.807,23.2,2.12,16,19865.33,3,4,23.3,6,0,0,1
PO002366,V0096,PACK,DE,0.98,7.3,2.21,18,28709.88,2,5,2.6,0,0,0,1
PO002367,V0037,RAW,DE,0.831,10.3,3.17,12,8693.84,5,2,8.5,3,0,1,1
PO002368,V0065,FINISH,DE,0.79,26.8,4.29,23,9192.52,5,4,24.4,1,0,0,0
PO002369,V0035,FINISH,CN,0.582,25.3,4.24,15,49782.36,4,5,22.4,2,0,0,1
PO002370,V0098,FINISH,US,0.629,22.7,3.13,10,7033.49,3,5,23.4,4,0,0,0
PO002371,V0094,FINISH,CN,0.66,16.0,4.18,11,10143.8,8,4,15.0,5,0,1,1
PO002372,V0013,PACK,CN,0.729,6.6,3.03,21,8835.2,3,2,5.8,5,0,0,1
PO002373,V0087,FINISH,US,0.855,19.7,4.93,9,7403.07,4,3,19.4,3,0,0,0
PO002374,V0072,RAW,CN,0.817,8.0,1.06,13,2746.93,6,4,6.6,5,0,0,0
PO002375,V0060,FINISH,US,0.834,24.4,3.33,25,34583.02,7,4,24.0,4,0,0,1
PO002376,V0078,RAW,US,0.9,7.8,2.84,11,34384.7,3,1,6.6,0,1,0,1
PO002377,V0052,SERVICE,DE,0.824,6.4,2.72,18,21480.95,5,1,6.0,2,0,0,1
PO002378,V0035,FINISH,CN,0.582,25.3,4.24,15,83356.07,7,3,27.0,2,0,0,0
PO002379,V0006,SERVICE,US,0.821,4.0,3.65,13,11842.91,5,1,4.2,4,0,1,0
PO002380,V0007,RAW,CN,0.794,7.6,1.78,6,90657.66,4,1,11.1,0,0,0,1
PO002381,V0086,RAW,US,0.712,8.7,1.64,11,4533.37,2,4,12.7,5,1,0,0
PO002382,V0003,PACK,DE,0.708,8.1,1.56,12,16950.37,4,3,7.5,6,1,0,0
PO002383,V0009,FINISH,US,0.782,14.1,4.26,17,48978.92,10,4,12.3,3,0,1,1
PO002384,V0003,PACK,DE,0.708,8.1,1.56,12,75770.5,2,1,7.8,5,0,0,1
PO002385,V0079,FINISH,CN,0.65,26.2,4.68,7,1105.29,2,4,23.3,2,0,0,1
PO002386,V0009,FINISH,US,0.782,14.1,4.26,17,13808.15,5,3,11.2,4,0,1,0
PO002387,V0093,SERVICE,DE,0.917,6.8,1.72,8,8657.54,9,1,5.9,2,0,0,1
PO002388,V0009,FINISH,US,0.782,14.1,4.26,17,24877.4,4,3,15.3,2,0,0,0
PO002389,V0092,FINISH,US,0.855,24.6,3.38,15,3696.6,4,4,25.1,6,0,0,1
PO002390,V0097,FINISH,US,0.933,26.7,3.5,16,12719.53,0,4,29.7,2,0,0,1
PO002391,V0094,FINISH,CN,0.66,16.0,4.18,11,513.62,5,4,14.4,6,0,0,0
PO002392,V0013,PACK,CN,0.729,6.6,3.03,21,28696.48,3,5,3.7,1,0,0,1
PO002393,V0047,PACK,US,0.861,6.9,3.57,14,7000.17,3,3,9.1,6,0,0,1
PO002394,V0074,SERVICE,IN,0.772,3.6,4.71,15,689.78,3,1,4.3,3,0,0,1
PO002395,V0090,RAW,CN,0.774,7.8,3.44,12,9096.47,6,1,8.6,0,0,0,1
PO002396,V0031,PACK,CN,0.783,6.4,1.1,17,854.09,9,2,5.1,4,0,0,1
PO002397,V0039,RAW,IN,0.627,7.4,3.13,15,2442.98,2,2,8.8,3,0,0,1
PO002398,V0034,SERVICE,CN,0.595,3.6,3.07,20,335.41,2,2,2.2,0,0,0,0
PO002399,V0088,FINISH,MX,0.697,25.4,2.03,11,8760.5,8,5,24.1,6,0,0,0
PO002400,V0086,RAW,US,0.712,8.7,1.64,11,21712.57,7,2,9.3,4,0,0,1
PO002401,V0042,FINISH,CN,0.807,23.2,2.12,16,2180.29,5,4,22.9,4,0,0,1
PO002402,V0025,PACK,IN,0.539,5.5,4.59,21,923.21,3,3,8.7,4,0,0,0
PO002403,V0039,RAW,IN,0.627,7.4,3.13,15,4114.7,1,1,5.3,0,0,0,0
PO002404,V0079,FINISH,CN,0.65,26.2,4.68,7,54267.87,4,3,26.8,3,0,0,1
PO002405,V0076,RAW,US,0.841,8.0,3.56,11,7283.85,4,1,6.4,4,0,1,1
PO002406,V0022,RAW,DE,0.74,7.3,3.36,17,17403.69,4,3,9.0,1,0,0,1
PO002407,V0023,RAW,CN,0.614,11.8,2.55,22,4835.39,6,4,15.6,2,0,0,1
PO002408,V0098,FINISH,US,0.629,22.7,3.13,10,7097.41,6,4,23.9,1,0,0,0
PO002409,V0015,FINISH,MX,0.872,25.3,1.75,21,6023.71,7,4,27.4,0,0,0,1
PO002410,V0018,RAW,MX,0.757,10.6,3.81,25,4472.06,5,3,11.2,5,0,0,1
PO002411,V0042,FINISH,CN,0.807,23.2,2.12,16,11480.36,4,4,22.8,2,0,0,0
PO002412,V0035,FINISH,CN,0.582,25.3,4.24,15,1829.03,2,4,25.0,1,0,1,0
PO002413,V0031,PACK,CN,0.783,6.4,1.1,17,4754.47,5,2,6.5,4,0,0,1
PO002414,V0072,RAW,CN,0.817,8.0,1.06,13,2466.3,7,3,11.3,3,0,0,1
PO002415,V0049,RAW,US,0.878,7.5,2.28,20,4865.44,4,4,8.8,5,0,0,1
PO002416,V0095,FINISH,US,0.879,19.0,4.51,14,12100.77,3,5,18.7,4,0,0,0
PO002417,V0027,FINISH,US,0.879,14.1,1.64,15,7533.47,8,3,13.5,0,0,1,1
PO002418,V0082,PACK,US,0.825,7.7,1.97,12,7126.09,5,4,9.2,1,1,1,1
PO002419,V0024,RAW,DE,0.927,13.5,4.51,12,11032.84,7,2,13.8,5,1,0,1
PO002420,V0029,FINISH,CN,0.802,15.3,2.47,12,1711.71,7,3,14.7,6,0,0,1
PO002421,V0100,FINISH,US,0.802,15.8,2.59,19,15474.43,2,3,16.6,6,1,1,0
PO002422,V0013,PACK,CN,0.729,6.6,3.03,21,2235.54,7,1,5.7,2,0,0,0
PO002423,V0047,PACK,US,0.861,6.9,3.57,14,6779.2,6,1,7.3,3,0,1,1
PO002424,V0030,PACK,MX,0.97,9.5,3.52,19,2551.74,5,4,11.7,3,0,0,1
PO002425,V0077,PACK,IN,0.601,6.0,1.16,11,6918.76,3,1,6.5,2,0,0,1
PO002426,V0030,PACK,MX,0.97,9.5,3.52,19,5332.85,7,4,7.0,0,0,0,1
PO002427,V0058,SERVICE,US,0.874,4.5,2.48,13,2709.81,5,2,5.4,1,0,1,1
PO002428,V0076,RAW,US,0.841,8.0,3.56,11,869.66,5,2,11.3,0,0,1,0
PO002429,V0089,PACK,MX,0.613,8.8,1.75,13,9971.02,7,3,9.8,4,0,0,0
PO002430,V0018,RAW,MX,0.757,10.6,3.81,25,2305.29,3,3,6.3,4,0,0,1
PO002431,V0049,RAW,US,0.878,7.5,2.28,20,4449.69,5,3,9.2,5,1,0,1
PO002432,V0027,FINISH,US,0.879,14.1,1.64,15,3146.75,4,4,14.0,1,0,0,1
PO002433,V0020,PACK,US,0.98,9.9,1.97,17,4010.48,7,1,11.1,2,0,0,1
PO002434,V0028,RAW,CN,0.649,12.0,1.95,13,1598.63,9,1,11.8,6,1,0,0
PO002435,V0060,FINISH,US,0.834,24.4,3.33,25,20751.61,4,3,25.2,4,1,1,0
PO002436,V0093,SERVICE,DE,0.917,6.8,1.72,8,836.87,3,2,7.3,0,1,0,1
PO002437,V0040,SERVICE,CN,0.742,5.1,2.29,19,5148.67,7,1,3.5,2,0,0,1
PO002438,V0036,FINISH,IN,0.606,23.8,4.18,21,1225.99,7,4,20.5,2,1,1,1
PO002439,V0038,RAW,US,0.858,12.8,2.44,10,8314.83,1,2,12.8,5,0,0,1
PO002440,V0098,FINISH,US,0.629,22.7,3.13,10,18584.45,9,5,21.6,6,0,0,1
PO002441,V0046,FINISH,CN,0.577,23.2,1.65,8,11356.49,4,3,24.8,6,0,0,0
PO002442,V0059,PACK,IN,0.786,5.6,2.97,7,3031.63,3,1,3.3,0,0,0,1
PO002443,V0035,FINISH,CN,0.582,25.3,4.24,15,39845.74,3,4,25.6,3,0,0,0
PO002444,V0052,SERVICE,DE,0.824,6.4,2.72,18,1007.92,6,1,6.7,0,0,0,0
PO002445,V0066,PACK,CN,0.769,9.7,4.46,6,6016.11,2,1,9.6,5,0,0,1
PO002446,V0053,SERVICE,US,0.98,4.3,4.58,14,1366.59,8,1,2.8,1,0,0,1
PO002447,V0075,SERVICE,DE,0.673,5.5,1.96,8,1710.5,1,2,5.8,1,0,0,1
PO002448,V0072,RAW,CN,0.817,8.0,1.06,13,1777.56,7,3,10.3,6,0,0,0
PO002449,V0085,RAW,DE,0.792,11.5,3.28,16,11387.59,10,4,12.6,1,0,0,1
PO002450,V0024,RAW,DE,0.927,13.5,4.51,12,14829.91,10,1,13.7,5,0,0,1
PO002451,V0010,RAW,IN,0.761,9.5,1.46,20,1801.55,5,2,7.6,6,0,0,1
PO002452,V0001,SERVICE,DE,0.945,3.6,1.62,16,2129.49,3,2,5.7,4,0,0,0
PO002453,V0010,RAW,IN,0.761,9.5,1.46,20,5890.6,7,2,9.3,1,0,0,1
PO002454,V0039,RAW,IN,0.627,7.4,3.13,15,657.52,9,1,8.5,5,0,0,1
PO002455,V0052,SERVICE,DE,0.824,6.4,2.72,18,106.78,7,2,7.7,2,0,0,1
PO002456,V0072,RAW,CN,0.817,8.0,1.06,13,29002.95,7,2,7.1,0,0,0,1
PO002457,V0007,RAW,CN,0.794,7.6,1.78,6,11413.65,7,4,5.7,4,0,0,1
PO002458,V0041,RAW,DE,0.93,9.9,1.69,10,469.71,3,1,10.6,3,0,0,1
PO002459,V0073,PACK,DE,0.853,7.6,4.13,14,16542.48,5,2,12.1,5,0,0,1
PO002460,V0082,PACK,US,0.825,7.7,1.97,12,4696.25,4,4,4.0,5,0,0,1
PO002461,V0016,FINISH,IN,0.733,18.5,1.44,12,9669.83,4,4,16.0,0,0,0,0
PO002462,V0099,FINISH,US,0.857,24.7,4.51,13,9604.52,6,4,24.2,6,0,0,1
PO002463,V0087,FINISH,US,0.855,19.7,4.93,9,2283.11,7,3,23.1,0,0,0,1
PO002464,V0058,SERVICE,US,0.874,4.5,2.48,13,5374.67,7,1,5.2,4,0,0,1
PO002465,V0072,RAW,CN,0.817,8.0,1.06,13,4854.01,4,2,7.1,0,0,1,1
PO002466,V0010,RAW,IN,0.761,9.5,1.46,20,9204.32,3,1,14.1,0,0,0,1
PO002467,V0072,RAW,CN,0.817,8.0,1.06,13,10045.41,9,2,9.1,5,0,1,0
PO002468,V0052,SERVICE,DE,0.824,6.4,2.72,18,13190.12,9,1,4.1,3,0,0,1
PO002469,V0040,SERVICE,CN,0.742,5.1,2.29,19,4933.4,1,1,4.7,5,1,1,0
PO002470,V0031,PACK,CN,0.783,6.4,1.1,17,12497.44,6,1,9.3,2,0,0,1
PO002471,V0079,FINISH,CN,0.65,26.2,4.68,7,3396.07,3,3,25.3,2,0,1,0
PO002472,V0010,RAW,IN,0.761,9.5,1.46,20,55313.57,3,2,6.7,2,1,1,0
PO002473,V0100,FINISH,US,0.802,15.8,2.59,19,1449.7,3,4,13.3,4,0,0,0
PO002474,V0001,SERVICE,DE,0.945,3.6,1.62,16,103841.5,1,2,2.9,6,0,0,1
PO002475,V0083,RAW,US,0.785,7.8,4.56,16,17117.52,5,1,7.8,3,0,0,1
PO002476,V0072,RAW,CN,0.817,8.0,1.06,13,16688.3,7,3,6.2,4,1,1,0
PO002477,V0069,RAW,DE,0.892,8.6,3.69,16,2650.48,5,1,5.5,5,0,0,1
PO002478,V0017,FINISH,IN,0.701,19.8,1.89,10,77197.07,4,4,19.8,3,0,0,0
PO002479,V0082,PACK,US,0.825,7.7,1.97,12,9783.28,5,3,6.1,2,0,1,1
PO002480,V0064,RAW,CN,0.639,13.8,4.94,17,11008.56,3,2,11.2,0,0,1,0
PO002481,V0042,FINISH,CN,0.807,23.2,2.12,16,14427.95,1,5,23.6,4,0,0,0
PO002482,V0023,RAW,CN,0.614,11.8,2.55,22,3838.31,4,3,12.1,6,0,1,1
PO002483,V0077,PACK,IN,0.601,6.0,1.16,11,4653.07,6,2,7.3,5,0,0,1
PO002484,V0001,SERVICE,DE,0.945,3.6,1.62,16,919.16,7,1,5.6,3,0,0,1
PO002485,V0052,SERVICE,DE,0.824,6.4,2.72,18,8120.93,6,2,6.9,5,0,0,1
PO002486,V0032,SERVICE,MX,0.694,6.7,2.48,12,9111.42,1,2,11.4,1,0,0,1
PO002487,V0005,RAW,CN,0.66,11.8,2.76,10,68969.04,6,2,10.3,1,0,0,1
PO002488,V0019,RAW,DE,0.886,7.4,2.11,21,13723.17,5,2,6.4,3,0,0,1
PO002489,V0026,RAW,DE,0.898,12.1,4.59,17,11030.99,2,1,10.5,3,1,0,1
PO002490,V0093,SERVICE,DE,0.917,6.8,1.72,8,31866.39,2,1,3.2,6,0,0,0
PO002491,V0031,PACK,CN,0.783,6.4,1.1,17,3392.26,3,2,5.5,2,0,0,1
PO002492,V0067,FINISH,DE,0.709,27.6,4.37,19,23847.71,9,5,29.6,5,0,0,0
PO002493,V0034,SERVICE,CN,0.595,3.6,3.07,20,13717.36,2,1,7.3,4,0,0,0
PO002494,V0067,FINISH,DE,0.709,27.6,4.37,19,4112.15,8,3,29.4,6,0,0,0
PO002495,V0027,FINISH,US,0.879,14.1,1.64,15,7119.29,3,4,13.6,0,0,0,0
PO002496,V0025,PACK,IN,0.539,5.5,4.59,21,1981.66,4,3,7.6,4,0,0,1
PO002497,V0012,FINISH,US,0.73,24.7,3.25,18,3849.66,5,4,25.4,3,0,0,0
PO002498,V0095,FINISH,US,0.879,19.0,4.51,14,8379.88,3,3,19.4,6,0,0,1
PO002499,V0073,PACK,DE,0.853,7.6,4.13,14,14373.75,3,3,7.0,4,0,0,1
PO002500,V0093,SERVICE,DE,0.917,6.8,1.72,8,955.47,10,2,5.9,6,0,0,0
PO002501,V0096,PACK,DE,0.98,7.3,2.21,18,14886.24,4,4,8.2,4,0,0,1
PO002502,V0064,RAW,CN,0.639,13.8,4.94,17,15083.67,5,2,11.5,3,0,1,0
PO002503,V0076,RAW,US,0.841,8.0,3.56,11,30778.6,8,2,6.0,3,0,0,0
PO002504,V0010,RAW,IN,0.761,9.5,1.46,20,7122.51,3,2,6.9,2,0,0,1
PO002505,V0010,RAW,IN,0.761,9.5,1.46,20,21345.79,8,2,11.0,6,0,0,1
PO002506,V0051,FINISH,CN,0.637,24.5,4.23,13,9421.69,3,4,26.4,4,0,0,1
PO002507,V0023,RAW,CN,0.614,11.8,2.55,22,140058.35,6,3,15.2,6,0,0,1
PO002508,V0033,RAW,IN,0.721,13.6,3.78,16,7285.14,1,2,10.5,2,0,0,0
PO002509,V0073,PACK,DE,0.853,7.6,4.13,14,10128.96,3,1,9.4,1,0,0,1
PO002510,V0057,FINISH,US,0.768,15.2,3.8,17,1623.32,5,4,15.5,6,0,0,0
PO002511,V0036,FINISH,IN,0.606,23.8,4.18,21,4753.98,4,4,26.0,1,0,0,0
PO002512,V0064,RAW,CN,0.639,13.8,4.94,17,9145.84,3,3,12.3,5,0,0,1
PO002513,V0036,FINISH,IN,0.606,23.8,4.18,21,79388.54,4,5,24.1,4,0,0,1
PO002514,V0058,SERVICE,US,0.874,4.5,2.48,13,6002.31,5,1,6.2,5,0,0,1
PO002515,V0091,PACK,US,0.785,6.7,1.54,13,95463.47,9,3,7.8,5,1,0,0
PO002516,V0011,RAW,DE,0.769,12.1,3.55,21,34125.49,3,3,7.9,5,1,0,1
PO002517,V0059,PACK,IN,0.786,5.6,2.97,7,272559.77,2,1,5.7,1,0,0,0
PO002518,V0075,SERVICE,DE,0.673,5.5,1.96,8,20135.25,3,2,3.8,2,1,1,0
PO002519,V0051,FINISH,CN,0.637,24.5,4.23,13,11509.2,4,4,24.4,5,0,0,0
PO002520,V0008,RAW,DE,0.897,12.8,2.43,12,3720.88,6,3,15.3,6,0,0,1
PO002521,V0056,PACK,US,0.729,7.2,4.55,13,19440.23,9,4,6.8,5,0,0,1
PO002522,V0041,RAW,DE,0.93,9.9,1.69,10,22091.04,6,3,8.2,0,0,0,1
PO002523,V0052,SERVICE,DE,0.824,6.4,2.72,18,26540.04,5,2,8.8,0,0,0,0
PO002524,V0020,PACK,US,0.98,9.9,1.97,17,52178.06,9,3,11.4,2,0,1,1
PO002525,V0064,RAW,CN,0.639,13.8,4.94,17,6380.87,7,2,15.3,6,0,0,1
PO002526,V0019,RAW,DE,0.886,7.4,2.11,21,49501.73,6,1,6.2,1,0,0,1
PO002527,V0070,FINISH,US,0.901,21.3,4.09,15,7237.51,6,3,19.9,1,0,0,1
PO002528,V0006,SERVICE,US,0.821,4.0,3.65,13,2491.63,6,1,4.3,1,0,0,0
PO002529,V0023,RAW,CN,0.614,11.8,2.55,22,19583.31,10,1,13.7,0,0,0,1
PO002530,V0046,FINISH,CN,0.577,23.2,1.65,8,22325.92,5,4,24.4,0,0,0,1
PO002531,V0052,SERVICE,DE,0.824,6.4,2.72,18,13593.43,5,2,5.5,6,0,1,0
PO002532,V0049,RAW,US,0.878,7.5,2.28,20,724.28,0,3,6.0,6,0,0,1
PO002533,V0057,FINISH,US,0.768,15.2,3.8,17,14057.63,9,4,13.9,2,0,0,1
PO002534,V0051,FINISH,CN,0.637,24.5,4.23,13,14184.12,11,3,23.8,3,0,0,0
PO002535,V0027,FINISH,US,0.879,14.1,1.64,15,2674.57,3,3,14.4,3,0,0,0
PO002536,V0049,RAW,US,0.878,7.5,2.28,20,8864.55,5,1,7.4,2,0,1,1
PO002537,V0036,FINISH,IN,0.606,23.8,4.18,21,152031.5,5,4,23.0,4,1,0,0
PO002538,V0008,RAW,DE,0.897,12.8,2.43,12,1794.68,5,2,15.1,1,0,0,1
PO002539,V0089,PACK,MX,0.613,8.8,1.75,13,12990.44,6,3,8.3,3,0,0,1
PO002540,V0079,FINISH,CN,0.65,26.2,4.68,7,14554.93,2,4,22.4,0,0,0,0
PO002541,V0019,RAW,DE,0.886,7.4,2.11,21,6232.81,4,2,7.1,0,0,0,1
PO002542,V0037,RAW,DE,0.831,10.3,3.17,12,1950.14,5,3,9.0,3,0,0,1
PO002543,V0091,PACK,US,0.785,6.7,1.54,13,12144.21,4,2,7.0,1,1,0,1
PO002544,V0046,FINISH,CN,0.577,23.2,1.65,8,19850.25,4,4,25.2,1,0,0,1
PO002545,V0062,FINISH,DE,0.881,22.2,4.6,6,533.2,4,4,23.5,2,0,0,0
PO002546,V0046,FINISH,CN,0.577,23.2,1.65,8,6083.67,4,4,25.3,2,0,0,0
PO002547,V0074,SERVICE,IN,0.772,3.6,4.71,15,2867.87,4,1,1.0,5,1,0,0
PO002548,V0090,RAW,CN,0.774,7.8,3.44,12,34058.41,3,2,8.7,1,0,0,1
PO002549,V0093,SERVICE,DE,0.917,6.8,1.72,8,21703.03,2,1,4.8,5,0,0,1
PO002550,V0053,SERVICE,US,0.98,4.3,4.58,14,3693.83,7,1,2.1,3,0,0,1
PO002551,V0012,FINISH,US,0.73,24.7,3.25,18,44402.78,8,3,22.8,5,0,0,1
PO002552,V0086,RAW,US,0.712,8.7,1.64,11,35075.02,4,3,14.0,1,0,1,1
PO002553,V0077,PACK,IN,0.601,6.0,1.16,11,12411.96,6,3,3.4,5,0,0,1
PO002554,V0063,FINISH,MX,0.98,17.9,1.75,15,1949.7,5,4,18.5,2,0,0,1
PO002555,V0027,FINISH,US,0.879,14.1,1.64,15,10106.02,4,3,13.1,2,0,0,0
PO002556,V0014,FINISH,DE,0.85,17.2,1.31,12,877.56,6,4,19.0,5,0,0,1
PO002557,V0009,FINISH,US,0.782,14.1,4.26,17,1499.38,3,3,13.1,4,0,0,0
PO002558,V0013,PACK,CN,0.729,6.6,3.03,21,14105.63,6,1,8.2,3,0,0,0
PO002559,V0007,RAW,CN,0.794,7.6,1.78,6,39494.91,2,2,6.6,1,0,0,0
PO002560,V0071,PACK,CN,0.695,5.7,1.12,18,6948.39,5,2,7.5,2,0,0,1
PO002561,V0069,RAW,DE,0.892,8.6,3.69,16,3629.77,6,3,5.7,6,0,0,0
PO002562,V0024,RAW,DE,0.927,13.5,4.51,12,6095.04,3,3,18.9,5,0,0,1
PO002563,V0020,PACK,US,0.98,9.9,1.97,17,2981.1,3,3,8.7,1,1,0,1
PO002564,V0100,FINISH,US,0.802,15.8,2.59,19,960.39,8,4,15.3,1,0,1,0
PO002565,V0058,SERVICE,US,0.874,4.5,2.48,13,9335.21,4,2,3.8,4,0,0,1
PO002566,V0095,FINISH,US,0.879,19.0,4.51,14,7500.53,3,5,19.0,6,1,0,0
PO002567,V0019,RAW,DE,0.886,7.4,2.11,21,2046.54,3,3,6.4,3,0,0,0
PO002568,V0065,FINISH,DE,0.79,26.8,4.29,23,2137.29,8,3,27.4,6,0,0,0
PO002569,V0045,PACK,US,0.98,8.2,1.18,13,6361.65,6,1,10.1,0,0,0,0
PO002570,V0049,RAW,US,0.878,7.5,2.28,20,1252.31,7,3,7.4,2,0,1,1
PO002571,V0042,FINISH,CN,0.807,23.2,2.12,16,3657.92,4,3,21.5,1,1,0,0
PO002572,V0086,RAW,US,0.712,8.7,1.64,11,1765.73,4,2,7.5,0,0,0,1
PO002573,V0097,FINISH,US,0.933,26.7,3.5,16,1422.69,4,3,27.3,3,0,0,1
PO002574,V0004,FINISH,DE,0.824,16.8,3.06,16,33856.28,2,4,15.2,1,1,0,0
PO002575,V0002,SERVICE,US,0.98,6.3,1.85,11,14286.28,3,1,7.0,1,0,0,1
PO002576,V0085,RAW,DE,0.792,11.5,3.28,16,1884.78,8,2,11.5,6,0,1,1
PO002577,V0013,PACK,CN,0.729,6.6,3.03,21,19243.31,5,1,5.6,5,0,0,1
PO002578,V0058,SERVICE,US,0.874,4.5,2.48,13,15929.97,4,2,2.8,3,0,0,0
PO002579,V0017,FINISH,IN,0.701,19.8,1.89,10,14642.45,9,4,18.8,4,0,0,0
PO002580,V0035,FINISH,CN,0.582,25.3,4.24,15,2012.6,9,5,24.5,6,0,0,0
PO002581,V0007,RAW,CN,0.794,7.6,1.78,6,13081.34,5,2,8.5,1,0,0,1
PO002582,V0093,SERVICE,DE,0.917,6.8,1.72,8,4973.72,6,1,7.9,2,0,1,1
PO002583,V0060,FINISH,US,0.834,24.4,3.33,25,536.26,6,4,25.8,6,1,0,0
PO002584,V0055,PACK,CN,0.619,8.4,4.01,9,19028.59,2,1,8.9,0,0,0,0
PO002585,V0084,PACK,IN,0.592,5.4,3.15,16,1016.31,6,3,7.3,5,0,0,1
PO002586,V0067,FINISH,DE,0.709,27.6,4.37,19,33409.26,5,3,23.4,0,0,1,1
PO002587,V0018,RAW,MX,0.757,10.6,3.81,25,6320.49,6,2,10.8,3,0,0,1
PO002588,V0051,FINISH,CN,0.637,24.5,4.23,13,5276.65,5,4,21.8,1,0,0,1
PO002589,V0098,FINISH,US,0.629,22.7,3.13,10,958.52,5,5,19.0,5,0,0,1
PO002590,V0027,FINISH,US,0.879,14.1,1.64,15,14440.21,5,4,12.8,1,0,1,1
PO002591,V0052,SERVICE,DE,0.824,6.4,2.72,18,20594.42,8,2,6.9,2,0,0,1
PO002592,V0017,FINISH,IN,0.701,19.8,1.89,10,2848.57,6,4,20.5,2,0,0,1
PO002593,V0053,SERVICE,US,0.98,4.3,4.58,14,3750.26,1,2,5.5,4,0,0,0
PO002594,V0001,SERVICE,DE,0.945,3.6,1.62,16,7233.61,4,1,2.7,0,0,0,1
PO002595,V0020,PACK,US,0.98,9.9,1.97,17,15202.68,6,4,9.8,6,0,0,1
PO002596,V0092,FINISH,US,0.855,24.6,3.38,15,276.17,9,4,27.2,4,1,0,1
PO002597,V0022,RAW,DE,0.74,7.3,3.36,17,4199.89,8,3,11.8,3,0,0,0
PO002598,V0013,PACK,CN,0.729,6.6,3.03,21,14278.86,8,2,4.9,2,0,0,1
PO002599,V0012,FINISH,US,0.73,24.7,3.25,18,131677.57,2,4,25.2,2,0,0,1
PO002600,V0099,FINISH,US,0.857,24.7,4.51,13,7488.15,4,4,26.7,1,0,0,1
PO002601,V0039,RAW,IN,0.627,7.4,3.13,15,22667.96,10,5,9.3,6,1,0,0
PO002602,V0066,PACK,CN,0.769,9.7,4.46,6,11723.69,7,4,8.3,4,0,0,1
PO002603,V0084,PACK,IN,0.592,5.4,3.15,16,2504.84,1,1,5.4,6,0,0,0
PO002604,V0038,RAW,US,0.858,12.8,2.44,10,1729.88,4,3,14.2,6,0,0,1
PO002605,V0051,FINISH,CN,0.637,24.5,4.23,13,8210.76,5,3,24.1,0,0,0,0
PO002606,V0055,PACK,CN,0.619,8.4,4.01,9,9814.4,4,3,9.6,5,1,0,0
PO002607,V0094,FINISH,CN,0.66,16.0,4.18,11,13151.01,4,4,17.3,2,1,1,0
PO002608,V0075,SERVICE,DE,0.673,5.5,1.96,8,15492.63,1,1,6.2,5,0,0,1
PO002609,V0027,FINISH,US,0.879,14.1,1.64,15,16557.94,5,5,13.4,3,0,0,1
PO002610,V0041,RAW,DE,0.93,9.9,1.69,10,10965.92,2,5,9.3,3,0,0,1
PO002611,V0040,SERVICE,CN,0.742,5.1,2.29,19,1717.43,4,1,7.2,3,0,0,1
PO002612,V0042,FINISH,CN,0.807,23.2,2.12,16,6298.74,5,3,21.8,3,0,0,1
PO002613,V0048,PACK,MX,0.846,9.8,4.62,11,44200.79,2,2,12.3,4,1,0,1
PO002614,V0044,FINISH,IN,0.629,20.6,1.39,15,17976.31,4,4,22.8,5,1,0,1
PO002615,V0026,RAW,DE,0.898,12.1,4.59,17,9520.05,7,5,11.6,6,0,0,1
PO002616,V0054,RAW,MX,0.782,9.2,4.8,24,11244.75,5,1,11.0,6,1,1,0
PO002617,V0078,RAW,US,0.9,7.8,2.84,11,19357.79,8,1,8.9,3,0,0,1
PO002618,V0043,RAW,DE,0.98,7.1,1.46,6,18561.04,8,2,4.8,4,0,0,1
PO002619,V0088,FINISH,MX,0.697,25.4,2.03,11,856.98,5,5,24.9,2,0,1,0
PO002620,V0045,PACK,US,0.98,8.2,1.18,13,6470.25,4,1,6.4,3,0,0,1
PO002621,V0052,SERVICE,DE,0.824,6.4,2.72,18,325.78,12,1,6.5,3,0,0,1
PO002622,V0046,FINISH,CN,0.577,23.2,1.65,8,3693.64,3,5,19.5,1,0,0,0
PO002623,V0061,FINISH,US,0.872,15.0,3.22,16,5144.1,4,3,12.9,2,0,0,1
PO002624,V0054,RAW,MX,0.782,9.2,4.8,24,19911.11,5,3,12.1,5,0,1,1
PO002625,V0010,RAW,IN,0.761,9.5,1.46,20,1327.38,1,3,10.0,2,0,1,0
PO002626,V0097,FINISH,US,0.933,26.7,3.5,16,9440.44,3,5,27.2,1,0,0,1
PO002627,V0051,FINISH,CN,0.637,24.5,4.23,13,5528.46,7,4,22.6,3,0,0,0
PO002628,V0050,RAW,IN,0.638,7.8,3.79,16,4084.16,4,4,6.1,3,0,0,0
PO002629,V0033,RAW,IN,0.721,13.6,3.78,16,7398.22,3,4,15.1,1,0,1,1
PO002630,V0067,FINISH,DE,0.709,27.6,4.37,19,18945.46,6,5,26.8,1,0,0,1
PO002631,V0010,RAW,IN,0.761,9.5,1.46,20,4573.46,5,3,7.9,3,0,0,1
PO002632,V0086,RAW,US,0.712,8.7,1.64,11,69137.17,3,3,10.3,4,1,0,0
PO002633,V0076,RAW,US,0.841,8.0,3.56,11,17960.51,2,1,10.7,4,0,0,1
PO002634,V0002,SERVICE,US,0.98,6.3,1.85,11,3731.72,5,1,2.3,1,0,0,1
PO002635,V0070,FINISH,US,0.901,21.3,4.09,15,14580.7,4,3,21.7,3,0,0,1
PO002636,V0036,FINISH,IN,0.606,23.8,4.18,21,15472.86,7,3,24.2,4,0,0,0
PO002637,V0008,RAW,DE,0.897,12.8,2.43,12,7324.11,7,3,13.8,3,1,0,1
PO002638,V0100,FINISH,US,0.802,15.8,2.59,19,19927.82,9,5,16.6,3,0,0,0
PO002639,V0082,PACK,US,0.825,7.7,1.97,12,597.05,8,3,10.4,4,0,0,0
PO002640,V0002,SERVICE,US,0.98,6.3,1.85,11,12145.17,5,1,3.9,0,0,0,1
PO002641,V0017,FINISH,IN,0.701,19.8,1.89,10,4832.69,3,3,18.5,1,0,0,1
PO002642,V0039,RAW,IN,0.627,7.4,3.13,15,10223.1,6,3,6.6,1,0,1,0
PO002643,V0079,FINISH,CN,0.65,26.2,4.68,7,109731.09,4,3,23.7,3,0,1,1
PO002644,V0017,FINISH,IN,0.701,19.8,1.89,10,14650.7,9,5,17.4,3,0,1,0
PO002645,V0026,RAW,DE,0.898,12.1,4.59,17,10243.17,3,2,15.4,6,0,0,1
PO002646,V0037,RAW,DE,0.831,10.3,3.17,12,20977.34,2,2,13.5,2,0,0,1
PO002647,V0023,RAW,CN,0.614,11.8,2.55,22,54530.9,6,1,11.1,5,0,0,1
PO002648,V0075,SERVICE,DE,0.673,5.5,1.96,8,9282.27,5,2,1.0,6,0,0,1
PO002649,V0045,PACK,US,0.98,8.2,1.18,13,9527.8,3,2,8.9,6,0,0,1
PO002650,V0051,FINISH,CN,0.637,24.5,4.23,13,5108.48,2,4,26.1,5,0,0,0
PO002651,V0084,PACK,IN,0.592,5.4,3.15,16,4583.73,5,4,8.0,3,1,1,0
PO002652,V0099,FINISH,US,0.857,24.7,4.51,13,8069.42,4,4,20.5,4,0,0,1
PO002653,V0063,FINISH,MX,0.98,17.9,1.75,15,21565.07,6,3,16.2,2,0,0,0
PO002654,V0082,PACK,US,0.825,7.7,1.97,12,4375.62,6,3,10.0,5,0,0,1
PO002655,V0001,SERVICE,DE,0.945,3.6,1.62,16,2902.84,3,1,2.8,1,0,0,1
PO002656,V0051,FINISH,CN,0.637,24.5,4.23,13,76807.62,8,3,24.6,5,1,1,0
PO002657,V0011,RAW,DE,0.769,12.1,3.55,21,6801.17,3,2,14.0,3,0,1,1
PO002658,V0079,FINISH,CN,0.65,26.2,4.68,7,1087.33,1,5,25.2,6,1,0,0
PO002659,V0044,FINISH,IN,0.629,20.6,1.39,15,345.59,5,4,18.0,1,0,1,1
PO002660,V0086,RAW,US,0.712,8.7,1.64,11,5112.53,1,2,8.0,4,0,0,0
PO002661,V0049,RAW,US,0.878,7.5,2.28,20,1877.39,4,2,6.7,3,0,0,1
PO002662,V0031,PACK,CN,0.783,6.4,1.1,17,1533.46,1,2,6.5,0,0,0,1
PO002663,V0091,PACK,US,0.785,6.7,1.54,13,59636.18,8,2,2.5,1,0,0,0
PO002664,V0077,PACK,IN,0.601,6.0,1.16,11,1144.31,6,3,4.5,1,0,0,1
PO002665,V0091,PACK,US,0.785,6.7,1.54,13,2810.77,4,3,10.0,3,1,0,1
PO002666,V0036,FINISH,IN,0.606,23.8,4.18,21,1589.08,7,4,25.1,4,0,0,0
PO002667,V0030,PACK,MX,0.97,9.5,3.52,19,1525.43,6,2,11.6,0,1,1,1
PO002668,V0073,PACK,DE,0.853,7.6,4.13,14,1059.25,2,2,5.8,3,0,0,1
PO002669,V0085,RAW,DE,0.792,11.5,3.28,16,35386.23,6,3,9.8,6,1,0,0
PO002670,V0050,RAW,IN,0.638,7.8,3.79,16,23518.75,5,3,7.5,6,0,0,1
PO002671,V0048,PACK,MX,0.846,9.8,4.62,11,4077.88,3,1,10.1,5,1,0,1
PO002672,V0090,RAW,CN,0.774,7.8,3.44,12,723.37,4,1,5.9,1,0,1,1
PO002673,V0058,SERVICE,US,0.874,4.5,2.48,13,8875.99,6,1,5.1,6,0,0,1
PO002674,V0008,RAW,DE,0.897,12.8,2.43,12,3995.83,4,2,10.5,6,0,0,1
PO002675,V0082,PACK,US,0.825,7.7,1.97,12,14668.01,6,1,9.5,5,0,0,1
PO002676,V0030,PACK,MX,0.97,9.5,3.52,19,14463.91,0,1,8.2,1,0,0,1
PO002677,V0025,PACK,IN,0.539,5.5,4.59,21,5269.76,3,4,3.5,4,0,0,0
PO002678,V0071,PACK,CN,0.695,5.7,1.12,18,4033.67,5,2,6.0,5,0,1,0
PO002679,V0096,PACK,DE,0.98,7.3,2.21,18,9133.59,8,3,8.0,3,0,1,0
PO002680,V0068,RAW,DE,0.98,7.4,4.46,20,22403.64,5,4,4.6,0,0,0,1
PO002681,V0077,PACK,IN,0.601,6.0,1.16,11,13312.41,6,2,8.8,1,0,0,1
PO002682,V0004,FINISH,DE,0.824,16.8,3.06,16,9785.72,6,3,18.7,0,0,0,1
PO002683,V0057,FINISH,US,0.768,15.2,3.8,17,4069.87,9,5,15.1,4,0,0,0
PO002684,V0053,SERVICE,US,0.98,4.3,4.58,14,5312.6,5,1,6.9,6,0,0,1
PO002685,V0032,SERVICE,MX,0.694,6.7,2.48,12,4453.34,2,1,3.1,4,0,0,1
PO002686,V0034,SERVICE,CN,0.595,3.6,3.07,20,8335.38,3,2,4.7,5,1,0,1
PO002687,V0054,RAW,MX,0.782,9.2,4.8,24,3557.1,7,1,12.2,6,0,0,0
PO002688,V0069,RAW,DE,0.892,8.6,3.69,16,20623.26,5,1,11.6,1,0,0,1
PO002689,V0019,RAW,DE,0.886,7.4,2.11,21,26621.29,3,2,5.7,5,0,0,1
PO002690,V0098,FINISH,US,0.629,22.7,3.13,10,3221.48,6,5,19.0,5,0,0,1
PO002691,V0068,RAW,DE,0.98,7.4,4.46,20,9541.8,1,3,8.0,2,0,0,1
PO002692,V0020,PACK,US,0.98,9.9,1.97,17,4012.98,3,1,8.7,1,0,0,1
PO002693,V0080,FINISH,IN,0.721,16.6,1.84,13,61568.39,11,5,15.9,4,0,1,0
PO002694,V0026,RAW,DE,0.898,12.1,4.59,17,31823.04,6,1,9.7,1,1,0,1
PO002695,V0047,PACK,US,0.861,6.9,3.57,14,12471.11,3,3,9.7,5,1,1,1
PO002696,V0060,FINISH,US,0.834,24.4,3.33,25,8577.58,5,4,26.6,3,0,0,0
PO002697,V0049,RAW,US,0.878,7.5,2.28,20,26436.96,8,4,7.8,4,0,0,1
PO002698,V0028,RAW,CN,0.649,12.0,1.95,13,23556.52,6,3,10.1,4,0,0,0
PO002699,V0033,RAW,IN,0.721,13.6,3.78,16,16730.31,5,1,14.7,1,0,0,0
PO002700,V0056,PACK,US,0.729,7.2,4.55,13,10299.16,4,2,4.7,3,0,0,0
PO002701,V0097,FINISH,US,0.933,26.7,3.5,16,3203.36,6,4,31.0,1,0,1,1
PO002702,V0041,RAW,DE,0.93,9.9,1.69,10,2714.45,9,2,11.3,3,0,0,1
PO002703,V0015,FINISH,MX,0.872,25.3,1.75,21,5997.89,8,4,23.5,6,0,1,0
PO002704,V0034,SERVICE,CN,0.595,3.6,3.07,20,22770.2,4,2,2.2,1,0,0,1
PO002705,V0049,RAW,US,0.878,7.5,2.28,20,1340.13,3,1,7.5,0,0,0,1
PO002706,V0086,RAW,US,0.712,8.7,1.64,11,2974.12,4,1,6.7,5,0,0,1
PO002707,V0015,FINISH,MX,0.872,25.3,1.75,21,2727.24,4,5,25.7,0,0,1,1
PO002708,V0061,FINISH,US,0.872,15.0,3.22,16,804.85,7,4,13.5,1,1,1,0
PO002709,V0098,FINISH,US,0.629,22.7,3.13,10,17944.48,4,5,21.3,2,0,0,0
PO002710,V0042,FINISH,CN,0.807,23.2,2.12,16,6012.52,2,3,23.4,3,0,0,0
PO002711,V0079,FINISH,CN,0.65,26.2,4.68,7,4214.64,9,5,27.2,2,0,0,0
PO002712,V0027,FINISH,US,0.879,14.1,1.64,15,7692.19,6,4,12.4,0,0,0,0
PO002713,V0040,SERVICE,CN,0.742,5.1,2.29,19,23034.51,6,1,7.1,3,0,1,1
PO002714,V0043,RAW,DE,0.98,7.1,1.46,6,18418.83,7,3,6.4,4,0,0,0
PO002715,V0021,FINISH,US,0.98,22.9,3.14,9,8515.67,2,5,24.4,0,1,1,1
PO002716,V0094,FINISH,CN,0.66,16.0,4.18,11,3636.24,5,5,14.8,3,0,1,1
PO002717,V0026,RAW,DE,0.898,12.1,4.59,17,16195.63,5,2,9.8,0,0,0,0
PO002718,V0079,FINISH,CN,0.65,26.2,4.68,7,5651.71,4,4,27.1,0,0,0,1
PO002719,V0072,RAW,CN,0.817,8.0,1.06,13,53042.97,5,1,8.2,4,0,0,0
PO002720,V0071,PACK,CN,0.695,5.7,1.12,18,2085.97,7,2,4.4,0,0,0,0
PO002721,V0006,SERVICE,US,0.821,4.0,3.65,13,6652.75,4,1,1.8,5,0,0,0
PO002722,V0060,FINISH,US,0.834,24.4,3.33,25,6027.69,5,4,24.5,1,0,0,1
PO002723,V0081,PACK,CN,0.884,5.2,2.01,15,1046.71,5,5,5.1,1,0,0,1
PO002724,V0054,RAW,MX,0.782,9.2,4.8,24,11195.64,8,3,6.7,1,0,1,0
PO002725,V0073,PACK,DE,0.853,7.6,4.13,14,18362.89,3,1,7.5,6,0,0,1
PO002726,V0070,FINISH,US,0.901,21.3,4.09,15,10492.77,4,5,22.4,4,0,0,0
PO002727,V0052,SERVICE,DE,0.824,6.4,2.72,18,11647.03,10,1,8.3,5,0,0,1
PO002728,V0037,RAW,DE,0.831,10.3,3.17,12,53787.48,3,1,8.9,3,0,0,1
PO002729,V0078,RAW,US,0.9,7.8,2.84,11,8564.79,11,1,5.1,0,0,0,1
PO002730,V0058,SERVICE,US,0.874,4.5,2.48,13,3344.58,4,2,5.8,5,0,0,1
PO002731,V0032,SERVICE,MX,0.694,6.7,2.48,12,2327.01,4,2,5.6,5,0,0,0
PO002732,V0097,FINISH,US,0.933,26.7,3.5,16,2834.15,3,5,23.6,6,0,0,0
PO002733,V0093,SERVICE,DE,0.917,6.8,1.72,8,3848.58,8,1,6.1,3,0,1,1
PO002734,V0054,RAW,MX,0.782,9.2,4.8,24,7962.16,4,5,7.7,2,0,0,0
PO002735,V0033,RAW,IN,0.721,13.6,3.78,16,2667.42,5,2,15.9,4,0,1,1
PO002736,V0009,FINISH,US,0.782,14.1,4.26,17,12972.48,3,3,13.4,6,1,0,1
PO002737,V0024,RAW,DE,0.927,13.5,4.51,12,5118.89,5,3,13.0,4,0,0,1
PO002738,V0015,FINISH,MX,0.872,25.3,1.75,21,3132.01,3,3,26.7,3,0,0,1
PO002739,V0073,PACK,DE,0.853,7.6,4.13,14,19040.91,7,2,3.5,0,0,0,1
PO002740,V0077,PACK,IN,0.601,6.0,1.16,11,30036.73,5,3,4.3,5,0,0,0
PO002741,V0054,RAW,MX,0.782,9.2,4.8,24,1438.94,1,3,8.1,5,0,0,1
PO002742,V0100,FINISH,US,0.802,15.8,2.59,19,54487.1,9,5,18.3,5,0,0,1
PO002743,V0085,RAW,DE,0.792,11.5,3.28,16,3865.74,8,2,14.4,4,0,1,1
PO002744,V0020,PACK,US,0.98,9.9,1.97,17,3047.56,6,3,6.7,5,0,1,1
PO002745,V0010,RAW,IN,0.761,9.5,1.46,20,8073.55,2,1,6.4,5,0,1,0
PO002746,V0043,RAW,DE,0.98,7.1,1.46,6,7341.52,4,3,3.4,3,0,0,0
PO002747,V0097,FINISH,US,0.933,26.7,3.5,16,41281.21,7,4,27.6,5,0,0,1
PO002748,V0092,FINISH,US,0.855,24.6,3.38,15,1741.69,4,5,22.3,2,0,0,1
PO002749,V0053,SERVICE,US,0.98,4.3,4.58,14,2916.77,5,1,6.0,1,0,0,1
PO002750,V0074,SERVICE,IN,0.772,3.6,4.71,15,4023.18,6,2,4.5,2,0,0,1
PO002751,V0076,RAW,US,0.841,8.0,3.56,11,8816.56,6,1,8.9,2,0,0,1
PO002752,V0091,PACK,US,0.785,6.7,1.54,13,5047.99,5,3,7.4,6,0,1,1
PO002753,V0018,RAW,MX,0.757,10.6,3.81,25,6478.96,8,1,12.6,2,0,1,1
PO002754,V0091,PACK,US,0.785,6.7,1.54,13,4563.17,3,2,6.8,5,0,1,1
PO002755,V0010,RAW,IN,0.761,9.5,1.46,20,9334.9,7,3,10.7,2,0,0,1
PO002756,V0058,SERVICE,US,0.874,4.5,2.48,13,1137.28,3,2,7.3,1,0,1,0
PO002757,V0065,FINISH,DE,0.79,26.8,4.29,23,1749.55,6,5,26.6,3,0,0,1
PO002758,V0016,FINISH,IN,0.733,18.5,1.44,12,3542.13,2,5,19.0,2,0,0,0
PO002759,V0014,FINISH,DE,0.85,17.2,1.31,12,30272.11,5,3,16.1,5,0,0,0
PO002760,V0076,RAW,US,0.841,8.0,3.56,11,4943.56,4,1,7.5,4,0,0,0
PO002761,V0060,FINISH,US,0.834,24.4,3.33,25,26901.14,1,3,27.3,3,0,0,1
PO002762,V0083,RAW,US,0.785,7.8,4.56,16,9458.6,8,1,6.2,1,0,0,0
PO002763,V0028,RAW,CN,0.649,12.0,1.95,13,24288.85,4,5,10.9,3,0,0,0
PO002764,V0069,RAW,DE,0.892,8.6,3.69,16,83434.45,4,1,7.9,2,0,0,1
PO002765,V0062,FINISH,DE,0.881,22.2,4.6,6,14807.75,3,4,26.7,1,0,0,1
PO002766,V0069,RAW,DE,0.892,8.6,3.69,16,25391.92,9,2,9.3,0,0,0,1
PO002767,V0032,SERVICE,MX,0.694,6.7,2.48,12,2386.25,6,2,6.1,3,0,1,1
PO002768,V0075,SERVICE,DE,0.673,5.5,1.96,8,5003.27,5,2,4.2,5,0,0,1
PO002769,V0064,RAW,CN,0.639,13.8,4.94,17,8750.89,5,2,12.6,1,0,0,0
PO002770,V0011,RAW,DE,0.769,12.1,3.55,21,5332.85,8,4,9.3,1,0,0,1
PO002771,V0028,RAW,CN,0.649,12.0,1.95,13,6523.89,4,3,13.3,5,0,0,0
PO002772,V0042,FINISH,CN,0.807,23.2,2.12,16,12994.63,6,5,22.9,4,0,1,1
PO002773,V0004,FINISH,DE,0.824,16.8,3.06,16,36497.22,11,4,15.2,3,0,0,0
PO002774,V0005,RAW,CN,0.66,11.8,2.76,10,5011.66,3,1,5.5,3,0,1,0
PO002775,V0011,RAW,DE,0.769,12.1,3.55,21,25878.08,3,3,11.2,3,1,0,0
PO002776,V0013,PACK,CN,0.729,6.6,3.03,21,861.89,2,3,2.6,3,0,0,1
PO002777,V0012,FINISH,US,0.73,24.7,3.25,18,11613.78,7,4,23.3,0,1,0,0
PO002778,V0096,PACK,DE,0.98,7.3,2.21,18,2580.1,4,2,5.8,6,0,0,1
PO002779,V0082,PACK,US,0.825,7.7,1.97,12,3219.01,6,3,9.3,2,0,0,1
PO002780,V0080,FINISH,IN,0.721,16.6,1.84,13,21900.04,2,5,17.9,4,0,0,1
PO002781,V0004,FINISH,DE,0.824,16.8,3.06,16,20952.66,7,4,18.9,0,0,0,1
PO002782,V0088,FINISH,MX,0.697,25.4,2.03,11,24538.95,2,5,29.8,2,0,0,0
PO002783,V0079,FINISH,CN,0.65,26.2,4.68,7,2501.27,1,3,27.4,2,0,0,1
PO002784,V0081,PACK,CN,0.884,5.2,2.01,15,6470.38,5,4,9.0,2,0,0,1
PO002785,V0059,PACK,IN,0.786,5.6,2.97,7,5018.68,4,2,4.7,6,0,0,1
PO002786,V0046,FINISH,CN,0.577,23.2,1.65,8,26868.5,4,5,22.2,0,1,0,0
PO002787,V0076,RAW,US,0.841,8.0,3.56,11,3437.11,2,2,7.1,5,0,0,1
PO002788,V0076,RAW,US,0.841,8.0,3.56,11,8208.67,5,1,6.3,2,0,0,1
PO002789,V0052,SERVICE,DE,0.824,6.4,2.72,18,5517.57,5,2,9.1,4,0,0,1
PO002790,V0027,FINISH,US,0.879,14.1,1.64,15,1032.61,8,3,15.0,5,0,1,1
PO002791,V0069,RAW,DE,0.892,8.6,3.69,16,11655.74,10,1,8.6,1,0,0,1
PO002792,V0034,SERVICE,CN,0.595,3.6,3.07,20,1053.34,6,1,3.7,4,0,1,1
PO002793,V0022,RAW,DE,0.74,7.3,3.36,17,6778.97,7,3,6.5,4,0,0,1
PO002794,V0013,PACK,CN,0.729,6.6,3.03,21,24662.35,2,2,6.8,5,0,1,1
PO002795,V0013,PACK,CN,0.729,6.6,3.03,21,3116.49,3,3,6.0,5,0,1,0
PO002796,V0049,RAW,US,0.878,7.5,2.28,20,12414.88,1,5,9.6,6,1,0,1
PO002797,V0017,FINISH,IN,0.701,19.8,1.89,10,54507.73,5,3,21.0,2,0,0,1
PO002798,V0007,RAW,CN,0.794,7.6,1.78,6,28794.74,13,2,4.9,1,0,0,1
PO002799,V0029,FINISH,CN,0.802,15.3,2.47,12,16287.98,6,4,14.7,2,0,0,0
PO002800,V0097,FINISH,US,0.933,26.7,3.5,16,8854.51,4,4,29.0,1,0,0,0
PO002801,V0060,FINISH,US,0.834,24.4,3.33,25,15274.36,6,4,25.3,4,1,0,1
PO002802,V0087,FINISH,US,0.855,19.7,4.93,9,18180.03,5,4,22.9,2,0,0,1
PO002803,V0012,FINISH,US,0.73,24.7,3.25,18,2826.25,5,3,26.3,4,0,0,0
PO002804,V0069,RAW,DE,0.892,8.6,3.69,16,3636.39,5,1,7.8,3,0,0,1
PO002805,V0026,RAW,DE,0.898,12.1,4.59,17,7303.68,6,3,12.6,2,0,0,1
PO002806,V0080,FINISH,IN,0.721,16.6,1.84,13,92678.09,6,5,19.2,1,0,1,0
PO002807,V0008,RAW,DE,0.897,12.8,2.43,12,8104.04,1,2,15.3,6,0,0,1
PO002808,V0058,SERVICE,US,0.874,4.5,2.48,13,17859.73,3,2,4.2,1,0,0,1
PO002809,V0076,RAW,US,0.841,8.0,3.56,11,63611.08,7,3,8.4,6,0,0,1
PO002810,V0039,RAW,IN,0.627,7.4,3.13,15,329.11,3,4,4.6,1,0,0,0
PO002811,V0041,RAW,DE,0.93,9.9,1.69,10,7944.84,6,2,10.5,3,0,0,1
PO002812,V0021,FINISH,US,0.98,22.9,3.14,9,7849.53,7,3,23.2,2,0,0,1
PO002813,V0076,RAW,US,0.841,8.0,3.56,11,1607.8,3,3,10.2,1,0,0,1
PO002814,V0037,RAW,DE,0.831,10.3,3.17,12,8875.38,8,2,12.9,1,0,0,1
PO002815,V0005,RAW,CN,0.66,11.8,2.76,10,7314.91,1,4,9.6,3,0,0,1
PO002816,V0008,RAW,DE,0.897,12.8,2.43,12,7788.77,7,4,14.1,4,0,0,1
PO002817,V0062,FINISH,DE,0.881,22.2,4.6,6,16975.75,5,3,19.9,0,1,1,0
PO002818,V0047,PACK,US,0.861,6.9,3.57,14,7884.7,3,3,6.9,5,0,0,1
PO002819,V0060,FINISH,US,0.834,24.4,3.33,25,2849.41,6,5,20.9,2,0,0,1
PO002820,V0023,RAW,CN,0.614,11.8,2.55,22,962.07,8,3,14.0,4,0,0,0
PO002821,V0045,PACK,US,0.98,8.2,1.18,13,3591.41,6,4,8.7,3,0,0,1
PO002822,V0063,FINISH,MX,0.98,17.9,1.75,15,3497.9,5,3,15.7,4,0,0,1
PO002823,V0086,RAW,US,0.712,8.7,1.64,11,20412.72,9,1,9.7,4,0,0,1
PO002824,V0056,PACK,US,0.729,7.2,4.55,13,6027.94,4,2,2.6,5,0,0,1
PO002825,V0094,FINISH,CN,0.66,16.0,4.18,11,4808.84,3,5,16.1,0,0,0,1
PO002826,V0023,RAW,CN,0.614,11.8,2.55,22,44832.5,5,3,13.7,3,0,0,0
PO002827,V0075,SERVICE,DE,0.673,5.5,1.96,8,992.91,5,1,7.3,5,0,0,1
PO002828,V0004,FINISH,DE,0.824,16.8,3.06,16,7802.35,7,5,15.6,4,0,0,0
PO002829,V0091,PACK,US,0.785,6.7,1.54,13,1358.4,9,3,7.3,0,0,0,1
PO002830,V0092,FINISH,US,0.855,24.6,3.38,15,4311.37,8,4,24.4,1,1,1,1
PO002831,V0030,PACK,MX,0.97,9.5,3.52,19,14387.91,7,4,8.5,1,0,0,1
PO002832,V0053,SERVICE,US,0.98,4.3,4.58,14,26999.32,10,1,3.2,2,0,0,0
PO002833,V0049,RAW,US,0.878,7.5,2.28,20,1347.19,2,1,7.7,5,1,0,0
PO002834,V0075,SERVICE,DE,0.673,5.5,1.96,8,7856.16,3,2,4.5,0,0,0,1
PO002835,V0066,PACK,CN,0.769,9.7,4.46,6,4386.51,8,5,9.5,6,0,0,1
PO002836,V0067,FINISH,DE,0.709,27.6,4.37,19,72847.6,11,4,29.6,0,0,0,0
PO002837,V0059,PACK,IN,0.786,5.6,2.97,7,3676.34,4,3,9.0,0,0,0,1
PO002838,V0091,PACK,US,0.785,6.7,1.54,13,1807.06,6,2,6.7,5,0,0,0
PO002839,V0093,SERVICE,DE,0.917,6.8,1.72,8,54642.65,4,2,6.1,2,0,0,1
PO002840,V0088,FINISH,MX,0.697,25.4,2.03,11,11694.67,5,3,25.0,1,0,0,1
PO002841,V0042,FINISH,CN,0.807,23.2,2.12,16,17171.99,5,4,20.3,3,0,0,1
PO002842,V0027,FINISH,US,0.879,14.1,1.64,15,7750.74,5,4,15.3,0,0,0,1
PO002843,V0001,SERVICE,DE,0.945,3.6,1.62,16,189.91,10,1,6.5,1,0,0,0
PO002844,V0076,RAW,US,0.841,8.0,3.56,11,825.88,8,5,5.7,1,1,0,0
PO002845,V0092,FINISH,US,0.855,24.6,3.38,15,5087.38,4,5,26.6,3,0,0,1
PO002846,V0035,FINISH,CN,0.582,25.3,4.24,15,14332.8,3,5,24.4,2,1,1,0
PO002847,V0027,FINISH,US,0.879,14.1,1.64,15,11719.43,4,4,15.4,5,0,0,1
PO002848,V0029,FINISH,CN,0.802,15.3,2.47,12,16243.97,12,5,18.1,5,0,0,0
PO002849,V0001,SERVICE,DE,0.945,3.6,1.62,16,5935.11,7,2,3.8,0,1,0,1
PO002850,V0078,RAW,US,0.9,7.8,2.84,11,13686.83,4,3,6.6,1,1,0,1
PO002851,V0054,RAW,MX,0.782,9.2,4.8,24,2706.22,5,2,9.5,5,0,0,0
PO002852,V0042,FINISH,CN,0.807,23.2,2.12,16,48283.83,9,5,25.1,0,0,0,0
PO002853,V0011,RAW,DE,0.769,12.1,3.55,21,85559.7,10,5,11.5,2,0,0,1
PO002854,V0091,PACK,US,0.785,6.7,1.54,13,22034.37,4,1,7.7,5,0,1,1
PO002855,V0068,RAW,DE,0.98,7.4,4.46,20,10189.1,4,1,2.9,4,0,0,1
PO002856,V0020,PACK,US,0.98,9.9,1.97,17,25278.63,3,4,8.8,1,0,1,1
PO002857,V0076,RAW,US,0.841,8.0,3.56,11,9787.81,7,1,6.7,0,0,0,1
PO002858,V0036,FINISH,IN,0.606,23.8,4.18,21,34338.8,5,3,24.8,6,0,0,0
PO002859,V0043,RAW,DE,0.98,7.1,1.46,6,973.65,4,3,6.2,6,0,0,0
PO002860,V0038,RAW,US,0.858,12.8,2.44,10,23365.08,6,5,12.8,2,0,0,1
PO002861,V0061,FINISH,US,0.872,15.0,3.22,16,29754.52,2,5,14.4,3,0,0,1
PO002862,V0095,FINISH,US,0.879,19.0,4.51,14,3804.71,5,4,18.7,1,0,0,0
PO002863,V0016,FINISH,IN,0.733,18.5,1.44,12,7979.74,2,5,14.5,1,0,0,0
PO002864,V0042,FINISH,CN,0.807,23.2,2.12,16,16184.54,8,4,22.3,4,0,1,0
PO002865,V0024,RAW,DE,0.927,13.5,4.51,12,34110.9,4,2,18.0,0,0,0,1
PO002866,V0011,RAW,DE,0.769,12.1,3.55,21,24562.59,8,3,11.7,2,0,1,0
PO002867,V0081,PACK,CN,0.884,5.2,2.01,15,4557.09,5,2,4.7,0,0,0,1
PO002868,V0011,RAW,DE,0.769,12.1,3.55,21,7772.23,2,3,10.5,4,0,0,1
PO002869,V0062,FINISH,DE,0.881,22.2,4.6,6,4266.27,3,5,23.9,1,0,0,0
PO002870,V0031,PACK,CN,0.783,6.4,1.1,17,3428.67,6,2,2.6,6,0,0,1
PO002871,V0017,FINISH,IN,0.701,19.8,1.89,10,5655.07,4,5,19.7,1,0,0,0
PO002872,V0087,FINISH,US,0.855,19.7,4.93,9,10648.43,2,3,23.3,5,0,0,0
PO002873,V0057,FINISH,US,0.768,15.2,3.8,17,2448.95,6,5,15.9,4,0,0,1
PO002874,V0073,PACK,DE,0.853,7.6,4.13,14,4998.54,3,5,5.8,3,0,1,0
PO002875,V0031,PACK,CN,0.783,6.4,1.1,17,2218.26,4,1,7.9,2,0,0,1
PO002876,V0045,PACK,US,0.98,8.2,1.18,13,6121.48,3,1,10.2,2,0,0,1
PO002877,V0043,RAW,DE,0.98,7.1,1.46,6,9834.25,2,4,2.9,2,0,0,1
PO002878,V0025,PACK,IN,0.539,5.5,4.59,21,4076.23,4,2,4.4,6,1,0,0
PO002879,V0074,SERVICE,IN,0.772,3.6,4.71,15,5302.17,4,2,6.0,3,0,1,0
PO002880,V0055,PACK,CN,0.619,8.4,4.01,9,3177.15,7,1,9.8,3,0,0,1
PO002881,V0081,PACK,CN,0.884,5.2,2.01,15,2199.4,8,3,6.6,1,0,0,0
PO002882,V0059,PACK,IN,0.786,5.6,2.97,7,10059.61,3,2,5.7,0,1,0,0
PO002883,V0056,PACK,US,0.729,7.2,4.55,13,1225.11,6,4,7.3,3,0,0,0
PO002884,V0076,RAW,US,0.841,8.0,3.56,11,6649.94,7,1,3.6,3,0,0,1
PO002885,V0046,FINISH,CN,0.577,23.2,1.65,8,1937.84,7,5,23.5,4,1,1,0
PO002886,V0097,FINISH,US,0.933,26.7,3.5,16,105307.12,5,4,26.5,5,0,0,1
PO002887,V0095,FINISH,US,0.879,19.0,4.51,14,1920.72,9,5,22.0,2,0,0,0
PO002888,V0013,PACK,CN,0.729,6.6,3.03,21,11181.32,3,1,10.2,0,0,0,1
PO002889,V0005,RAW,CN,0.66,11.8,2.76,10,10530.92,6,3,9.5,3,0,1,0
PO002890,V0033,RAW,IN,0.721,13.6,3.78,16,14909.9,9,2,13.6,0,0,0,1
PO002891,V0003,PACK,DE,0.708,8.1,1.56,12,110966.56,7,4,8.3,2,0,0,1
PO002892,V0030,PACK,MX,0.97,9.5,3.52,19,36479.14,1,2,14.1,6,0,1,1
PO002893,V0034,SERVICE,CN,0.595,3.6,3.07,20,5051.4,7,1,5.9,2,0,0,1
PO002894,V0051,FINISH,CN,0.637,24.5,4.23,13,3327.0,6,4,21.6,5,0,1,0
PO002895,V0096,PACK,DE,0.98,7.3,2.21,18,175057.88,5,2,6.9,3,0,0,1
PO002896,V0090,RAW,CN,0.774,7.8,3.44,12,8394.43,7,3,5.3,6,0,0,1
PO002897,V0037,RAW,DE,0.831,10.3,3.17,12,191006.03,8,2,9.6,6,0,0,1
PO002898,V0080,FINISH,IN,0.721,16.6,1.84,13,480.3,4,4,20.1,5,0,0,1
PO002899,V0077,PACK,IN,0.601,6.0,1.16,11,14926.33,4,3,3.7,0,0,0,1
PO002900,V0034,SERVICE,CN,0.595,3.6,3.07,20,9747.39,4,2,3.5,2,0,0,1
PO002901,V0028,RAW,CN,0.649,12.0,1.95,13,20119.54,7,3,12.7,0,0,0,1
PO002902,V0030,PACK,MX,0.97,9.5,3.52,19,5108.55,9,4,10.7,4,0,0,1
PO002903,V0032,SERVICE,MX,0.694,6.7,2.48,12,46342.65,11,1,7.8,1,0,0,1
PO002904,V0035,FINISH,CN,0.582,25.3,4.24,15,21993.12,1,4,28.6,3,0,0,0
PO002905,V0001,SERVICE,DE,0.945,3.6,1.62,16,9867.6,7,1,4.7,3,0,0,1
PO002906,V0015,FINISH,MX,0.872,25.3,1.75,21,12214.51,3,4,23.4,4,0,0,1
PO002907,V0080,FINISH,IN,0.721,16.6,1.84,13,13820.8,3,4,13.0,0,0,0,0
PO002908,V0039,RAW,IN,0.627,7.4,3.13,15,2320.2,3,3,9.1,2,0,0,1
PO002909,V0061,FINISH,US,0.872,15.0,3.22,16,8926.87,3,3,14.1,4,0,0,1
PO002910,V0022,RAW,DE,0.74,7.3,3.36,17,16952.93,2,1,9.1,1,0,1,0
PO002911,V0060,FINISH,US,0.834,24.4,3.33,25,2391.17,6,5,28.2,3,0,0,1
PO002912,V0078,RAW,US,0.9,7.8,2.84,11,9465.07,4,2,7.2,6,0,0,1
PO002913,V0029,FINISH,CN,0.802,15.3,2.47,12,18707.34,3,3,17.0,6,0,0,1
PO002914,V0001,SERVICE,DE,0.945,3.6,1.62,16,866.54,4,2,4.5,1,0,0,1
PO002915,V0025,PACK,IN,0.539,5.5,4.59,21,13978.33,5,1,5.1,0,0,1,1
PO002916,V0079,FINISH,CN,0.65,26.2,4.68,7,27605.6,3,4,25.5,2,0,0,1
PO002917,V0095,FINISH,US,0.879,19.0,4.51,14,4994.01,4,3,17.7,4,0,0,0
PO002918,V0038,RAW,US,0.858,12.8,2.44,10,2010.21,4,4,10.7,2,0,0,1
PO002919,V0044,FINISH,IN,0.629,20.6,1.39,15,1977.24,11,5,21.2,4,0,0,1
PO002920,V0017,FINISH,IN,0.701,19.8,1.89,10,9222.9,4,4,17.8,0,0,1,0
PO002921,V0051,FINISH,CN,0.637,24.5,4.23,13,8141.42,7,5,21.7,1,0,1,0
PO002922,V0074,SERVICE,IN,0.772,3.6,4.71,15,3146.56,5,2,1.0,5,0,0,1
PO002923,V0068,RAW,DE,0.98,7.4,4.46,20,54600.21,4,1,8.2,6,0,1,1
PO002924,V0023,RAW,CN,0.614,11.8,2.55,22,12820.92,5,3,10.9,4,0,0,1
PO002925,V0032,SERVICE,MX,0.694,6.7,2.48,12,1496.09,3,2,9.0,1,0,0,1
PO002926,V0038,RAW,US,0.858,12.8,2.44,10,3322.43,4,4,13.4,1,0,0,1
PO002927,V0054,RAW,MX,0.782,9.2,4.8,24,16573.27,3,1,7.9,5,0,0,0
PO002928,V0067,FINISH,DE,0.709,27.6,4.37,19,9076.26,4,4,24.7,3,0,0,1
PO002929,V0058,SERVICE,US,0.874,4.5,2.48,13,37297.13,5,2,7.0,5,0,0,1
PO002930,V0051,FINISH,CN,0.637,24.5,4.23,13,66036.88,7,5,25.0,4,0,0,0
PO002931,V0060,FINISH,US,0.834,24.4,3.33,25,18003.31,3,4,26.9,5,0,1,0
PO002932,V0081,PACK,CN,0.884,5.2,2.01,15,34021.99,6,5,6.4,2,0,1,1
PO002933,V0014,FINISH,DE,0.85,17.2,1.31,12,2618.84,3,5,15.7,0,1,1,0
PO002934,V0058,SERVICE,US,0.874,4.5,2.48,13,59870.13,8,2,6.2,2,0,0,0
PO002935,V0058,SERVICE,US,0.874,4.5,2.48,13,1326.88,6,2,5.1,3,0,0,1
PO002936,V0007,RAW,CN,0.794,7.6,1.78,6,4999.15,4,4,10.8,1,1,0,1
PO002937,V0095,FINISH,US,0.879,19.0,4.51,14,803.7,1,3,18.3,1,0,1,1
PO002938,V0040,SERVICE,CN,0.742,5.1,2.29,19,8346.3,2,1,4.4,3,0,0,1
PO002939,V0025,PACK,IN,0.539,5.5,4.59,21,3784.27,6,1,4.4,1,0,0,0
PO002940,V0076,RAW,US,0.841,8.0,3.56,11,81531.62,4,2,9.2,1,0,0,1
PO002941,V0009,FINISH,US,0.782,14.1,4.26,17,7826.19,2,4,16.6,2,0,0,0
PO002942,V0061,FINISH,US,0.872,15.0,3.22,16,12555.11,4,3,14.9,3,0,0,0
PO002943,V0061,FINISH,US,0.872,15.0,3.22,16,50077.51,1,3,14.7,5,0,0,0
PO002944,V0032,SERVICE,MX,0.694,6.7,2.48,12,15898.38,5,2,7.3,5,0,0,1
PO002945,V0019,RAW,DE,0.886,7.4,2.11,21,57468.25,6,1,10.0,3,0,0,1
PO002946,V0030,PACK,MX,0.97,9.5,3.52,19,4446.54,8,4,7.7,1,0,1,1
PO002947,V0009,FINISH,US,0.782,14.1,4.26,17,10969.62,6,4,14.8,3,0,1,0
PO002948,V0045,PACK,US,0.98,8.2,1.18,13,14948.71,4,2,7.5,5,0,0,1
PO002949,V0019,RAW,DE,0.886,7.4,2.11,21,31405.72,5,2,9.3,4,1,1,0
PO002950,V0002,SERVICE,US,0.98,6.3,1.85,11,2350.46,4,1,8.8,6,0,0,1
PO002951,V0094,FINISH,CN,0.66,16.0,4.18,11,10037.97,12,4,19.6,6,0,0,0
PO002952,V0030,PACK,MX,0.97,9.5,3.52,19,6848.31,6,4,10.2,6,0,0,0
PO002953,V0038,RAW,US,0.858,12.8,2.44,10,2825.94,5,1,11.3,4,0,0,0
PO002954,V0017,FINISH,IN,0.701,19.8,1.89,10,8531.78,6,5,17.0,4,0,0,1
PO002955,V0076,RAW,US,0.841,8.0,3.56,11,55830.91,6,2,11.3,1,0,0,1
PO002956,V0092,FINISH,US,0.855,24.6,3.38,15,943.47,4,4,22.8,5,0,0,1
PO002957,V0007,RAW,CN,0.794,7.6,1.78,6,14393.34,6,4,4.7,6,0,0,1
PO002958,V0051,FINISH,CN,0.637,24.5,4.23,13,12095.79,7,4,22.2,2,0,0,1
PO002959,V0025,PACK,IN,0.539,5.5,4.59,21,27199.31,1,2,4.2,0,0,1,0
PO002960,V0033,RAW,IN,0.721,13.6,3.78,16,4442.62,7,4,11.7,6,0,1,1
PO002961,V0047,PACK,US,0.861,6.9,3.57,14,5979.59,7,3,6.2,4,0,0,1
PO002962,V0024,RAW,DE,0.927,13.5,4.51,12,13803.81,4,2,13.8,1,0,0,1
PO002963,V0018,RAW,MX,0.757,10.6,3.81,25,75890.79,5,1,12.4,4,0,0,1
PO002964,V0048,PACK,MX,0.846,9.8,4.62,11,7404.21,4,4,9.5,5,1,1,0
PO002965,V0053,SERVICE,US,0.98,4.3,4.58,14,19723.31,4,1,5.3,5,0,0,1
PO002966,V0066,PACK,CN,0.769,9.7,4.46,6,10590.25,2,1,10.6,1,0,1,1
PO002967,V0022,RAW,DE,0.74,7.3,3.36,17,5646.83,1,1,8.0,4,0,0,1
PO002968,V0084,PACK,IN,0.592,5.4,3.15,16,32064.01,6,2,8.0,2,0,1,0
PO002969,V0099,FINISH,US,0.857,24.7,4.51,13,35558.07,10,5,25.1,1,1,0,0
PO002970,V0088,FINISH,MX,0.697,25.4,2.03,11,15088.28,4,3,27.7,4,0,0,0
PO002971,V0014,FINISH,DE,0.85,17.2,1.31,12,8004.31,5,5,20.4,6,0,0,0
PO002972,V0050,RAW,IN,0.638,7.8,3.79,16,7046.35,8,4,5.7,6,1,0,1
PO002973,V0001,SERVICE,DE,0.945,3.6,1.62,16,11934.97,4,1,2.3,3,0,0,1
PO002974,V0033,RAW,IN,0.721,13.6,3.78,16,578.71,9,1,16.6,3,0,0,0
PO002975,V0061,FINISH,US,0.872,15.0,3.22,16,11911.09,1,5,13.4,4,0,0,0
PO002976,V0071,PACK,CN,0.695,5.7,1.12,18,2367.69,3,4,8.2,0,0,1,0
PO002977,V0010,RAW,IN,0.761,9.5,1.46,20,3111.42,5,1,7.8,1,0,0,0
PO002978,V0016,FINISH,IN,0.733,18.5,1.44,12,7563.21,6,3,19.0,5,0,0,1
PO002979,V0090,RAW,CN,0.774,7.8,3.44,12,6453.68,2,2,11.1,4,0,0,0
PO002980,V0086,RAW,US,0.712,8.7,1.64,11,6739.84,4,1,10.2,3,1,0,1
PO002981,V0042,FINISH,CN,0.807,23.2,2.12,16,26903.48,6,5,23.2,6,0,0,1
PO002982,V0028,RAW,CN,0.649,12.0,1.95,13,4643.64,4,2,10.9,0,0,1,1
PO002983,V0052,SERVICE,DE,0.824,6.4,2.72,18,3706.9,8,2,5.9,3,0,0,0
PO002984,V0012,FINISH,US,0.73,24.7,3.25,18,2057.2,5,5,24.5,5,0,1,1
PO002985,V0047,PACK,US,0.861,6.9,3.57,14,4238.85,4,2,6.7,2,0,0,1
PO002986,V0024,RAW,DE,0.927,13.5,4.51,12,8601.38,2,3,10.2,0,1,0,1
PO002987,V0019,RAW,DE,0.886,7.4,2.11,21,2388.73,3,3,7.1,6,0,0,1
PO002988,V0056,PACK,US,0.729,7.2,4.55,13,18397.52,8,3,9.5,6,0,0,0
PO002989,V0018,RAW,MX,0.757,10.6,3.81,25,19048.46,5,2,8.8,1,0,0,0
PO002990,V0100,FINISH,US,0.802,15.8,2.59,19,22434.24,8,3,15.5,2,0,0,1
PO002991,V0018,RAW,MX,0.757,10.6,3.81,25,3129.14,4,5,10.3,1,1,0,0
PO002992,V0037,RAW,DE,0.831,10.3,3.17,12,6365.39,6,1,9.8,5,0,0,1
PO002993,V0086,RAW,US,0.712,8.7,1.64,11,18413.23,1,3,5.9,1,0,1,0
PO002994,V0052,SERVICE,DE,0.824,6.4,2.72,18,9029.16,8,1,7.4,5,0,0,1
PO002995,V0028,RAW,CN,0.649,12.0,1.95,13,2674.47,5,2,11.9,0,0,0,1
PO002996,V0022,RAW,DE,0.74,7.3,3.36,17,8919.32,6,5,7.4,5,0,0,0
PO002997,V0091,PACK,US,0.785,6.7,1.54,13,6877.76,6,4,4.6,5,0,0,0
PO002998,V0097,FINISH,US,0.933,26.7,3.5,16,24459.22,4,3,27.0,6,0,0,1
PO002999,V0068,RAW,DE,0.98,7.4,4.46,20,8704.59,3,4,7.5,5,0,0,1
PO003000,V0037,RAW,DE,0.831,10.3,3.17,12,14244.01,8,4,10.9,0,0,0,1
PO003001,V0078,RAW,US,0.9,7.8,2.84,11,5671.65,2,1,5.8,5,0,1,0
PO003002,V0026,RAW,DE,0.898,12.1,4.59,17,9458.26,5,2,12.1,2,1,0,1
PO003003,V0023,RAW,CN,0.614,11.8,2.55,22,13284.02,3,2,12.3,2,0,0,1
PO003004,V0023,RAW,CN,0.614,11.8,2.55,22,949.23,8,1,10.7,0,0,1,1
PO003005,V0081,PACK,CN,0.884,5.2,2.01,15,16132.36,4,3,7.7,0,0,0,1
PO003006,V0085,RAW,DE,0.792,11.5,3.28,16,771.81,5,4,12.0,1,0,0,1
PO003007,V0057,FINISH,US,0.768,15.2,3.8,17,641.97,7,4,17.2,4,0,0,0
PO003008,V0034,SERVICE,CN,0.595,3.6,3.07,20,9108.98,3,1,3.3,3,0,1,0
PO003009,V0084,PACK,IN,0.592,5.4,3.15,16,7824.26,4,2,6.8,5,0,0,0
PO003010,V0061,FINISH,US,0.872,15.0,3.22,16,8108.17,4,3,18.2,2,0,1,0
PO003011,V0070,FINISH,US,0.901,21.3,4.09,15,39820.26,4,5,25.3,0,0,0,1
PO003012,V0079,FINISH,CN,0.65,26.2,4.68,7,9650.04,5,5,20.4,6,0,0,0
PO003013,V0075,SERVICE,DE,0.673,5.5,1.96,8,24849.33,3,2,4.4,3,1,0,1
PO003014,V0065,FINISH,DE,0.79,26.8,4.29,23,14192.11,5,3,27.7,1,1,1,1
PO003015,V0001,SERVICE,DE,0.945,3.6,1.62,16,12639.78,5,1,2.0,4,0,0,1
PO003016,V0019,RAW,DE,0.886,7.4,2.11,21,122413.43,5,1,6.2,1,0,1,1
PO003017,V0035,FINISH,CN,0.582,25.3,4.24,15,15790.58,4,5,24.8,4,0,0,0
PO003018,V0038,RAW,US,0.858,12.8,2.44,10,13758.63,5,3,10.1,5,1,0,1
PO003019,V0090,RAW,CN,0.774,7.8,3.44,12,3058.34,2,1,11.0,0,0,0,0
PO003020,V0028,RAW,CN,0.649,12.0,1.95,13,17385.91,8,3,10.8,6,0,0,1
PO003021,V0064,RAW,CN,0.639,13.8,4.94,17,1510.96,8,2,9.5,0,0,1,1
PO003022,V0062,FINISH,DE,0.881,22.2,4.6,6,5421.27,3,3,20.6,2,0,0,1
PO003023,V0027,FINISH,US,0.879,14.1,1.64,15,4477.81,6,3,10.2,0,0,0,1
PO003024,V0008,RAW,DE,0.897,12.8,2.43,12,4923.88,5,4,11.2,5,0,0,1
PO003025,V0055,PACK,CN,0.619,8.4,4.01,9,7096.68,4,1,6.8,6,0,0,1
PO003026,V0066,PACK,CN,0.769,9.7,4.46,6,1445.98,3,3,10.0,1,0,0,1
PO003027,V0016,FINISH,IN,0.733,18.5,1.44,12,8206.65,6,3,17.3,1,0,0,0
PO003028,V0042,FINISH,CN,0.807,23.2,2.12,16,2164.11,2,5,22.3,2,0,0,0
PO003029,V0041,RAW,DE,0.93,9.9,1.69,10,11579.27,2,1,13.4,6,0,0,1
PO003030,V0013,PACK,CN,0.729,6.6,3.03,21,10110.81,2,1,6.4,5,0,0,1
PO003031,V0090,RAW,CN,0.774,7.8,3.44,12,7135.94,3,4,9.8,1,0,0,0
PO003032,V0007,RAW,CN,0.794,7.6,1.78,6,8217.87,4,4,7.6,6,0,0,1
PO003033,V0030,PACK,MX,0.97,9.5,3.52,19,5802.35,4,4,9.9,2,0,0,1
PO003034,V0002,SERVICE,US,0.98,6.3,1.85,11,11774.99,6,1,5.9,5,1,1,1
PO003035,V0081,PACK,CN,0.884,5.2,2.01,15,5747.93,2,2,4.0,6,1,0,0
PO003036,V0081,PACK,CN,0.884,5.2,2.01,15,34712.86,3,1,5.1,2,0,0,1
PO003037,V0011,RAW,DE,0.769,12.1,3.55,21,5582.63,3,2,10.8,5,0,0,1
PO003038,V0077,PACK,IN,0.601,6.0,1.16,11,14668.92,8,1,6.2,3,0,0,1
PO003039,V0019,RAW,DE,0.886,7.4,2.11,21,30874.63,6,2,12.2,5,1,0,1
PO003040,V0075,SERVICE,DE,0.673,5.5,1.96,8,12749.22,4,2,2.3,2,0,0,1
PO003041,V0100,FINISH,US,0.802,15.8,2.59,19,38171.39,6,5,14.1,5,0,0,0
PO003042,V0038,RAW,US,0.858,12.8,2.44,10,15962.55,4,3,11.2,3,0,0,1
PO003043,V0061,FINISH,US,0.872,15.0,3.22,16,13957.48,5,5,20.4,1,0,0,1
PO003044,V0037,RAW,DE,0.831,10.3,3.17,12,6761.43,5,1,12.7,5,0,0,1
PO003045,V0082,PACK,US,0.825,7.7,1.97,12,1816.62,4,4,7.6,2,0,0,0
PO003046,V0019,RAW,DE,0.886,7.4,2.11,21,26215.23,1,4,6.7,6,0,0,1
PO003047,V0061,FINISH,US,0.872,15.0,3.22,16,4474.39,5,5,16.1,3,0,1,1
PO003048,V0068,RAW,DE,0.98,7.4,4.46,20,48899.29,4,1,5.6,0,0,0,1
PO003049,V0037,RAW,DE,0.831,10.3,3.17,12,39159.2,0,2,11.6,1,0,0,1
PO003050,V0009,FINISH,US,0.782,14.1,4.26,17,34331.3,5,5,12.7,3,0,0,1
PO003051,V0048,PACK,MX,0.846,9.8,4.62,11,17262.91,4,2,11.8,1,0,0,0
PO003052,V0021,FINISH,US,0.98,22.9,3.14,9,2436.86,9,4,19.9,4,0,0,1
PO003053,V0055,PACK,CN,0.619,8.4,4.01,9,4101.82,6,3,3.6,0,1,0,0
PO003054,V0023,RAW,CN,0.614,11.8,2.55,22,12841.09,2,3,12.6,3,0,0,0
PO003055,V0097,FINISH,US,0.933,26.7,3.5,16,1639.58,4,4,28.1,2,0,0,0
PO003056,V0050,RAW,IN,0.638,7.8,3.79,16,116251.7,3,3,9.1,1,0,0,0
PO003057,V0040,SERVICE,CN,0.742,5.1,2.29,19,61737.96,4,1,7.3,1,0,0,0
PO003058,V0035,FINISH,CN,0.582,25.3,4.24,15,10052.48,3,4,25.0,6,0,0,0
PO003059,V0015,FINISH,MX,0.872,25.3,1.75,21,5910.0,8,3,25.9,3,0,0,1
PO003060,V0083,RAW,US,0.785,7.8,4.56,16,3874.81,8,4,8.7,6,1,0,0
PO003061,V0016,FINISH,IN,0.733,18.5,1.44,12,21619.59,7,3,17.4,6,0,0,0
PO003062,V0006,SERVICE,US,0.821,4.0,3.65,13,21984.73,4,1,4.0,1,0,0,1
PO003063,V0060,FINISH,US,0.834,24.4,3.33,25,948.05,3,3,25.1,5,0,0,0
PO003064,V0018,RAW,MX,0.757,10.6,3.81,25,2790.75,5,4,11.4,3,0,1,1
PO003065,V0074,SERVICE,IN,0.772,3.6,4.71,15,30183.91,5,2,2.6,5,0,1,0
PO003066,V0041,RAW,DE,0.93,9.9,1.69,10,3043.99,5,1,12.8,4,0,0,1
PO003067,V0016,FINISH,IN,0.733,18.5,1.44,12,12008.68,10,3,21.8,5,0,1,0
PO003068,V0080,FINISH,IN,0.721,16.6,1.84,13,13429.21,5,4,14.9,6,0,0,1
PO003069,V0023,RAW,CN,0.614,11.8,2.55,22,11465.08,1,2,10.3,1,1,0,0
PO003070,V0065,FINISH,DE,0.79,26.8,4.29,23,241.66,2,4,24.3,0,0,0,1
PO003071,V0067,FINISH,DE,0.709,27.6,4.37,19,12387.81,6,5,27.9,4,0,0,1
PO003072,V0069,RAW,DE,0.892,8.6,3.69,16,7566.18,3,2,7.9,2,0,0,1
PO003073,V0087,FINISH,US,0.855,19.7,4.93,9,20855.33,4,3,18.4,2,0,0,1
PO003074,V0089,PACK,MX,0.613,8.8,1.75,13,4523.84,4,2,8.2,1,1,1,0
PO003075,V0091,PACK,US,0.785,6.7,1.54,13,1782.84,4,3,6.5,5,0,0,1
PO003076,V0032,SERVICE,MX,0.694,6.7,2.48,12,5729.4,7,1,4.6,5,0,0,1
PO003077,V0041,RAW,DE,0.93,9.9,1.69,10,2113.89,7,1,11.3,6,0,1,1
PO003078,V0050,RAW,IN,0.638,7.8,3.79,16,1732.34,10,1,12.5,5,0,0,0
PO003079,V0085,RAW,DE,0.792,11.5,3.28,16,13506.87,8,3,12.5,4,0,1,1
PO003080,V0016,FINISH,IN,0.733,18.5,1.44,12,6899.62,4,5,15.8,1,0,0,0
PO003081,V0040,SERVICE,CN,0.742,5.1,2.29,19,36229.43,5,1,7.2,0,0,0,1
PO003082,V0054,RAW,MX,0.782,9.2,4.8,24,2178.31,5,1,6.0,5,0,0,1
PO003083,V0029,FINISH,CN,0.802,15.3,2.47,12,32194.15,10,4,15.6,6,0,0,1
PO003084,V0052,SERVICE,DE,0.824,6.4,2.72,18,5504.69,6,2,8.9,6,0,1,1
PO003085,V0053,SERVICE,US,0.98,4.3,4.58,14,18522.96,4,2,4.6,5,0,0,1
PO003086,V0015,FINISH,MX,0.872,25.3,1.75,21,748.05,5,5,24.2,1,0,0,1
PO003087,V0040,SERVICE,CN,0.742,5.1,2.29,19,167208.62,8,1,5.8,6,0,0,0
PO003088,V0058,SERVICE,US,0.874,4.5,2.48,13,27917.62,2,2,1.3,1,0,0,1
PO003089,V0088,FINISH,MX,0.697,25.4,2.03,11,5702.28,3,4,25.1,2,0,1,0
PO003090,V0074,SERVICE,IN,0.772,3.6,4.71,15,11832.08,4,1,4.3,0,0,0,1
PO003091,V0075,SERVICE,DE,0.673,5.5,1.96,8,4760.45,5,2,4.1,6,0,0,1
PO003092,V0011,RAW,DE,0.769,12.1,3.55,21,26648.65,10,5,14.7,2,0,0,1
PO003093,V0036,FINISH,IN,0.606,23.8,4.18,21,47285.17,6,3,20.9,5,0,1,1
PO003094,V0050,RAW,IN,0.638,7.8,3.79,16,1569.89,5,4,8.2,4,1,0,1
PO003095,V0006,SERVICE,US,0.821,4.0,3.65,13,1620.07,5,1,6.6,6,0,0,1
PO003096,V0071,PACK,CN,0.695,5.7,1.12,18,7291.15,4,1,1.7,3,0,0,1
PO003097,V0022,RAW,DE,0.74,7.3,3.36,17,200.31,5,3,6.4,5,0,0,0
PO003098,V0098,FINISH,US,0.629,22.7,3.13,10,11348.03,7,3,23.1,6,1,0,0
PO003099,V0073,PACK,DE,0.853,7.6,4.13,14,2262.49,10,4,8.3,4,0,0,1
PO003100,V0070,FINISH,US,0.901,21.3,4.09,15,3181.14,1,3,20.6,1,0,0,0
PO003101,V0087,FINISH,US,0.855,19.7,4.93,9,519.87,3,5,17.4,3,0,0,0
PO003102,V0023,RAW,CN,0.614,11.8,2.55,22,25798.54,5,3,13.6,3,0,0,0
PO003103,V0040,SERVICE,CN,0.742,5.1,2.29,19,21330.24,5,1,8.5,2,0,0,1
PO003104,V0078,RAW,US,0.9,7.8,2.84,11,25378.95,3,2,8.9,2,1,0,1
PO003105,V0039,RAW,IN,0.627,7.4,3.13,15,59459.63,4,3,5.2,6,0,0,1
PO003106,V0089,PACK,MX,0.613,8.8,1.75,13,27255.84,7,4,5.9,4,0,1,0
PO003107,V0007,RAW,CN,0.794,7.6,1.78,6,1658.23,7,2,9.5,5,0,0,1
PO003108,V0061,FINISH,US,0.872,15.0,3.22,16,15261.93,8,3,15.8,2,0,0,1
PO003109,V0083,RAW,US,0.785,7.8,4.56,16,1736.35,5,3,10.4,6,1,1,1
PO003110,V0004,FINISH,DE,0.824,16.8,3.06,16,10710.04,4,3,18.2,4,0,0,1
PO003111,V0072,RAW,CN,0.817,8.0,1.06,13,2477.41,3,3,8.5,6,0,0,0
PO003112,V0019,RAW,DE,0.886,7.4,2.11,21,26061.41,2,2,6.6,0,0,0,1
PO003113,V0053,SERVICE,US,0.98,4.3,4.58,14,16424.28,5,1,2.2,0,1,0,1
PO003114,V0012,FINISH,US,0.73,24.7,3.25,18,12811.75,1,4,23.8,5,0,0,1
PO003115,V0089,PACK,MX,0.613,8.8,1.75,13,709.72,3,3,15.0,2,0,1,0
PO003116,V0031,PACK,CN,0.783,6.4,1.1,17,2938.34,3,1,4.4,1,0,0,1
PO003117,V0058,SERVICE,US,0.874,4.5,2.48,13,7190.02,3,2,4.4,1,0,0,1
PO003118,V0065,FINISH,DE,0.79,26.8,4.29,23,4677.47,3,5,23.9,0,0,0,1
PO003119,V0009,FINISH,US,0.782,14.1,4.26,17,1430.99,6,3,15.6,6,0,0,1
PO003120,V0077,PACK,IN,0.601,6.0,1.16,11,2177.0,8,2,7.4,0,0,0,0
PO003121,V0003,PACK,DE,0.708,8.1,1.56,12,10931.23,7,3,6.9,4,0,1,0
PO003122,V0016,FINISH,IN,0.733,18.5,1.44,12,29428.58,5,3,17.7,4,0,0,1
PO003123,V0029,FINISH,CN,0.802,15.3,2.47,12,2423.71,7,3,12.4,1,1,0,1
PO003124,V0006,SERVICE,US,0.821,4.0,3.65,13,3757.23,4,1,4.6,5,1,1,0
PO003125,V0099,FINISH,US,0.857,24.7,4.51,13,11787.08,1,4,24.4,0,0,0,1
PO003126,V0086,RAW,US,0.712,8.7,1.64,11,43630.18,4,1,8.3,5,0,0,0
PO003127,V0080,FINISH,IN,0.721,16.6,1.84,13,7889.39,3,5,15.0,1,0,0,1
PO003128,V0030,PACK,MX,0.97,9.5,3.52,19,6652.22,7,2,11.9,0,0,0,1
PO003129,V0077,PACK,IN,0.601,6.0,1.16,11,222.19,5,4,2.2,0,1,1,0
PO003130,V0017,FINISH,IN,0.701,19.8,1.89,10,3238.68,4,3,21.6,5,0,0,0
PO003131,V0065,FINISH,DE,0.79,26.8,4.29,23,55001.83,5,4,26.4,3,0,0,1
PO003132,V0008,RAW,DE,0.897,12.8,2.43,12,7243.43,7,2,15.1,5,0,0,0
PO003133,V0072,RAW,CN,0.817,8.0,1.06,13,28699.34,3,2,9.7,6,0,0,0
PO003134,V0004,FINISH,DE,0.824,16.8,3.06,16,2014.71,8,4,17.9,1,0,0,1
PO003135,V0019,RAW,DE,0.886,7.4,2.11,21,24952.48,5,4,5.2,1,0,0,1
PO003136,V0087,FINISH,US,0.855,19.7,4.93,9,8701.2,7,5,18.3,6,0,0,1
PO003137,V0098,FINISH,US,0.629,22.7,3.13,10,669.12,4,4,22.1,4,0,0,1
PO003138,V0062,FINISH,DE,0.881,22.2,4.6,6,7479.86,5,4,22.2,0,0,0,0
PO003139,V0047,PACK,US,0.861,6.9,3.57,14,8687.79,6,3,6.0,5,0,0,0
PO003140,V0066,PACK,CN,0.769,9.7,4.46,6,47885.02,4,1,9.0,6,0,0,1
PO003141,V0030,PACK,MX,0.97,9.5,3.52,19,914.94,3,1,11.0,4,0,0,1
PO003142,V0029,FINISH,CN,0.802,15.3,2.47,12,5384.31,4,3,14.8,2,0,0,1
PO003143,V0097,FINISH,US,0.933,26.7,3.5,16,10451.62,12,5,27.2,6,0,0,0
PO003144,V0013,PACK,CN,0.729,6.6,3.03,21,5912.08,4,2,8.4,2,1,1,0
PO003145,V0039,RAW,IN,0.627,7.4,3.13,15,16787.45,3,4,8.7,2,0,0,0
PO003146,V0041,RAW,DE,0.93,9.9,1.69,10,17940.29,6,3,14.6,1,1,0,1
PO003147,V0013,PACK,CN,0.729,6.6,3.03,21,1964.58,5,3,3.5,2,0,0,1
PO003148,V0009,FINISH,US,0.782,14.1,4.26,17,3919.11,6,3,14.2,6,0,0,0
PO003149,V0066,PACK,CN,0.769,9.7,4.46,6,3282.56,2,1,12.0,6,1,0,1
PO003150,V0020,PACK,US,0.98,9.9,1.97,17,31315.2,4,2,9.1,5,0,0,1
PO003151,V0032,SERVICE,MX,0.694,6.7,2.48,12,20323.68,2,2,9.6,6,1,0,0
PO003152,V0015,FINISH,MX,0.872,25.3,1.75,21,1617.81,2,4,21.6,1,0,0,0
PO003153,V0072,RAW,CN,0.817,8.0,1.06,13,16977.52,6,5,4.0,4,0,1,1
PO003154,V0055,PACK,CN,0.619,8.4,4.01,9,4868.12,5,3,7.9,1,0,1,0
PO003155,V0086,RAW,US,0.712,8.7,1.64,11,5770.03,5,3,7.0,2,0,0,1
PO003156,V0087,FINISH,US,0.855,19.7,4.93,9,1425.51,9,3,20.4,5,0,0,0
PO003157,V0036,FINISH,IN,0.606,23.8,4.18,21,25627.26,7,5,24.3,5,0,0,1
PO003158,V0020,PACK,US,0.98,9.9,1.97,17,11188.21,4,3,10.4,4,0,0,1
PO003159,V0004,FINISH,DE,0.824,16.8,3.06,16,10884.34,7,5,15.1,5,0,0,0
PO003160,V0001,SERVICE,DE,0.945,3.6,1.62,16,11884.96,5,1,3.1,2,0,0,1
PO003161,V0036,FINISH,IN,0.606,23.8,4.18,21,181636.05,3,5,23.9,6,0,1,0
PO003162,V0043,RAW,DE,0.98,7.1,1.46,6,1508.62,6,3,8.8,1,0,0,1
PO003163,V0013,PACK,CN,0.729,6.6,3.03,21,38046.13,6,2,6.0,2,0,1,1
PO003164,V0015,FINISH,MX,0.872,25.3,1.75,21,3730.08,6,4,26.1,4,0,0,1
PO003165,V0086,RAW,US,0.712,8.7,1.64,11,11471.33,8,4,6.3,3,0,0,0
PO003166,V0046,FINISH,CN,0.577,23.2,1.65,8,12792.64,8,5,21.1,1,0,0,0
PO003167,V0061,FINISH,US,0.872,15.0,3.22,16,36168.84,6,5,13.3,3,0,0,1
PO003168,V0001,SERVICE,DE,0.945,3.6,1.62,16,1946.09,7,2,4.5,1,0,0,1
PO003169,V0037,RAW,DE,0.831,10.3,3.17,12,4054.12,3,1,8.5,6,0,0,1
PO003170,V0054,RAW,MX,0.782,9.2,4.8,24,10484.34,4,1,8.0,5,0,0,1
PO003171,V0097,FINISH,US,0.933,26.7,3.5,16,16519.66,5,5,26.5,2,1,0,0
PO003172,V0013,PACK,CN,0.729,6.6,3.03,21,5199.02,3,2,6.5,4,1,0,1
PO003173,V0017,FINISH,IN,0.701,19.8,1.89,10,2984.6,9,4,19.4,3,0,0,1
PO003174,V0017,FINISH,IN,0.701,19.8,1.89,10,20804.35,6,5,17.5,2,0,0,1
PO003175,V0096,PACK,DE,0.98,7.3,2.21,18,705.74,7,1,7.4,3,1,1,0
PO003176,V0063,FINISH,MX,0.98,17.9,1.75,15,7106.18,7,5,15.9,5,0,1,1
PO003177,V0050,RAW,IN,0.638,7.8,3.79,16,6487.57,4,2,10.3,1,0,0,0
PO003178,V0071,PACK,CN,0.695,5.7,1.12,18,9861.59,1,2,7.1,0,0,0,1
PO003179,V0092,FINISH,US,0.855,24.6,3.38,15,1768.82,9,3,19.9,6,0,0,1
PO003180,V0086,RAW,US,0.712,8.7,1.64,11,15124.12,4,2,9.9,2,0,0,1
PO003181,V0032,SERVICE,MX,0.694,6.7,2.48,12,21910.45,7,1,4.0,4,0,1,1
PO003182,V0099,FINISH,US,0.857,24.7,4.51,13,1816.89,5,5,27.1,2,0,0,1
PO003183,V0012,FINISH,US,0.73,24.7,3.25,18,4136.13,6,5,21.6,1,0,0,1
PO003184,V0044,FINISH,IN,0.629,20.6,1.39,15,6143.18,5,3,22.5,5,0,0,1
PO003185,V0042,FINISH,CN,0.807,23.2,2.12,16,3324.36,3,3,25.3,2,0,0,0
PO003186,V0069,RAW,DE,0.892,8.6,3.69,16,8503.72,4,1,9.9,2,0,0,1
PO003187,V0033,RAW,IN,0.721,13.6,3.78,16,1250.09,6,2,13.5,6,0,0,0
PO003188,V0098,FINISH,US,0.629,22.7,3.13,10,15191.87,4,4,22.5,2,0,0,0
PO003189,V0047,PACK,US,0.861,6.9,3.57,14,20317.09,2,4,4.8,2,0,1,1
PO003190,V0064,RAW,CN,0.639,13.8,4.94,17,6657.15,7,3,12.4,3,0,0,1
PO003191,V0075,SERVICE,DE,0.673,5.5,1.96,8,7246.01,6,2,4.9,2,0,0,1
PO003192,V0061,FINISH,US,0.872,15.0,3.22,16,38213.26,5,3,16.6,4,0,0,1
PO003193,V0083,RAW,US,0.785,7.8,4.56,16,14131.21,8,1,3.7,5,1,0,1
PO003194,V0021,FINISH,US,0.98,22.9,3.14,9,2531.18,7,4,25.6,3,0,0,1
PO003195,V0097,FINISH,US,0.933,26.7,3.5,16,5484.55,3,5,27.6,6,0,0,1
PO003196,V0089,PACK,MX,0.613,8.8,1.75,13,13420.53,5,2,10.3,0,0,1,0
PO003197,V0066,PACK,CN,0.769,9.7,4.46,6,16663.05,5,1,3.1,4,0,0,1
PO003198,V0058,SERVICE,US,0.874,4.5,2.48,13,22146.14,7,1,1.7,4,0,0,1
PO003199,V0090,RAW,CN,0.774,7.8,3.44,12,5031.34,5,4,7.4,4,0,0,0
PO003200,V0082,PACK,US,0.825,7.7,1.97,12,27649.6,6,1,9.9,1,0,0,1
PO003201,V0052,SERVICE,DE,0.824,6.4,2.72,18,4506.47,5,2,7.2,6,0,0,1
PO003202,V0084,PACK,IN,0.592,5.4,3.15,16,35817.13,5,3,6.8,1,0,0,0
PO003203,V0011,RAW,DE,0.769,12.1,3.55,21,22796.84,1,4,12.4,1,0,0,1
PO003204,V0075,SERVICE,DE,0.673,5.5,1.96,8,1437.04,1,2,9.1,5,0,0,1
PO003205,V0010,RAW,IN,0.761,9.5,1.46,20,24247.65,5,3,6.1,1,0,0,1
PO003206,V0085,RAW,DE,0.792,11.5,3.28,16,52669.92,2,2,9.8,1,0,0,1
PO003207,V0075,SERVICE,DE,0.673,5.5,1.96,8,12249.63,9,2,6.5,4,0,0,1
PO003208,V0035,FINISH,CN,0.582,25.3,4.24,15,11019.52,8,5,26.3,3,0,0,1
PO003209,V0033,RAW,IN,0.721,13.6,3.78,16,29092.43,6,2,11.2,5,0,0,1
PO003210,V0014,FINISH,DE,0.85,17.2,1.31,12,2827.99,1,5,13.4,2,0,0,1
PO003211,V0059,PACK,IN,0.786,5.6,2.97,7,12926.79,5,3,4.6,6,1,0,1
PO003212,V0017,FINISH,IN,0.701,19.8,1.89,10,112909.52,5,3,16.2,1,0,0,1
PO003213,V0083,RAW,US,0.785,7.8,4.56,16,13292.52,6,4,7.7,4,0,1,1
PO003214,V0071,PACK,CN,0.695,5.7,1.12,18,732.27,1,4,6.9,6,0,0,0
PO003215,V0037,RAW,DE,0.831,10.3,3.17,12,40200.96,2,4,10.7,3,0,0,1
PO003216,V0032,SERVICE,MX,0.694,6.7,2.48,12,628.55,6,2,7.8,1,0,0,0
PO003217,V0046,FINISH,CN,0.577,23.2,1.65,8,17747.12,3,3,22.4,0,0,0,0
PO003218,V0086,RAW,US,0.712,8.7,1.64,11,17828.63,5,2,7.9,4,0,0,1
PO003219,V0073,PACK,DE,0.853,7.6,4.13,14,33109.46,4,4,6.9,6,0,0,0
PO003220,V0032,SERVICE,MX,0.694,6.7,2.48,12,5533.33,4,2,7.2,6,0,0,0
PO003221,V0033,RAW,IN,0.721,13.6,3.78,16,12071.89,6,2,13.9,6,0,0,1
PO003222,V0035,FINISH,CN,0.582,25.3,4.24,15,3038.3,6,4,20.5,2,0,0,0
PO003223,V0019,RAW,DE,0.886,7.4,2.11,21,2460.34,4,2,5.8,0,0,0,1
PO003224,V0066,PACK,CN,0.769,9.7,4.46,6,14826.05,4,3,12.2,3,0,0,1
PO003225,V0025,PACK,IN,0.539,5.5,4.59,21,8160.78,8,2,2.8,3,0,0,0
PO003226,V0057,FINISH,US,0.768,15.2,3.8,17,8296.53,6,4,16.1,0,0,0,1
PO003227,V0068,RAW,DE,0.98,7.4,4.46,20,709.8,6,2,4.3,3,0,0,1
PO003228,V0033,RAW,IN,0.721,13.6,3.78,16,5868.57,3,3,10.1,0,0,0,1
PO003229,V0054,RAW,MX,0.782,9.2,4.8,24,9809.43,5,2,10.0,5,0,0,0
PO003230,V0097,FINISH,US,0.933,26.7,3.5,16,29149.84,5,4,28.4,0,0,0,0
PO003231,V0081,PACK,CN,0.884,5.2,2.01,15,14192.16,6,1,4.4,1,0,0,1
PO003232,V0084,PACK,IN,0.592,5.4,3.15,16,8998.18,6,5,7.4,0,1,0,0
PO003233,V0063,FINISH,MX,0.98,17.9,1.75,15,27000.77,6,3,20.2,5,0,0,1
PO003234,V0098,FINISH,US,0.629,22.7,3.13,10,21005.39,7,3,22.4,6,0,0,0
PO003235,V0005,RAW,CN,0.66,11.8,2.76,10,4904.76,5,3,14.0,0,0,0,1
PO003236,V0095,FINISH,US,0.879,19.0,4.51,14,21135.82,9,5,18.6,4,0,0,1
PO003237,V0009,FINISH,US,0.782,14.1,4.26,17,26400.81,4,5,14.3,2,0,0,0
PO003238,V0074,SERVICE,IN,0.772,3.6,4.71,15,2533.44,3,2,4.0,5,0,0,1
PO003239,V0063,FINISH,MX,0.98,17.9,1.75,15,22213.21,7,4,16.6,3,0,0,1
PO003240,V0099,FINISH,US,0.857,24.7,4.51,13,1826.52,4,4,23.7,0,0,0,1
PO003241,V0004,FINISH,DE,0.824,16.8,3.06,16,15528.7,7,5,16.0,3,0,0,0
PO003242,V0030,PACK,MX,0.97,9.5,3.52,19,1008.47,7,3,11.7,1,0,0,1
PO003243,V0082,PACK,US,0.825,7.7,1.97,12,19827.58,7,4,5.9,1,0,0,0
PO003244,V0033,RAW,IN,0.721,13.6,3.78,16,27851.5,3,2,17.2,4,1,0,0
PO003245,V0055,PACK,CN,0.619,8.4,4.01,9,14854.73,3,2,7.9,1,1,0,0
PO003246,V0077,PACK,IN,0.601,6.0,1.16,11,7875.71,4,1,5.6,2,0,1,1
PO003247,V0087,FINISH,US,0.855,19.7,4.93,9,6556.49,8,4,17.6,1,0,0,1
PO003248,V0086,RAW,US,0.712,8.7,1.64,11,12083.17,2,3,8.8,5,0,0,1
PO003249,V0042,FINISH,CN,0.807,23.2,2.12,16,3563.1,4,4,20.3,5,0,0,0
PO003250,V0072,RAW,CN,0.817,8.0,1.06,13,2977.1,9,2,10.1,2,0,0,1
PO003251,V0091,PACK,US,0.785,6.7,1.54,13,9323.44,4,2,8.5,3,0,0,1
PO003252,V0042,FINISH,CN,0.807,23.2,2.12,16,7350.52,4,3,24.1,3,0,1,0
PO003253,V0087,FINISH,US,0.855,19.7,4.93,9,5283.43,3,5,16.5,0,0,0,0
PO003254,V0035,FINISH,CN,0.582,25.3,4.24,15,710.15,4,4,28.9,5,0,0,0
PO003255,V0094,FINISH,CN,0.66,16.0,4.18,11,6879.78,2,4,15.4,0,0,1,0
PO003256,V0095,FINISH,US,0.879,19.0,4.51,14,8044.12,7,5,17.3,5,0,1,0
PO003257,V0074,SERVICE,IN,0.772,3.6,4.71,15,8834.23,3,1,6.0,4,0,1,1
PO003258,V0078,RAW,US,0.9,7.8,2.84,11,3692.1,2,2,6.2,5,1,1,1
PO003259,V0098,FINISH,US,0.629,22.7,3.13,10,7589.74,8,3,22.4,2,0,0,0
PO003260,V0030,PACK,MX,0.97,9.5,3.52,19,12032.68,5,2,10.7,1,0,0,1
PO003261,V0031,PACK,CN,0.783,6.4,1.1,17,28983.28,6,2,5.4,0,0,0,1
PO003262,V0082,PACK,US,0.825,7.7,1.97,12,4192.24,4,4,10.3,4,0,0,1
PO003263,V0015,FINISH,MX,0.872,25.3,1.75,21,510.86,6,4,29.5,2,0,0,1
PO003264,V0012,FINISH,US,0.73,24.7,3.25,18,22749.5,6,4,23.3,5,0,1,1
PO003265,V0032,SERVICE,MX,0.694,6.7,2.48,12,15583.21,5,2,5.8,3,0,1,0
PO003266,V0001,SERVICE,DE,0.945,3.6,1.62,16,10556.1,3,2,1.1,4,0,0,1
PO003267,V0068,RAW,DE,0.98,7.4,4.46,20,15475.29,6,1,9.4,3,0,0,1
PO003268,V0082,PACK,US,0.825,7.7,1.97,12,2910.58,2,2,5.7,0,0,0,1
PO003269,V0020,PACK,US,0.98,9.9,1.97,17,5739.78,5,2,10.8,0,0,0,1
PO003270,V0086,RAW,US,0.712,8.7,1.64,11,4516.61,6,2,10.8,6,0,0,1
PO003271,V0061,FINISH,US,0.872,15.0,3.22,16,5723.82,2,5,11.3,4,0,1,0
PO003272,V0006,SERVICE,US,0.821,4.0,3.65,13,12657.44,8,2,3.9,4,1,0,0
PO003273,V0007,RAW,CN,0.794,7.6,1.78,6,10295.69,6,3,10.4,5,0,0,1
PO003274,V0058,SERVICE,US,0.874,4.5,2.48,13,10718.52,6,2,4.3,1,0,1,0
PO003275,V0058,SERVICE,US,0.874,4.5,2.48,13,5649.75,7,1,3.1,6,1,0,1
PO003276,V0033,RAW,IN,0.721,13.6,3.78,16,2785.87,6,3,8.6,6,0,0,1
PO003277,V0006,SERVICE,US,0.821,4.0,3.65,13,761.01,5,1,3.4,4,0,1,1
PO003278,V0025,PACK,IN,0.539,5.5,4.59,21,11892.91,10,3,6.4,4,0,1,0
PO003279,V0054,RAW,MX,0.782,9.2,4.8,24,19661.83,5,2,11.9,6,0,0,0
PO003280,V0048,PACK,MX,0.846,9.8,4.62,11,7619.23,6,3,7.3,1,0,0,1
PO003281,V0034,SERVICE,CN,0.595,3.6,3.07,20,131725.36,3,1,1.5,1,0,0,0
PO003282,V0027,FINISH,US,0.879,14.1,1.64,15,13240.73,7,5,14.6,1,0,0,1
PO003283,V0095,FINISH,US,0.879,19.0,4.51,14,18264.81,7,4,18.8,0,0,1,0
PO003284,V0098,FINISH,US,0.629,22.7,3.13,10,4388.11,3,4,21.1,6,0,0,0
PO003285,V0016,FINISH,IN,0.733,18.5,1.44,12,5194.86,7,4,23.3,0,1,0,1
PO003286,V0079,FINISH,CN,0.65,26.2,4.68,7,25093.56,4,4,26.9,2,0,1,0
PO003287,V0093,SERVICE,DE,0.917,6.8,1.72,8,4210.74,3,1,4.2,2,0,0,1
PO003288,V0100,FINISH,US,0.802,15.8,2.59,19,4383.59,6,3,18.9,3,0,1,1
PO003289,V0070,FINISH,US,0.901,21.3,4.09,15,2742.02,3,4,21.8,1,1,0,1
PO003290,V0022,RAW,DE,0.74,7.3,3.36,17,6433.81,5,3,7.9,1,0,0,0
PO003291,V0080,FINISH,IN,0.721,16.6,1.84,13,10314.9,2,5,17.5,4,0,0,1
PO003292,V0018,RAW,MX,0.757,10.6,3.81,25,13223.51,3,1,11.3,5,1,0,0
PO003293,V0056,PACK,US,0.729,7.2,4.55,13,3319.76,4,4,4.6,0,0,0,0
PO003294,V0045,PACK,US,0.98,8.2,1.18,13,11539.76,5,3,7.5,1,0,0,1
PO003295,V0042,FINISH,CN,0.807,23.2,2.12,16,13533.62,7,5,26.3,6,0,0,0
PO003296,V0071,PACK,CN,0.695,5.7,1.12,18,8693.14,5,4,8.2,6,0,0,1
PO003297,V0096,PACK,DE,0.98,7.3,2.21,18,5026.5,4,1,7.6,2,0,0,1
PO003298,V0064,RAW,CN,0.639,13.8,4.94,17,1860.41,8,4,13.4,0,0,0,0
PO003299,V0003,PACK,DE,0.708,8.1,1.56,12,2826.86,4,2,10.4,6,1,0,0
PO003300,V0039,RAW,IN,0.627,7.4,3.13,15,1852.54,5,4,7.4,2,0,0,1
PO003301,V0097,FINISH,US,0.933,26.7,3.5,16,80996.51,3,3,25.8,3,0,0,1
PO003302,V0066,PACK,CN,0.769,9.7,4.46,6,828.16,2,3,9.9,2,0,0,1
PO003303,V0081,PACK,CN,0.884,5.2,2.01,15,1705.33,2,5,2.8,2,0,0,1
PO003304,V0011,RAW,DE,0.769,12.1,3.55,21,5396.09,5,2,12.9,0,0,0,1
PO003305,V0002,SERVICE,US,0.98,6.3,1.85,11,1702.44,6,1,5.4,5,0,0,1
PO003306,V0031,PACK,CN,0.783,6.4,1.1,17,4598.53,8,1,4.8,1,0,1,0
PO003307,V0020,PACK,US,0.98,9.9,1.97,17,5294.01,3,2,9.6,0,0,0,0
PO003308,V0098,FINISH,US,0.629,22.7,3.13,10,6801.29,2,4,21.8,1,1,1,1
PO003309,V0059,PACK,IN,0.786,5.6,2.97,7,53716.16,3,2,5.6,0,0,0,1
PO003310,V0046,FINISH,CN,0.577,23.2,1.65,8,7909.64,4,3,23.4,5,1,0,0
PO003311,V0083,RAW,US,0.785,7.8,4.56,16,7988.4,4,1,10.1,3,0,0,1
PO003312,V0006,SERVICE,US,0.821,4.0,3.65,13,3875.47,7,1,2.9,6,0,1,0
PO003313,V0010,RAW,IN,0.761,9.5,1.46,20,9445.77,6,1,7.7,1,0,0,1
PO003314,V0091,PACK,US,0.785,6.7,1.54,13,2822.18,5,4,10.1,2,1,0,1
PO003315,V0021,FINISH,US,0.98,22.9,3.14,9,1272.19,1,3,21.9,0,0,0,1
PO003316,V0047,PACK,US,0.861,6.9,3.57,14,1130.9,5,3,9.3,5,0,0,0
PO003317,V0049,RAW,US,0.878,7.5,2.28,20,5987.91,2,3,6.6,0,0,0,1
PO003318,V0051,FINISH,CN,0.637,24.5,4.23,13,23276.0,13,3,24.6,4,0,0,0
PO003319,V0089,PACK,MX,0.613,8.8,1.75,13,5867.3,6,4,6.4,6,0,1,0
PO003320,V0017,FINISH,IN,0.701,19.8,1.89,10,3446.67,2,3,20.5,4,0,0,0
PO003321,V0009,FINISH,US,0.782,14.1,4.26,17,21011.69,5,3,15.6,0,0,1,1
PO003322,V0053,SERVICE,US,0.98,4.3,4.58,14,6482.42,7,1,1.0,2,0,0,1
PO003323,V0049,RAW,US,0.878,7.5,2.28,20,1046.18,7,3,7.1,1,0,1,1
PO003324,V0029,FINISH,CN,0.802,15.3,2.47,12,14996.57,3,4,15.8,2,0,0,0
PO003325,V0037,RAW,DE,0.831,10.3,3.17,12,2385.36,2,1,10.4,5,0,0,1
PO003326,V0014,FINISH,DE,0.85,17.2,1.31,12,4067.33,4,5,20.1,1,0,0,1
PO003327,V0026,RAW,DE,0.898,12.1,4.59,17,1314.03,3,3,12.9,1,0,0,0
PO003328,V0005,RAW,CN,0.66,11.8,2.76,10,25267.51,4,2,16.6,0,0,0,1
PO003329,V0036,FINISH,IN,0.606,23.8,4.18,21,19640.96,4,4,27.8,1,0,0,0
PO003330,V0058,SERVICE,US,0.874,4.5,2.48,13,5651.92,6,2,5.5,4,0,0,1
PO003331,V0025,PACK,IN,0.539,5.5,4.59,21,7616.39,4,1,6.6,2,0,1,0
PO003332,V0035,FINISH,CN,0.582,25.3,4.24,15,5216.99,4,5,24.2,4,1,0,0
PO003333,V0091,PACK,US,0.785,6.7,1.54,13,25744.79,4,1,4.7,4,0,0,1
PO003334,V0040,SERVICE,CN,0.742,5.1,2.29,19,5252.53,3,1,1.6,3,0,0,1
PO003335,V0006,SERVICE,US,0.821,4.0,3.65,13,15268.47,10,2,6.3,3,0,0,0
PO003336,V0059,PACK,IN,0.786,5.6,2.97,7,23410.22,6,1,7.9,3,0,0,1
PO003337,V0067,FINISH,DE,0.709,27.6,4.37,19,1292.0,6,5,27.8,3,0,0,1
PO003338,V0081,PACK,CN,0.884,5.2,2.01,15,5000.88,9,3,6.3,1,0,0,1
PO003339,V0081,PACK,CN,0.884,5.2,2.01,15,24546.54,4,5,6.6,3,0,0,1
PO003340,V0066,PACK,CN,0.769,9.7,4.46,6,15335.7,12,3,8.9,6,0,0,1
PO003341,V0037,RAW,DE,0.831,10.3,3.17,12,3043.41,8,5,10.7,0,0,0,1
PO003342,V0051,FINISH,CN,0.637,24.5,4.23,13,4295.45,5,5,22.9,6,0,1,1
PO003343,V0028,RAW,CN,0.649,12.0,1.95,13,4548.48,9,2,11.9,6,0,0,0
PO003344,V0034,SERVICE,CN,0.595,3.6,3.07,20,13838.72,6,2,3.4,4,0,1,1
PO003345,V0037,RAW,DE,0.831,10.3,3.17,12,2191.62,6,2,10.1,2,0,0,1
PO003346,V0013,PACK,CN,0.729,6.6,3.03,21,3274.76,6,3,7.8,1,0,0,1
PO003347,V0064,RAW,CN,0.639,13.8,4.94,17,3959.7,12,2,14.8,5,0,0,1
PO003348,V0062,FINISH,DE,0.881,22.2,4.6,6,50285.45,8,5,19.8,4,0,1,0
PO003349,V0087,FINISH,US,0.855,19.7,4.93,9,4864.47,2,3,21.5,5,0,0,1
PO003350,V0027,FINISH,US,0.879,14.1,1.64,15,18790.68,6,4,15.4,3,0,0,1
PO003351,V0083,RAW,US,0.785,7.8,4.56,16,33220.88,5,2,6.5,2,0,0,1
PO003352,V0100,FINISH,US,0.802,15.8,2.59,19,2889.74,5,4,15.8,1,0,0,0
PO003353,V0002,SERVICE,US,0.98,6.3,1.85,11,3216.96,7,1,2.3,2,0,0,1
PO003354,V0020,PACK,US,0.98,9.9,1.97,17,2949.66,4,3,7.7,0,0,0,1
PO003355,V0087,FINISH,US,0.855,19.7,4.93,9,4431.38,7,4,19.0,1,0,0,1
PO003356,V0092,FINISH,US,0.855,24.6,3.38,15,6411.84,6,3,28.7,2,0,0,1
PO003357,V0062,FINISH,DE,0.881,22.2,4.6,6,6290.26,5,4,21.0,0,0,1,1
PO003358,V0088,FINISH,MX,0.697,25.4,2.03,11,386.15,3,3,24.7,5,0,0,1
PO003359,V0058,SERVICE,US,0.874,4.5,2.48,13,37861.07,7,1,5.2,5,0,1,1
PO003360,V0083,RAW,US,0.785,7.8,4.56,16,11506.11,5,2,5.2,1,0,0,1
PO003361,V0069,RAW,DE,0.892,8.6,3.69,16,7034.76,5,5,5.9,4,0,0,1
PO003362,V0069,RAW,DE,0.892,8.6,3.69,16,4747.0,4,5,12.2,6,0,0,0
PO003363,V0006,SERVICE,US,0.821,4.0,3.65,13,2512.85,5,2,3.9,6,1,0,0
PO003364,V0017,FINISH,IN,0.701,19.8,1.89,10,59593.74,6,3,19.8,1,0,1,1
PO003365,V0007,RAW,CN,0.794,7.6,1.78,6,16206.56,3,2,7.0,3,0,1,0
PO003366,V0073,PACK,DE,0.853,7.6,4.13,14,3677.31,8,4,4.2,5,0,0,1
PO003367,V0045,PACK,US,0.98,8.2,1.18,13,5579.92,4,2,7.4,0,0,0,1
PO003368,V0084,PACK,IN,0.592,5.4,3.15,16,11250.78,12,2,4.8,0,0,1,0
PO003369,V0067,FINISH,DE,0.709,27.6,4.37,19,3921.39,4,5,26.7,5,0,0,0
PO003370,V0028,RAW,CN,0.649,12.0,1.95,13,7073.88,7,3,13.1,3,0,0,0
PO003371,V0001,SERVICE,DE,0.945,3.6,1.62,16,13139.38,7,1,3.5,5,0,0,1
PO003372,V0040,SERVICE,CN,0.742,5.1,2.29,19,3344.71,8,2,4.1,2,0,0,1
PO003373,V0095,FINISH,US,0.879,19.0,4.51,14,16156.87,5,5,18.9,0,0,0,1
PO003374,V0059,PACK,IN,0.786,5.6,2.97,7,7375.33,6,1,10.0,1,0,0,1
PO003375,V0048,PACK,MX,0.846,9.8,4.62,11,22530.18,4,2,5.8,6,0,0,0
PO003376,V0047,PACK,US,0.861,6.9,3.57,14,12105.32,1,3,5.9,3,0,1,1
PO003377,V0036,FINISH,IN,0.606,23.8,4.18,21,23891.13,4,5,20.0,0,1,0,0
PO003378,V0080,FINISH,IN,0.721,16.6,1.84,13,118660.57,3,4,19.5,1,0,0,1
PO003379,V0058,SERVICE,US,0.874,4.5,2.48,13,6110.57,8,1,4.2,6,0,0,1
PO003380,V0011,RAW,DE,0.769,12.1,3.55,21,9280.74,6,3,10.6,6,0,0,0
PO003381,V0056,PACK,US,0.729,7.2,4.55,13,3547.9,4,1,9.6,2,0,0,1
PO003382,V0095,FINISH,US,0.879,19.0,4.51,14,8048.61,5,5,15.0,6,0,0,0
PO003383,V0076,RAW,US,0.841,8.0,3.56,11,30852.52,1,3,7.6,5,0,0,1
PO003384,V0061,FINISH,US,0.872,15.0,3.22,16,15082.99,6,3,15.0,1,1,0,1
PO003385,V0097,FINISH,US,0.933,26.7,3.5,16,32582.84,4,4,28.7,1,0,0,1
PO003386,V0028,RAW,CN,0.649,12.0,1.95,13,2331.25,5,5,16.3,3,0,0,0
PO003387,V0038,RAW,US,0.858,12.8,2.44,10,1538.34,6,3,13.7,0,0,0,1
PO003388,V0054,RAW,MX,0.782,9.2,4.8,24,18550.21,5,1,11.8,2,0,0,0
PO003389,V0016,FINISH,IN,0.733,18.5,1.44,12,5222.64,4,4,18.6,4,0,0,1
PO003390,V0029,FINISH,CN,0.802,15.3,2.47,12,63066.33,3,3,15.8,2,0,0,1
PO003391,V0090,RAW,CN,0.774,7.8,3.44,12,2608.73,4,2,5.6,3,0,0,0
PO003392,V0091,PACK,US,0.785,6.7,1.54,13,6488.56,8,2,5.5,3,0,0,0
PO003393,V0043,RAW,DE,0.98,7.1,1.46,6,4690.28,7,2,10.2,6,0,0,1
PO003394,V0027,FINISH,US,0.879,14.1,1.64,15,6333.26,2,4,16.4,3,0,1,1
PO003395,V0094,FINISH,CN,0.66,16.0,4.18,11,5385.12,7,5,15.7,5,1,0,0
PO003396,V0044,FINISH,IN,0.629,20.6,1.39,15,5857.5,4,3,25.4,2,1,0,1
PO003397,V0083,RAW,US,0.785,7.8,4.56,16,1323.94,3,3,7.3,2,0,0,0
PO003398,V0038,RAW,US,0.858,12.8,2.44,10,15982.81,4,2,13.9,1,0,1,1
PO003399,V0068,RAW,DE,0.98,7.4,4.46,20,3281.36,6,1,6.1,4,0,0,1
PO003400,V0055,PACK,CN,0.619,8.4,4.01,9,3008.57,4,1,9.0,6,0,0,1
PO003401,V0094,FINISH,CN,0.66,16.0,4.18,11,4186.64,4,4,14.8,4,0,0,1
PO003402,V0053,SERVICE,US,0.98,4.3,4.58,14,28795.53,6,2,1.2,1,0,0,1
PO003403,V0014,FINISH,DE,0.85,17.2,1.31,12,15509.68,10,3,17.8,4,0,1,1
PO003404,V0062,FINISH,DE,0.881,22.2,4.6,6,12496.28,7,4,22.4,6,0,0,0
PO003405,V0064,RAW,CN,0.639,13.8,4.94,17,3097.85,3,1,13.2,5,0,0,1
PO003406,V0032,SERVICE,MX,0.694,6.7,2.48,12,42747.93,5,1,5.3,1,0,0,1
PO003407,V0050,RAW,IN,0.638,7.8,3.79,16,17294.45,4,2,8.0,4,0,0,0
PO003408,V0055,PACK,CN,0.619,8.4,4.01,9,15797.69,8,3,7.4,5,0,0,0
PO003409,V0061,FINISH,US,0.872,15.0,3.22,16,26228.24,7,3,16.2,4,1,0,1
PO003410,V0033,RAW,IN,0.721,13.6,3.78,16,4009.22,7,2,16.0,6,0,0,0
PO003411,V0092,FINISH,US,0.855,24.6,3.38,15,68561.88,4,3,23.3,0,1,0,0
PO003412,V0002,SERVICE,US,0.98,6.3,1.85,11,10510.73,3,2,9.1,1,0,0,1
PO003413,V0074,SERVICE,IN,0.772,3.6,4.71,15,23500.37,6,2,1.0,5,1,0,0
PO003414,V0015,FINISH,MX,0.872,25.3,1.75,21,7921.77,4,3,25.5,6,0,0,1
PO003415,V0028,RAW,CN,0.649,12.0,1.95,13,9134.92,4,4,11.7,0,0,1,0
PO003416,V0027,FINISH,US,0.879,14.1,1.64,15,2238.37,5,5,13.0,0,0,0,0
PO003417,V0045,PACK,US,0.98,8.2,1.18,13,9975.15,3,1,8.9,1,0,0,1
PO003418,V0091,PACK,US,0.785,6.7,1.54,13,211889.7,5,1,4.1,2,1,1,1
PO003419,V0032,SERVICE,MX,0.694,6.7,2.48,12,32837.61,3,2,1.7,5,0,0,0
PO003420,V0015,FINISH,MX,0.872,25.3,1.75,21,47647.12,6,4,28.5,0,0,0,0
PO003421,V0086,RAW,US,0.712,8.7,1.64,11,52713.24,2,5,10.2,3,0,0,1
PO003422,V0022,RAW,DE,0.74,7.3,3.36,17,3669.81,1,4,6.5,1,1,0,0
PO003423,V0005,RAW,CN,0.66,11.8,2.76,10,31287.89,4,3,14.6,2,0,0,1
PO003424,V0065,FINISH,DE,0.79,26.8,4.29,23,22345.97,2,5,25.4,0,0,0,1
PO003425,V0048,PACK,MX,0.846,9.8,4.62,11,29240.51,3,4,8.2,4,0,0,1
PO003426,V0027,FINISH,US,0.879,14.1,1.64,15,1078.88,2,3,12.3,3,0,1,1
PO003427,V0044,FINISH,IN,0.629,20.6,1.39,15,102679.96,4,3,18.9,4,0,0,1
PO003428,V0022,RAW,DE,0.74,7.3,3.36,17,354137.07,5,1,6.4,6,0,0,1
PO003429,V0073,PACK,DE,0.853,7.6,4.13,14,859.9,5,4,6.1,4,0,0,0
PO003430,V0058,SERVICE,US,0.874,4.5,2.48,13,2617.47,4,2,5.4,3,1,1,1
PO003431,V0022,RAW,DE,0.74,7.3,3.36,17,9624.46,2,2,5.3,3,0,0,1
PO003432,V0083,RAW,US,0.785,7.8,4.56,16,11463.78,9,3,11.2,0,0,0,0
PO003433,V0073,PACK,DE,0.853,7.6,4.13,14,2185.45,2,4,9.0,2,1,1,1
PO003434,V0045,PACK,US,0.98,8.2,1.18,13,560.2,7,1,9.1,5,0,0,1
PO003435,V0072,RAW,CN,0.817,8.0,1.06,13,1373.02,5,3,8.3,2,0,0,1
PO003436,V0028,RAW,CN,0.649,12.0,1.95,13,10577.19,6,2,13.6,0,0,0,0
PO003437,V0086,RAW,US,0.712,8.7,1.64,11,13921.89,6,2,9.6,6,0,0,0
PO003438,V0044,FINISH,IN,0.629,20.6,1.39,15,13429.45,3,3,20.0,4,1,0,1
PO003439,V0044,FINISH,IN,0.629,20.6,1.39,15,10854.27,10,4,19.1,5,0,0,1
PO003440,V0091,PACK,US,0.785,6.7,1.54,13,3592.86,8,3,5.0,1,0,0,1
PO003441,V0067,FINISH,DE,0.709,27.6,4.37,19,14312.44,7,3,31.0,1,0,0,0
PO003442,V0100,FINISH,US,0.802,15.8,2.59,19,7869.41,8,4,13.5,1,0,1,0
PO003443,V0013,PACK,CN,0.729,6.6,3.03,21,6460.34,2,3,8.3,3,0,0,1
PO003444,V0033,RAW,IN,0.721,13.6,3.78,16,2704.72,3,4,15.2,5,0,0,0
PO003445,V0038,RAW,US,0.858,12.8,2.44,10,12351.62,4,3,9.3,0,1,0,1
PO003446,V0004,FINISH,DE,0.824,16.8,3.06,16,34194.86,3,3,15.3,0,0,0,1
PO003447,V0099,FINISH,US,0.857,24.7,4.51,13,5322.32,8,5,25.2,3,0,0,0
PO003448,V0038,RAW,US,0.858,12.8,2.44,10,7792.99,9,2,10.9,5,0,0,1
PO003449,V0064,RAW,CN,0.639,13.8,4.94,17,10696.75,6,3,14.0,1,0,0,0
PO003450,V0028,RAW,CN,0.649,12.0,1.95,13,1419.55,2,1,12.2,1,0,1,0
PO003451,V0038,RAW,US,0.858,12.8,2.44,10,986.23,3,4,13.6,2,0,0,1
PO003452,V0032,SERVICE,MX,0.694,6.7,2.48,12,7513.96,11,2,6.7,6,0,0,1
PO003453,V0002,SERVICE,US,0.98,6.3,1.85,11,2810.91,6,2,5.6,6,0,0,1
PO003454,V0065,FINISH,DE,0.79,26.8,4.29,23,6093.32,5,4,27.5,1,0,0,0
PO003455,V0057,FINISH,US,0.768,15.2,3.8,17,14527.22,6,5,12.6,0,0,0,1
PO003456,V0008,RAW,DE,0.897,12.8,2.43,12,7877.24,4,1,12.8,6,1,1,1
PO003457,V0039,RAW,IN,0.627,7.4,3.13,15,69847.58,5,1,10.2,5,0,0,1
PO003458,V0007,RAW,CN,0.794,7.6,1.78,6,2209.46,5,2,8.5,6,0,1,1
PO003459,V0025,PACK,IN,0.539,5.5,4.59,21,1061.26,7,4,7.8,3,0,0,0
PO003460,V0071,PACK,CN,0.695,5.7,1.12,18,5230.97,6,3,6.9,4,0,1,0
PO003461,V0022,RAW,DE,0.74,7.3,3.36,17,2831.35,9,4,7.3,3,0,0,0
PO003462,V0055,PACK,CN,0.619,8.4,4.01,9,9292.04,7,5,9.8,5,0,0,1
PO003463,V0046,FINISH,CN,0.577,23.2,1.65,8,6748.16,3,5,21.7,2,0,0,1
PO003464,V0100,FINISH,US,0.802,15.8,2.59,19,1842.04,5,4,15.8,3,0,0,1
PO003465,V0070,FINISH,US,0.901,21.3,4.09,15,6601.07,5,3,19.4,2,0,1,1
PO003466,V0087,FINISH,US,0.855,19.7,4.93,9,24750.93,4,3,17.5,3,0,0,1
PO003467,V0085,RAW,DE,0.792,11.5,3.28,16,6435.92,6,2,16.2,4,0,1,1
PO003468,V0067,FINISH,DE,0.709,27.6,4.37,19,31736.76,2,4,26.0,3,0,0,0
PO003469,V0037,RAW,DE,0.831,10.3,3.17,12,1435.41,5,1,10.1,3,0,0,0
PO003470,V0083,RAW,US,0.785,7.8,4.56,16,1436.76,6,2,9.3,2,0,0,1
PO003471,V0083,RAW,US,0.785,7.8,4.56,16,7730.06,2,3,8.1,1,0,1,1
PO003472,V0071,PACK,CN,0.695,5.7,1.12,18,21931.65,6,1,4.8,1,1,0,1
PO003473,V0045,PACK,US,0.98,8.2,1.18,13,5391.11,4,1,11.7,6,0,1,1
PO003474,V0022,RAW,DE,0.74,7.3,3.36,17,3469.53,6,4,4.7,4,0,1,0
PO003475,V0093,SERVICE,DE,0.917,6.8,1.72,8,5131.04,5,1,7.1,3,0,0,0
PO003476,V0098,FINISH,US,0.629,22.7,3.13,10,14489.76,5,3,21.7,4,0,0,1
PO003477,V0050,RAW,IN,0.638,7.8,3.79,16,7932.16,7,4,7.6,6,1,0,0
PO003478,V0096,PACK,DE,0.98,7.3,2.21,18,4966.49,8,1,5.7,3,0,0,1
PO003479,V0058,SERVICE,US,0.874,4.5,2.48,13,2815.72,6,1,4.6,1,0,1,1
PO003480,V0088,FINISH,MX,0.697,25.4,2.03,11,42955.47,8,4,27.3,6,0,0,0
PO003481,V0078,RAW,US,0.9,7.8,2.84,11,12575.79,4,2,8.5,4,0,0,1
PO003482,V0070,FINISH,US,0.901,21.3,4.09,15,40802.08,4,5,21.0,5,0,0,1
PO003483,V0024,RAW,DE,0.927,13.5,4.51,12,23149.22,4,2,16.1,3,0,1,1
PO003484,V0078,RAW,US,0.9,7.8,2.84,11,1201.66,4,2,9.8,2,0,0,1
PO003485,V0092,FINISH,US,0.855,24.6,3.38,15,5098.4,1,4,23.7,2,0,0,0
PO003486,V0067,FINISH,DE,0.709,27.6,4.37,19,10295.06,3,3,26.3,1,0,0,0
PO003487,V0003,PACK,DE,0.708,8.1,1.56,12,918.26,5,4,7.6,1,0,1,1
PO003488,V0058,SERVICE,US,0.874,4.5,2.48,13,7285.54,7,1,4.2,2,0,0,1
PO003489,V0081,PACK,CN,0.884,5.2,2.01,15,14763.93,8,1,8.1,0,0,0,1
PO003490,V0088,FINISH,MX,0.697,25.4,2.03,11,2234.84,7,4,24.7,3,1,0,0
PO003491,V0065,FINISH,DE,0.79,26.8,4.29,23,1490.46,7,5,24.7,1,0,1,0
PO003492,V0012,FINISH,US,0.73,24.7,3.25,18,9353.61,3,3,29.3,1,0,0,1
PO003493,V0072,RAW,CN,0.817,8.0,1.06,13,12222.43,7,2,8.4,3,0,0,1
PO003494,V0001,SERVICE,DE,0.945,3.6,1.62,16,30187.08,3,2,2.3,2,0,0,1
PO003495,V0054,RAW,MX,0.782,9.2,4.8,24,9904.89,2,2,6.3,4,0,0,0
PO003496,V0027,FINISH,US,0.879,14.1,1.64,15,38899.84,8,4,14.7,5,0,0,1
PO003497,V0057,FINISH,US,0.768,15.2,3.8,17,31136.89,3,4,14.6,3,0,1,1
PO003498,V0007,RAW,CN,0.794,7.6,1.78,6,815.89,7,1,11.8,0,0,0,1
PO003499,V0005,RAW,CN,0.66,11.8,2.76,10,74408.95,3,1,12.4,4,0,1,1
PO003500,V0047,PACK,US,0.861,6.9,3.57,14,24718.86,3,5,3.0,6,0,0,1
PO003501,V0046,FINISH,CN,0.577,23.2,1.65,8,9606.02,8,4,23.2,3,0,0,1
PO003502,V0054,RAW,MX,0.782,9.2,4.8,24,39488.36,6,5,6.3,2,0,0,0
PO003503,V0013,PACK,CN,0.729,6.6,3.03,21,72235.25,5,3,5.5,0,1,1,1
PO003504,V0038,RAW,US,0.858,12.8,2.44,10,2979.31,3,3,11.6,3,0,1,1
PO003505,V0069,RAW,DE,0.892,8.6,3.69,16,1715.09,5,1,6.7,0,1,0,1
PO003506,V0001,SERVICE,DE,0.945,3.6,1.62,16,5220.13,4,2,3.6,5,1,0,1
PO003507,V0001,SERVICE,DE,0.945,3.6,1.62,16,12854.28,6,1,2.7,5,0,0,1
PO003508,V0065,FINISH,DE,0.79,26.8,4.29,23,7906.5,6,5,26.9,5,0,0,0
PO003509,V0053,SERVICE,US,0.98,4.3,4.58,14,84679.71,5,2,5.8,6,0,0,1
PO003510,V0068,RAW,DE,0.98,7.4,4.46,20,5589.77,11,3,8.8,3,0,0,0
PO003511,V0071,PACK,CN,0.695,5.7,1.12,18,11762.41,2,2,5.6,5,1,0,0
PO003512,V0041,RAW,DE,0.93,9.9,1.69,10,5495.47,5,1,12.5,4,0,0,1
PO003513,V0099,FINISH,US,0.857,24.7,4.51,13,11763.1,3,4,28.7,1,0,0,1
PO003514,V0024,RAW,DE,0.927,13.5,4.51,12,1671.1,6,3,14.9,1,0,1,1
PO003515,V0045,PACK,US,0.98,8.2,1.18,13,8665.47,1,3,6.8,5,0,1,1
PO003516,V0028,RAW,CN,0.649,12.0,1.95,13,5272.0,4,3,12.0,3,0,0,1
PO003517,V0039,RAW,IN,0.627,7.4,3.13,15,4634.79,2,2,13.0,4,0,0,1
PO003518,V0080,FINISH,IN,0.721,16.6,1.84,13,21553.4,1,4,18.3,4,0,0,1
PO003519,V0003,PACK,DE,0.708,8.1,1.56,12,5045.7,6,2,4.1,1,0,0,1
PO003520,V0030,PACK,MX,0.97,9.5,3.52,19,30091.67,3,4,11.9,6,1,0,1
PO003521,V0005,RAW,CN,0.66,11.8,2.76,10,20829.29,3,3,11.4,0,0,0,1
PO003522,V0020,PACK,US,0.98,9.9,1.97,17,2121.72,5,3,5.9,6,0,0,1
PO003523,V0003,PACK,DE,0.708,8.1,1.56,12,5299.26,5,3,6.7,0,0,0,1
PO003524,V0067,FINISH,DE,0.709,27.6,4.37,19,1608.05,4,4,28.6,6,0,0,0
PO003525,V0011,RAW,DE,0.769,12.1,3.55,21,18239.27,4,5,13.2,2,1,0,1
PO003526,V0032,SERVICE,MX,0.694,6.7,2.48,12,2465.52,7,1,8.8,0,0,0,0
PO003527,V0026,RAW,DE,0.898,12.1,4.59,17,2124.47,1,2,15.6,1,0,0,0
PO003528,V0084,PACK,IN,0.592,5.4,3.15,16,26242.41,8,3,5.0,5,0,0,0
PO003529,V0098,FINISH,US,0.629,22.7,3.13,10,4742.42,5,4,25.5,6,0,1,1
PO003530,V0037,RAW,DE,0.831,10.3,3.17,12,22671.79,4,3,6.9,5,0,0,1
PO003531,V0034,SERVICE,CN,0.595,3.6,3.07,20,5733.72,4,1,4.8,6,0,0,1
PO003532,V0078,RAW,US,0.9,7.8,2.84,11,20729.0,9,1,6.0,6,0,0,1
PO003533,V0003,PACK,DE,0.708,8.1,1.56,12,8796.96,6,5,8.0,3,0,0,0
PO003534,V0098,FINISH,US,0.629,22.7,3.13,10,37590.78,3,5,24.2,1,0,0,0
PO003535,V0099,FINISH,US,0.857,24.7,4.51,13,5755.51,12,4,22.4,4,0,0,1
PO003536,V0096,PACK,DE,0.98,7.3,2.21,18,5098.98,3,1,5.8,0,0,0,1
PO003537,V0038,RAW,US,0.858,12.8,2.44,10,4369.08,3,4,12.0,1,0,1,1
PO003538,V0041,RAW,DE,0.93,9.9,1.69,10,41807.99,4,2,11.8,6,0,0,1
PO003539,V0086,RAW,US,0.712,8.7,1.64,11,1947.79,3,4,9.8,3,0,0,1
PO003540,V0047,PACK,US,0.861,6.9,3.57,14,5302.27,8,2,9.2,6,0,0,1
PO003541,V0060,FINISH,US,0.834,24.4,3.33,25,9034.68,5,5,26.0,5,0,0,0
PO003542,V0017,FINISH,IN,0.701,19.8,1.89,10,5688.14,8,5,19.3,5,0,0,0
PO003543,V0048,PACK,MX,0.846,9.8,4.62,11,41195.13,3,4,8.0,0,0,0,1
PO003544,V0062,FINISH,DE,0.881,22.2,4.6,6,44148.06,3,3,22.1,3,0,0,1
PO003545,V0087,FINISH,US,0.855,19.7,4.93,9,23857.77,3,3,19.3,3,0,0,1
PO003546,V0057,FINISH,US,0.768,15.2,3.8,17,2581.64,5,4,14.5,3,0,0,1
PO003547,V0019,RAW,DE,0.886,7.4,2.11,21,5872.26,4,3,7.0,5,0,0,1
PO003548,V0081,PACK,CN,0.884,5.2,2.01,15,64176.52,6,2,4.2,5,0,0,1
PO003549,V0018,RAW,MX,0.757,10.6,3.81,25,16563.75,10,1,7.6,2,0,1,1
PO003550,V0025,PACK,IN,0.539,5.5,4.59,21,1327.76,4,3,5.3,3,0,0,1
PO003551,V0092,FINISH,US,0.855,24.6,3.38,15,4316.08,5,5,23.9,5,0,0,0
PO003552,V0084,PACK,IN,0.592,5.4,3.15,16,9152.15,5,2,7.6,2,0,0,1
PO003553,V0096,PACK,DE,0.98,7.3,2.21,18,3963.21,2,3,11.1,1,0,0,1
PO003554,V0100,FINISH,US,0.802,15.8,2.59,19,9522.71,5,4,17.2,5,0,0,1
PO003555,V0081,PACK,CN,0.884,5.2,2.01,15,13070.3,4,3,5.7,6,0,0,0
PO003556,V0039,RAW,IN,0.627,7.4,3.13,15,4942.81,3,3,7.9,6,0,0,1
PO003557,V0098,FINISH,US,0.629,22.7,3.13,10,4718.88,7,5,22.5,6,1,1,0
PO003558,V0043,RAW,DE,0.98,7.1,1.46,6,11766.77,5,3,6.6,6,0,0,1
PO003559,V0020,PACK,US,0.98,9.9,1.97,17,6081.17,5,2,10.5,0,0,0,1
PO003560,V0053,SERVICE,US,0.98,4.3,4.58,14,6990.26,3,1,2.4,3,0,0,1
PO003561,V0055,PACK,CN,0.619,8.4,4.01,9,3954.94,4,1,6.6,3,0,1,1
PO003562,V0016,FINISH,IN,0.733,18.5,1.44,12,13969.73,7,4,18.1,6,0,0,1
PO003563,V0097,FINISH,US,0.933,26.7,3.5,16,29483.02,6,4,24.4,4,0,0,1
PO003564,V0081,PACK,CN,0.884,5.2,2.01,15,13270.93,7,3,5.5,1,0,1,1
PO003565,V0097,FINISH,US,0.933,26.7,3.5,16,42180.84,5,3,30.0,2,0,0,0
PO003566,V0096,PACK,DE,0.98,7.3,2.21,18,8411.84,7,4,11.4,0,0,0,1
PO003567,V0024,RAW,DE,0.927,13.5,4.51,12,18140.27,9,3,18.5,1,0,1,0
PO003568,V0097,FINISH,US,0.933,26.7,3.5,16,1494.38,4,4,27.3,2,0,0,1
PO003569,V0080,FINISH,IN,0.721,16.6,1.84,13,23903.35,6,5,15.3,6,1,1,1
PO003570,V0045,PACK,US,0.98,8.2,1.18,13,12916.05,5,2,9.4,6,0,0,1
PO003571,V0075,SERVICE,DE,0.673,5.5,1.96,8,11371.49,11,1,5.8,5,0,0,1
PO003572,V0099,FINISH,US,0.857,24.7,4.51,13,6255.67,3,4,24.8,6,0,0,1
PO003573,V0029,FINISH,CN,0.802,15.3,2.47,12,6147.14,3,4,17.8,5,0,0,0
PO003574,V0064,RAW,CN,0.639,13.8,4.94,17,1958.8,4,3,11.8,5,0,0,0
PO003575,V0088,FINISH,MX,0.697,25.4,2.03,11,18853.79,7,4,24.1,3,0,0,0
PO003576,V0007,RAW,CN,0.794,7.6,1.78,6,4529.17,8,4,10.1,6,0,0,1
PO003577,V0025,PACK,IN,0.539,5.5,4.59,21,39684.2,3,2,3.7,3,0,0,1
PO003578,V0030,PACK,MX,0.97,9.5,3.52,19,9498.31,5,2,11.4,4,0,0,1
PO003579,V0013,PACK,CN,0.729,6.6,3.03,21,23717.74,2,1,7.1,1,0,1,1
PO003580,V0047,PACK,US,0.861,6.9,3.57,14,1848.77,3,3,3.2,2,0,0,1
PO003581,V0002,SERVICE,US,0.98,6.3,1.85,11,1270.78,12,1,5.9,1,0,1,1
PO003582,V0078,RAW,US,0.9,7.8,2.84,11,9532.6,9,3,9.0,0,0,0,0
PO003583,V0004,FINISH,DE,0.824,16.8,3.06,16,32865.58,4,3,20.3,2,0,0,1
PO003584,V0070,FINISH,US,0.901,21.3,4.09,15,44962.56,5,5,21.4,0,0,0,1
PO003585,V0029,FINISH,CN,0.802,15.3,2.47,12,8588.59,3,5,15.0,4,0,1,1
PO003586,V0078,RAW,US,0.9,7.8,2.84,11,66365.37,4,2,8.8,0,0,0,0
PO003587,V0077,PACK,IN,0.601,6.0,1.16,11,16940.61,7,3,6.0,5,0,1,0
PO003588,V0009,FINISH,US,0.782,14.1,4.26,17,10883.92,3,3,12.1,4,0,0,0
PO003589,V0022,RAW,DE,0.74,7.3,3.36,17,2551.76,3,3,6.6,5,1,0,1
PO003590,V0016,FINISH,IN,0.733,18.5,1.44,12,4753.05,5,4,19.9,6,1,0,1
PO003591,V0054,RAW,MX,0.782,9.2,4.8,24,3553.68,6,1,8.0,6,0,0,1
PO003592,V0090,RAW,CN,0.774,7.8,3.44,12,14474.64,2,4,8.4,6,0,0,0
PO003593,V0039,RAW,IN,0.627,7.4,3.13,15,12870.48,3,3,8.3,0,0,0,1
PO003594,V0079,FINISH,CN,0.65,26.2,4.68,7,6255.62,2,3,24.9,5,0,0,0
PO003595,V0036,FINISH,IN,0.606,23.8,4.18,21,4914.6,9,5,22.8,2,0,0,1
PO003596,V0001,SERVICE,DE,0.945,3.6,1.62,16,112743.19,1,1,6.4,0,0,0,1
PO003597,V0015,FINISH,MX,0.872,25.3,1.75,21,6166.45,0,5,26.0,2,0,0,1
PO003598,V0044,FINISH,IN,0.629,20.6,1.39,15,4660.95,6,4,17.5,5,0,0,1
PO003599,V0025,PACK,IN,0.539,5.5,4.59,21,30444.2,3,3,5.9,5,0,1,0
PO003600,V0022,RAW,DE,0.74,7.3,3.36,17,1147.54,7,3,7.7,6,0,0,1
PO003601,V0004,FINISH,DE,0.824,16.8,3.06,16,41777.78,6,5,15.3,2,0,0,1
PO003602,V0046,FINISH,CN,0.577,23.2,1.65,8,1649.06,3,5,26.6,3,0,0,0
PO003603,V0047,PACK,US,0.861,6.9,3.57,14,2580.04,4,4,8.1,6,0,0,0
PO003604,V0023,RAW,CN,0.614,11.8,2.55,22,4092.16,7,2,11.7,3,0,0,1
PO003605,V0069,RAW,DE,0.892,8.6,3.69,16,6431.39,9,3,10.5,4,0,0,1
PO003606,V0077,PACK,IN,0.601,6.0,1.16,11,2375.66,3,2,6.6,1,1,0,1
PO003607,V0034,SERVICE,CN,0.595,3.6,3.07,20,10147.29,5,1,2.2,1,0,0,1
PO003608,V0034,SERVICE,CN,0.595,3.6,3.07,20,1902.29,4,1,1.0,4,0,0,1
PO003609,V0074,SERVICE,IN,0.772,3.6,4.71,15,37038.07,3,1,3.5,5,0,0,1
PO003610,V0059,PACK,IN,0.786,5.6,2.97,7,3213.2,3,2,5.2,1,0,0,0
PO003611,V0070,FINISH,US,0.901,21.3,4.09,15,2246.13,7,3,21.7,5,0,0,1
PO003612,V0066,PACK,CN,0.769,9.7,4.46,6,2316.07,5,1,8.4,3,0,0,1
PO003613,V0038,RAW,US,0.858,12.8,2.44,10,2175.52,6,3,13.0,1,0,0,0
PO003614,V0078,RAW,US,0.9,7.8,2.84,11,19682.6,5,4,6.6,4,0,1,0
PO003615,V0020,PACK,US,0.98,9.9,1.97,17,4680.72,6,2,11.3,0,0,0,0
PO003616,V0070,FINISH,US,0.901,21.3,4.09,15,4168.03,5,3,20.5,5,0,0,1
PO003617,V0041,RAW,DE,0.93,9.9,1.69,10,4316.41,2,4,9.5,1,0,0,0
PO003618,V0085,RAW,DE,0.792,11.5,3.28,16,14895.7,9,1,10.9,2,0,0,0
PO003619,V0042,FINISH,CN,0.807,23.2,2.12,16,7462.83,5,5,23.3,4,0,0,1
PO003620,V0030,PACK,MX,0.97,9.5,3.52,19,12001.64,3,3,9.3,1,0,0,1
PO003621,V0008,RAW,DE,0.897,12.8,2.43,12,41371.28,7,3,9.9,0,0,0,0
PO003622,V0042,FINISH,CN,0.807,23.2,2.12,16,26951.49,1,4,21.6,6,0,0,1
PO003623,V0076,RAW,US,0.841,8.0,3.56,11,61932.02,2,1,7.5,4,0,0,1
PO003624,V0079,FINISH,CN,0.65,26.2,4.68,7,3804.66,3,4,26.0,6,0,0,1
PO003625,V0028,RAW,CN,0.649,12.0,1.95,13,13437.38,3,2,11.0,3,0,0,1
PO003626,V0080,FINISH,IN,0.721,16.6,1.84,13,2882.87,7,4,14.8,1,0,0,1
PO003627,V0018,RAW,MX,0.757,10.6,3.81,25,1696.15,5,3,8.7,0,1,1,0
PO003628,V0079,FINISH,CN,0.65,26.2,4.68,7,38367.63,4,3,23.9,3,0,0,0
PO003629,V0022,RAW,DE,0.74,7.3,3.36,17,6544.74,8,1,6.9,5,0,0,0
PO003630,V0094,FINISH,CN,0.66,16.0,4.18,11,1211.54,5,5,14.7,5,0,0,1
PO003631,V0076,RAW,US,0.841,8.0,3.56,11,17492.57,6,2,7.5,6,0,0,0
PO003632,V0045,PACK,US,0.98,8.2,1.18,13,20993.89,4,1,9.4,0,1,0,0
PO003633,V0053,SERVICE,US,0.98,4.3,4.58,14,8039.31,8,1,5.9,1,0,0,1
PO003634,V0052,SERVICE,DE,0.824,6.4,2.72,18,6686.47,7,2,5.3,5,0,0,1
PO003635,V0004,FINISH,DE,0.824,16.8,3.06,16,4034.04,7,4,15.5,0,0,0,0
PO003636,V0002,SERVICE,US,0.98,6.3,1.85,11,4138.72,7,1,5.8,4,0,0,1
PO003637,V0100,FINISH,US,0.802,15.8,2.59,19,16455.69,3,4,12.8,1,1,0,1
PO003638,V0031,PACK,CN,0.783,6.4,1.1,17,4682.26,7,4,7.7,2,0,0,0
PO003639,V0006,SERVICE,US,0.821,4.0,3.65,13,33957.89,6,1,1.8,0,1,1,1
PO003640,V0054,RAW,MX,0.782,9.2,4.8,24,7920.48,5,1,8.3,5,0,0,1
PO003641,V0081,PACK,CN,0.884,5.2,2.01,15,4877.56,10,1,5.0,0,1,0,1
PO003642,V0046,FINISH,CN,0.577,23.2,1.65,8,939.86,5,5,17.9,0,0,1,0
PO003643,V0032,SERVICE,MX,0.694,6.7,2.48,12,11789.44,2,2,6.8,5,0,0,1
PO003644,V0032,SERVICE,MX,0.694,6.7,2.48,12,12288.62,7,2,6.2,1,0,0,1
PO003645,V0045,PACK,US,0.98,8.2,1.18,13,70037.9,1,2,5.2,0,0,1,1
PO003646,V0028,RAW,CN,0.649,12.0,1.95,13,7252.55,5,1,10.3,2,0,0,1
PO003647,V0025,PACK,IN,0.539,5.5,4.59,21,20028.83,4,5,3.9,4,0,0,0
PO003648,V0025,PACK,IN,0.539,5.5,4.59,21,39032.22,4,3,9.5,6,0,0,1
PO003649,V0011,RAW,DE,0.769,12.1,3.55,21,29138.86,9,2,15.8,3,0,0,1
PO003650,V0088,FINISH,MX,0.697,25.4,2.03,11,11943.96,2,5,26.7,4,0,0,0
PO003651,V0018,RAW,MX,0.757,10.6,3.81,25,5635.73,5,2,10.9,3,0,1,1
PO003652,V0081,PACK,CN,0.884,5.2,2.01,15,2696.17,8,4,6.0,6,0,0,0
PO003653,V0097,FINISH,US,0.933,26.7,3.5,16,22095.29,5,5,29.7,1,0,0,1
PO003654,V0051,FINISH,CN,0.637,24.5,4.23,13,7031.86,5,4,24.6,6,0,0,1
PO003655,V0040,SERVICE,CN,0.742,5.1,2.29,19,10332.68,4,2,4.5,3,0,0,1
PO003656,V0087,FINISH,US,0.855,19.7,4.93,9,18950.83,6,4,21.7,4,0,0,1
PO003657,V0037,RAW,DE,0.831,10.3,3.17,12,4486.96,7,3,11.9,3,0,0,1
PO003658,V0052,SERVICE,DE,0.824,6.4,2.72,18,3702.21,4,2,2.7,5,0,0,1
PO003659,V0093,SERVICE,DE,0.917,6.8,1.72,8,5116.04,4,2,5.5,1,0,0,1
PO003660,V0065,FINISH,DE,0.79,26.8,4.29,23,23413.39,2,5,27.6,3,0,0,1
PO003661,V0080,FINISH,IN,0.721,16.6,1.84,13,34022.01,5,3,15.6,1,0,1,1
PO003662,V0066,PACK,CN,0.769,9.7,4.46,6,7463.81,7,4,11.0,5,0,0,1
PO003663,V0008,RAW,DE,0.897,12.8,2.43,12,15011.29,9,3,9.5,4,0,0,1
PO003664,V0088,FINISH,MX,0.697,25.4,2.03,11,15477.19,9,3,21.0,3,0,0,0
PO003665,V0071,PACK,CN,0.695,5.7,1.12,18,60622.13,0,2,4.6,3,0,0,1
PO003666,V0022,RAW,DE,0.74,7.3,3.36,17,12640.75,5,1,5.2,0,0,1,0
PO003667,V0025,PACK,IN,0.539,5.5,4.59,21,3909.77,4,2,8.7,0,0,1,0
PO003668,V0068,RAW,DE,0.98,7.4,4.46,20,18722.49,8,4,11.3,3,0,0,1
PO003669,V0038,RAW,US,0.858,12.8,2.44,10,12005.36,2,3,14.4,1,0,0,1
PO003670,V0093,SERVICE,DE,0.917,6.8,1.72,8,5697.31,1,2,7.4,2,0,0,0
PO003671,V0095,FINISH,US,0.879,19.0,4.51,14,29184.67,7,5,18.9,4,0,0,1
PO003672,V0076,RAW,US,0.841,8.0,3.56,11,6991.69,5,4,6.5,6,0,0,1
PO003673,V0077,PACK,IN,0.601,6.0,1.16,11,6663.91,3,2,9.3,4,0,0,0
PO003674,V0028,RAW,CN,0.649,12.0,1.95,13,1491.3,2,2,14.2,3,0,0,1
PO003675,V0010,RAW,IN,0.761,9.5,1.46,20,8077.96,2,2,4.9,0,0,1,0
PO003676,V0010,RAW,IN,0.761,9.5,1.46,20,4113.56,8,1,12.6,0,1,0,0
PO003677,V0052,SERVICE,DE,0.824,6.4,2.72,18,20150.8,6,2,7.7,3,1,0,1
PO003678,V0023,RAW,CN,0.614,11.8,2.55,22,24157.84,4,2,14.7,1,0,0,0
PO003679,V0021,FINISH,US,0.98,22.9,3.14,9,321.13,7,5,22.2,4,0,0,1
PO003680,V0059,PACK,IN,0.786,5.6,2.97,7,4513.61,7,3,3.9,6,0,0,1
PO003681,V0006,SERVICE,US,0.821,4.0,3.65,13,8214.67,3,1,4.6,1,0,0,1
PO003682,V0069,RAW,DE,0.892,8.6,3.69,16,1535.94,1,2,8.3,6,0,0,1
PO003683,V0059,PACK,IN,0.786,5.6,2.97,7,1939.74,6,1,4.1,0,0,0,1
PO003684,V0017,FINISH,IN,0.701,19.8,1.89,10,17378.27,5,4,20.1,0,0,0,0
PO003685,V0094,FINISH,CN,0.66,16.0,4.18,11,14229.27,6,5,16.4,4,0,0,0
PO003686,V0095,FINISH,US,0.879,19.0,4.51,14,15730.67,3,4,22.4,1,0,0,1
PO003687,V0043,RAW,DE,0.98,7.1,1.46,6,20175.97,2,3,7.1,0,0,0,1
PO003688,V0025,PACK,IN,0.539,5.5,4.59,21,5584.17,2,1,5.1,0,0,0,1
PO003689,V0026,RAW,DE,0.898,12.1,4.59,17,5282.46,4,2,12.1,2,0,0,1
PO003690,V0008,RAW,DE,0.897,12.8,2.43,12,3674.01,8,2,14.1,2,1,0,1
PO003691,V0037,RAW,DE,0.831,10.3,3.17,12,15156.6,9,3,10.4,6,0,0,0
PO003692,V0094,FINISH,CN,0.66,16.0,4.18,11,4581.82,3,3,16.7,1,0,0,1
PO003693,V0075,SERVICE,DE,0.673,5.5,1.96,8,71299.81,6,2,1.8,2,0,0,1
PO003694,V0028,RAW,CN,0.649,12.0,1.95,13,12635.3,2,3,10.5,6,0,0,0
PO003695,V0075,SERVICE,DE,0.673,5.5,1.96,8,11484.35,6,1,8.1,1,0,0,1
PO003696,V0061,FINISH,US,0.872,15.0,3.22,16,82402.39,3,5,12.7,0,0,0,0
PO003697,V0059,PACK,IN,0.786,5.6,2.97,7,25023.62,1,2,2.0,6,0,0,0
PO003698,V0013,PACK,CN,0.729,6.6,3.03,21,7356.45,5,3,6.3,1,0,1,1
PO003699,V0030,PACK,MX,0.97,9.5,3.52,19,18894.98,11,3,7.6,2,0,0,1
PO003700,V0091,PACK,US,0.785,6.7,1.54,13,11944.92,7,4,5.9,5,0,0,0
PO003701,V0001,SERVICE,DE,0.945,3.6,1.62,16,80328.73,4,2,1.0,5,0,1,1
PO003702,V0030,PACK,MX,0.97,9.5,3.52,19,4524.15,6,2,8.2,1,1,0,1
PO003703,V0084,PACK,IN,0.592,5.4,3.15,16,27084.0,3,3,7.2,0,0,0,1
PO003704,V0008,RAW,DE,0.897,12.8,2.43,12,2558.24,4,3,8.0,2,0,0,1
PO003705,V0048,PACK,MX,0.846,9.8,4.62,11,19008.66,3,2,14.1,1,0,0,1
PO003706,V0044,FINISH,IN,0.629,20.6,1.39,15,149430.14,6,4,20.5,0,0,0,0
PO003707,V0007,RAW,CN,0.794,7.6,1.78,6,1032.42,2,4,5.8,6,0,0,0
PO003708,V0012,FINISH,US,0.73,24.7,3.25,18,14603.54,5,3,24.1,6,0,0,1
PO003709,V0046,FINISH,CN,0.577,23.2,1.65,8,22963.97,6,4,21.6,6,0,0,1
PO003710,V0011,RAW,DE,0.769,12.1,3.55,21,12692.63,7,4,12.9,6,0,1,1
PO003711,V0100,FINISH,US,0.802,15.8,2.59,19,6281.21,3,5,17.9,1,0,0,0
PO003712,V0053,SERVICE,US,0.98,4.3,4.58,14,135911.71,3,1,2.7,4,0,0,1
PO003713,V0025,PACK,IN,0.539,5.5,4.59,21,1312.08,5,3,3.0,2,0,1,0
PO003714,V0100,FINISH,US,0.802,15.8,2.59,19,2130.84,5,3,18.9,4,0,0,1
PO003715,V0078,RAW,US,0.9,7.8,2.84,11,6654.5,5,4,6.3,1,1,0,0
PO003716,V0040,SERVICE,CN,0.742,5.1,2.29,19,76531.01,4,1,5.7,3,0,0,0
PO003717,V0028,RAW,CN,0.649,12.0,1.95,13,3398.25,2,1,14.3,6,0,0,1
PO003718,V0075,SERVICE,DE,0.673,5.5,1.96,8,3563.77,6,2,5.6,0,1,1,0
PO003719,V0047,PACK,US,0.861,6.9,3.57,14,7871.67,7,4,7.6,4,0,0,1
PO003720,V0057,FINISH,US,0.768,15.2,3.8,17,5779.54,6,5,17.8,6,0,0,1
PO003721,V0029,FINISH,CN,0.802,15.3,2.47,12,9234.67,5,4,14.7,1,0,0,1
PO003722,V0001,SERVICE,DE,0.945,3.6,1.62,16,18446.15,6,1,6.0,3,0,0,1
PO003723,V0026,RAW,DE,0.898,12.1,4.59,17,26703.59,5,4,11.1,6,0,0,1
PO003724,V0089,PACK,MX,0.613,8.8,1.75,13,37833.62,5,3,9.8,2,0,0,0
PO003725,V0015,FINISH,MX,0.872,25.3,1.75,21,1179.45,6,4,24.6,2,0,0,1
PO003726,V0007,RAW,CN,0.794,7.6,1.78,6,15873.33,9,2,3.9,2,0,0,1
PO003727,V0027,FINISH,US,0.879,14.1,1.64,15,1805.14,5,4,15.5,5,0,0,1
PO003728,V0094,FINISH,CN,0.66,16.0,4.18,11,3386.18,6,3,15.6,1,0,0,0
PO003729,V0044,FINISH,IN,0.629,20.6,1.39,15,17696.01,3,4,23.1,3,0,0,0
PO003730,V0096,PACK,DE,0.98,7.3,2.21,18,362941.49,3,2,7.7,6,0,0,1
PO003731,V0086,RAW,US,0.712,8.7,1.64,11,6718.6,3,2,8.1,3,0,0,0
PO003732,V0083,RAW,US,0.785,7.8,4.56,16,14801.76,2,2,7.1,4,0,0,0
PO003733,V0052,SERVICE,DE,0.824,6.4,2.72,18,10426.06,7,2,4.9,1,0,0,1
PO003734,V0081,PACK,CN,0.884,5.2,2.01,15,35564.23,6,5,5.1,1,0,0,1
PO003735,V0022,RAW,DE,0.74,7.3,3.36,17,54433.06,5,4,12.2,2,0,1,0
PO003736,V0019,RAW,DE,0.886,7.4,2.11,21,13541.93,6,3,11.6,1,0,0,1
PO003737,V0004,FINISH,DE,0.824,16.8,3.06,16,8733.93,5,5,15.3,2,0,0,1
PO003738,V0058,SERVICE,US,0.874,4.5,2.48,13,43967.25,2,1,5.8,2,0,0,1
PO003739,V0012,FINISH,US,0.73,24.7,3.25,18,1752.35,8,5,25.0,6,0,0,0
PO003740,V0010,RAW,IN,0.761,9.5,1.46,20,3764.36,4,3,8.7,3,0,0,1
PO003741,V0084,PACK,IN,0.592,5.4,3.15,16,8273.73,1,2,6.9,5,0,0,0
PO003742,V0084,PACK,IN,0.592,5.4,3.15,16,571.36,7,4,7.9,2,0,0,1
PO003743,V0064,RAW,CN,0.639,13.8,4.94,17,3809.84,3,5,12.0,6,0,0,1
PO003744,V0071,PACK,CN,0.695,5.7,1.12,18,11144.21,7,4,5.3,0,0,0,1
PO003745,V0046,FINISH,CN,0.577,23.2,1.65,8,4104.25,2,5,27.2,4,0,0,0
PO003746,V0054,RAW,MX,0.782,9.2,4.8,24,11035.77,5,3,11.7,3,0,0,0
PO003747,V0067,FINISH,DE,0.709,27.6,4.37,19,2719.85,4,3,28.2,3,1,1,0
PO003748,V0076,RAW,US,0.841,8.0,3.56,11,4388.44,8,3,9.3,5,1,0,1
PO003749,V0094,FINISH,CN,0.66,16.0,4.18,11,10157.14,1,3,11.6,5,0,0,1
PO003750,V0096,PACK,DE,0.98,7.3,2.21,18,12683.83,8,1,7.9,6,0,1,1
PO003751,V0010,RAW,IN,0.761,9.5,1.46,20,1849.37,6,1,11.0,1,0,0,1
PO003752,V0015,FINISH,MX,0.872,25.3,1.75,21,2653.52,4,3,26.8,1,0,0,1
PO003753,V0033,RAW,IN,0.721,13.6,3.78,16,5069.73,6,5,15.0,1,0,0,0
PO003754,V0085,RAW,DE,0.792,11.5,3.28,16,4615.82,5,4,11.5,3,1,1,1
PO003755,V0019,RAW,DE,0.886,7.4,2.11,21,17282.31,7,4,6.9,4,0,0,1
PO003756,V0099,FINISH,US,0.857,24.7,4.51,13,6384.7,8,5,25.8,2,0,0,1
PO003757,V0008,RAW,DE,0.897,12.8,2.43,12,3189.39,5,3,12.7,2,0,1,0
PO003758,V0080,FINISH,IN,0.721,16.6,1.84,13,3810.92,4,3,16.4,1,0,0,1
PO003759,V0058,SERVICE,US,0.874,4.5,2.48,13,25804.83,8,1,5.1,1,0,0,1
PO003760,V0090,RAW,CN,0.774,7.8,3.44,12,30421.93,4,5,5.9,5,1,1,1
PO003761,V0017,FINISH,IN,0.701,19.8,1.89,10,5932.78,3,5,18.3,5,0,0,0
PO003762,V0078,RAW,US,0.9,7.8,2.84,11,25493.04,6,2,7.4,2,0,0,1
PO003763,V0079,FINISH,CN,0.65,26.2,4.68,7,44027.4,1,3,26.9,6,0,1,1
PO003764,V0003,PACK,DE,0.708,8.1,1.56,12,6756.82,8,1,4.9,2,0,0,1
PO003765,V0080,FINISH,IN,0.721,16.6,1.84,13,8998.82,3,3,17.3,2,0,0,1
PO003766,V0009,FINISH,US,0.782,14.1,4.26,17,37678.16,8,5,14.2,3,0,0,1
PO003767,V0022,RAW,DE,0.74,7.3,3.36,17,10320.5,4,3,9.0,1,0,0,0
PO003768,V0070,FINISH,US,0.901,21.3,4.09,15,16621.52,4,4,24.7,1,0,0,1
PO003769,V0049,RAW,US,0.878,7.5,2.28,20,14480.84,5,2,6.1,0,0,0,1
PO003770,V0049,RAW,US,0.878,7.5,2.28,20,51880.74,3,1,6.4,6,0,0,1
PO003771,V0089,PACK,MX,0.613,8.8,1.75,13,2292.73,3,3,8.1,0,1,0,1
PO003772,V0058,SERVICE,US,0.874,4.5,2.48,13,8778.53,5,2,6.9,3,0,1,1
PO003773,V0080,FINISH,IN,0.721,16.6,1.84,13,51537.08,10,3,16.6,4,0,0,0
PO003774,V0084,PACK,IN,0.592,5.4,3.15,16,1886.03,4,1,3.4,2,0,0,1
PO003775,V0081,PACK,CN,0.884,5.2,2.01,15,7315.43,2,1,7.2,0,0,0,1
PO003776,V0099,FINISH,US,0.857,24.7,4.51,13,69862.23,5,4,27.8,0,0,0,1
PO003777,V0045,PACK,US,0.98,8.2,1.18,13,10548.47,5,2,7.5,3,0,0,1
PO003778,V0002,SERVICE,US,0.98,6.3,1.85,11,13133.62,6,1,7.9,5,0,0,1
PO003779,V0023,RAW,CN,0.614,11.8,2.55,22,2925.25,6,3,13.8,6,0,0,0
PO003780,V0020,PACK,US,0.98,9.9,1.97,17,7746.3,3,4,10.6,2,1,1,0
PO003781,V0044,FINISH,IN,0.629,20.6,1.39,15,6014.14,4,5,22.1,2,0,0,1
PO003782,V0044,FINISH,IN,0.629,20.6,1.39,15,197258.63,6,4,22.6,3,0,1,1
PO003783,V0029,FINISH,CN,0.802,15.3,2.47,12,29407.29,5,3,17.8,5,1,0,0
PO003784,V0092,FINISH,US,0.855,24.6,3.38,15,20149.97,6,4,22.0,3,0,0,1
PO003785,V0055,PACK,CN,0.619,8.4,4.01,9,12089.01,5,4,6.3,4,0,0,0
PO003786,V0071,PACK,CN,0.695,5.7,1.12,18,3178.53,7,2,7.4,5,0,0,1
PO003787,V0022,RAW,DE,0.74,7.3,3.36,17,7695.56,9,2,7.6,2,0,0,0
PO003788,V0020,PACK,US,0.98,9.9,1.97,17,10119.04,5,2,9.7,2,0,0,0
PO003789,V0014,FINISH,DE,0.85,17.2,1.31,12,2297.56,7,5,21.4,3,0,0,0
PO003790,V0044,FINISH,IN,0.629,20.6,1.39,15,27820.42,4,3,21.1,4,0,1,0
PO003791,V0095,FINISH,US,0.879,19.0,4.51,14,26179.36,3,3,18.8,0,0,0,0
PO003792,V0087,FINISH,US,0.855,19.7,4.93,9,5328.71,9,4,19.6,5,0,0,0
PO003793,V0053,SERVICE,US,0.98,4.3,4.58,14,2438.05,3,2,4.2,1,0,0,1
PO003794,V0012,FINISH,US,0.73,24.7,3.25,18,5370.5,9,4,22.3,0,0,0,1
PO003795,V0032,SERVICE,MX,0.694,6.7,2.48,12,3637.16,6,2,1.4,1,0,0,0
PO003796,V0053,SERVICE,US,0.98,4.3,4.58,14,29860.91,4,2,4.1,5,0,0,1
PO003797,V0076,RAW,US,0.841,8.0,3.56,11,37237.39,3,4,10.9,1,0,0,1
PO003798,V0074,SERVICE,IN,0.772,3.6,4.71,15,41652.53,7,1,3.4,4,0,0,0
PO003799,V0084,PACK,IN,0.592,5.4,3.15,16,7930.41,7,3,4.6,5,1,1,0
PO003800,V0060,FINISH,US,0.834,24.4,3.33,25,3599.23,10,4,28.0,3,0,0,0
PO003801,V0052,SERVICE,DE,0.824,6.4,2.72,18,9687.37,2,2,7.9,4,0,0,1
PO003802,V0056,PACK,US,0.729,7.2,4.55,13,9615.5,8,4,9.6,4,0,1,1
PO003803,V0081,PACK,CN,0.884,5.2,2.01,15,24691.54,6,4,6.3,3,0,0,1
PO003804,V0003,PACK,DE,0.708,8.1,1.56,12,6388.0,3,3,8.4,2,0,0,1
PO003805,V0018,RAW,MX,0.757,10.6,3.81,25,2319.09,5,3,8.4,2,0,0,1
PO003806,V0005,RAW,CN,0.66,11.8,2.76,10,23645.06,8,3,11.4,1,0,0,1
PO003807,V0033,RAW,IN,0.721,13.6,3.78,16,33352.05,2,5,12.6,0,0,0,0
PO003808,V0066,PACK,CN,0.769,9.7,4.46,6,1782.3,7,3,8.9,3,0,1,1
PO003809,V0054,RAW,MX,0.782,9.2,4.8,24,15763.95,4,2,12.3,3,0,1,0
PO003810,V0096,PACK,DE,0.98,7.3,2.21,18,3189.7,6,3,10.2,4,0,0,1
PO003811,V0019,RAW,DE,0.886,7.4,2.11,21,30169.27,7,3,8.8,0,0,0,1
PO003812,V0038,RAW,US,0.858,12.8,2.44,10,9832.03,6,2,12.2,0,0,0,1
PO003813,V0066,PACK,CN,0.769,9.7,4.46,6,4105.98,5,1,9.1,4,1,0,1
PO003814,V0003,PACK,DE,0.708,8.1,1.56,12,28546.12,6,2,11.9,1,0,0,0
PO003815,V0085,RAW,DE,0.792,11.5,3.28,16,4320.82,4,1,12.2,3,0,0,0
PO003816,V0015,FINISH,MX,0.872,25.3,1.75,21,648.08,6,5,27.6,1,0,0,0
PO003817,V0057,FINISH,US,0.768,15.2,3.8,17,4974.3,2,4,9.2,0,0,1,0
PO003818,V0030,PACK,MX,0.97,9.5,3.52,19,1442.14,5,2,8.9,2,0,0,1
PO003819,V0053,SERVICE,US,0.98,4.3,4.58,14,100540.76,3,1,3.5,5,0,1,1
PO003820,V0092,FINISH,US,0.855,24.6,3.38,15,8320.22,7,3,21.1,3,0,0,1
PO003821,V0033,RAW,IN,0.721,13.6,3.78,16,608.11,10,4,15.8,2,0,0,1
PO003822,V0027,FINISH,US,0.879,14.1,1.64,15,3935.36,5,3,13.9,6,1,0,1
PO003823,V0006,SERVICE,US,0.821,4.0,3.65,13,37033.76,9,1,2.3,1,0,1,1
PO003824,V0061,FINISH,US,0.872,15.0,3.22,16,5364.51,5,4,15.2,2,0,1,0
PO003825,V0092,FINISH,US,0.855,24.6,3.38,15,11092.84,7,3,23.5,6,1,1,1
PO003826,V0098,FINISH,US,0.629,22.7,3.13,10,5283.9,3,4,21.1,1,0,1,0
PO003827,V0027,FINISH,US,0.879,14.1,1.64,15,28238.67,5,4,11.5,6,0,0,1
PO003828,V0022,RAW,DE,0.74,7.3,3.36,17,1472.44,6,3,9.1,4,0,0,1
PO003829,V0036,FINISH,IN,0.606,23.8,4.18,21,3856.28,4,4,23.7,5,1,0,0
PO003830,V0018,RAW,MX,0.757,10.6,3.81,25,12065.52,7,2,11.9,4,0,0,0
PO003831,V0017,FINISH,IN,0.701,19.8,1.89,10,1354.57,2,4,20.6,1,0,0,0
PO003832,V0033,RAW,IN,0.721,13.6,3.78,16,2088.48,6,2,14.9,3,0,0,1
PO003833,V0041,RAW,DE,0.93,9.9,1.69,10,87992.64,5,4,8.5,5,0,0,1
PO003834,V0077,PACK,IN,0.601,6.0,1.16,11,5309.73,7,1,2.8,2,0,0,1
PO003835,V0045,PACK,US,0.98,8.2,1.18,13,1188.9,5,1,10.1,2,0,0,1
PO003836,V0064,RAW,CN,0.639,13.8,4.94,17,45852.83,6,1,16.0,6,0,0,1
PO003837,V0014,FINISH,DE,0.85,17.2,1.31,12,4225.0,8,3,19.8,1,1,0,1
PO003838,V0090,RAW,CN,0.774,7.8,3.44,12,20872.31,4,2,7.1,2,0,0,1
PO003839,V0081,PACK,CN,0.884,5.2,2.01,15,15739.45,3,3,5.6,0,0,0,1
PO003840,V0097,FINISH,US,0.933,26.7,3.5,16,510.97,8,3,29.1,0,0,0,0
PO003841,V0042,FINISH,CN,0.807,23.2,2.12,16,3380.81,10,5,25.3,1,0,0,1
PO003842,V0035,FINISH,CN,0.582,25.3,4.24,15,4989.52,6,5,27.6,6,0,0,0
PO003843,V0039,RAW,IN,0.627,7.4,3.13,15,17671.21,6,3,3.6,4,0,0,1
PO003844,V0001,SERVICE,DE,0.945,3.6,1.62,16,4976.92,7,1,2.4,2,0,0,1
PO003845,V0070,FINISH,US,0.901,21.3,4.09,15,5228.02,6,3,23.2,5,0,0,0
PO003846,V0054,RAW,MX,0.782,9.2,4.8,24,9055.92,6,2,5.5,1,0,0,0
PO003847,V0037,RAW,DE,0.831,10.3,3.17,12,8479.69,6,1,10.2,3,0,0,1
PO003848,V0043,RAW,DE,0.98,7.1,1.46,6,22233.4,4,2,9.2,3,0,0,1
PO003849,V0064,RAW,CN,0.639,13.8,4.94,17,8482.39,9,2,16.8,3,0,0,0
PO003850,V0047,PACK,US,0.861,6.9,3.57,14,3284.17,8,4,5.5,0,1,1,0
PO003851,V0030,PACK,MX,0.97,9.5,3.52,19,6798.87,4,4,9.4,5,0,0,1
PO003852,V0057,FINISH,US,0.768,15.2,3.8,17,47352.18,8,3,15.6,6,0,0,1
PO003853,V0067,FINISH,DE,0.709,27.6,4.37,19,3201.61,7,4,29.1,4,0,0,1
PO003854,V0084,PACK,IN,0.592,5.4,3.15,16,5394.36,3,4,6.0,6,0,1,1
PO003855,V0038,RAW,US,0.858,12.8,2.44,10,31539.37,4,1,9.0,4,0,0,0
PO003856,V0048,PACK,MX,0.846,9.8,4.62,11,11989.67,4,2,10.1,2,0,0,1
PO003857,V0012,FINISH,US,0.73,24.7,3.25,18,7161.69,7,5,21.9,3,0,0,1
PO003858,V0053,SERVICE,US,0.98,4.3,4.58,14,13515.13,9,2,5.6,4,0,0,1
PO003859,V0059,PACK,IN,0.786,5.6,2.97,7,4879.44,2,2,1.2,3,0,0,1
PO003860,V0032,SERVICE,MX,0.694,6.7,2.48,12,12648.04,5,2,8.8,3,0,0,1
PO003861,V0041,RAW,DE,0.93,9.9,1.69,10,7995.98,10,2,7.9,5,0,0,1
PO003862,V0004,FINISH,DE,0.824,16.8,3.06,16,38716.3,4,5,17.1,0,0,0,1
PO003863,V0038,RAW,US,0.858,12.8,2.44,10,4496.06,3,3,9.0,1,0,0,1
PO003864,V0002,SERVICE,US,0.98,6.3,1.85,11,1791.46,2,2,5.4,1,0,0,1
PO003865,V0007,RAW,CN,0.794,7.6,1.78,6,2389.55,2,4,7.2,1,0,0,1
PO003866,V0067,FINISH,DE,0.709,27.6,4.37,19,1825.4,8,5,28.0,6,0,0,0
PO003867,V0036,FINISH,IN,0.606,23.8,4.18,21,37251.89,6,4,24.7,4,0,0,1
PO003868,V0094,FINISH,CN,0.66,16.0,4.18,11,19494.91,5,3,19.3,2,0,0,1
PO003869,V0054,RAW,MX,0.782,9.2,4.8,24,12027.97,4,2,7.9,1,0,0,0
PO003870,V0076,RAW,US,0.841,8.0,3.56,11,3505.69,3,1,7.9,0,0,0,1
PO003871,V0099,FINISH,US,0.857,24.7,4.51,13,28020.55,5,3,26.0,1,0,0,0
PO003872,V0036,FINISH,IN,0.606,23.8,4.18,21,12662.07,9,3,19.9,0,1,1,0
PO003873,V0017,FINISH,IN,0.701,19.8,1.89,10,5738.14,8,5,19.0,4,0,0,1
PO003874,V0033,RAW,IN,0.721,13.6,3.78,16,816.3,6,1,12.5,4,0,1,1
PO003875,V0028,RAW,CN,0.649,12.0,1.95,13,2836.72,3,2,9.8,6,0,1,0
PO003876,V0045,PACK,US,0.98,8.2,1.18,13,2167.14,8,2,5.9,0,0,1,1
PO003877,V0083,RAW,US,0.785,7.8,4.56,16,723.96,5,3,5.2,6,0,0,1
PO003878,V0053,SERVICE,US,0.98,4.3,4.58,14,7293.25,3,1,1.6,2,0,0,1
PO003879,V0003,PACK,DE,0.708,8.1,1.56,12,9461.63,10,5,8.3,1,0,0,0
PO003880,V0052,SERVICE,DE,0.824,6.4,2.72,18,17495.97,5,1,6.9,6,0,1,1
PO003881,V0080,FINISH,IN,0.721,16.6,1.84,13,5186.93,2,4,17.2,2,0,1,1
PO003882,V0066,PACK,CN,0.769,9.7,4.46,6,15359.37,5,1,8.0,5,0,0,1
PO003883,V0021,FINISH,US,0.98,22.9,3.14,9,481.12,6,4,24.8,6,0,0,1
PO003884,V0046,FINISH,CN,0.577,23.2,1.65,8,29584.17,5,3,25.9,4,1,0,1
PO003885,V0059,PACK,IN,0.786,5.6,2.97,7,5577.3,6,2,7.3,6,0,0,1
PO003886,V0090,RAW,CN,0.774,7.8,3.44,12,17260.0,4,1,9.0,4,0,1,1
PO003887,V0022,RAW,DE,0.74,7.3,3.36,17,10958.31,6,2,8.2,6,0,0,1
PO003888,V0008,RAW,DE,0.897,12.8,2.43,12,950.68,6,2,6.2,0,0,0,1
PO003889,V0065,FINISH,DE,0.79,26.8,4.29,23,11794.36,4,3,25.8,3,0,0,1
PO003890,V0037,RAW,DE,0.831,10.3,3.17,12,9901.43,3,1,9.8,6,1,0,0
PO003891,V0073,PACK,DE,0.853,7.6,4.13,14,54835.6,6,1,5.6,6,0,0,1
PO003892,V0098,FINISH,US,0.629,22.7,3.13,10,3378.5,3,4,23.5,4,1,0,1
PO003893,V0041,RAW,DE,0.93,9.9,1.69,10,3339.38,4,4,10.7,6,1,0,0
PO003894,V0048,PACK,MX,0.846,9.8,4.62,11,8258.96,4,4,9.9,4,1,0,0
PO003895,V0068,RAW,DE,0.98,7.4,4.46,20,6126.21,1,2,5.9,5,0,0,1
PO003896,V0090,RAW,CN,0.774,7.8,3.44,12,22892.37,5,1,8.6,2,0,0,1
PO003897,V0011,RAW,DE,0.769,12.1,3.55,21,2850.39,4,2,11.2,5,0,0,1
PO003898,V0081,PACK,CN,0.884,5.2,2.01,15,1243.51,5,3,5.8,2,0,0,1
PO003899,V0064,RAW,CN,0.639,13.8,4.94,17,4636.92,3,3,15.7,6,0,0,0
PO003900,V0045,PACK,US,0.98,8.2,1.18,13,32583.51,5,1,7.1,0,0,0,1
PO003901,V0003,PACK,DE,0.708,8.1,1.56,12,13924.34,4,4,8.3,2,0,0,0
PO003902,V0022,RAW,DE,0.74,7.3,3.36,17,6140.24,3,1,6.7,0,1,1,1
PO003903,V0005,RAW,CN,0.66,11.8,2.76,10,12612.23,4,4,13.9,2,0,0,1
PO003904,V0099,FINISH,US,0.857,24.7,4.51,13,5736.72,5,4,25.3,1,0,0,1
PO003905,V0089,PACK,MX,0.613,8.8,1.75,13,11254.22,8,3,9.1,5,0,0,1
PO003906,V0077,PACK,IN,0.601,6.0,1.16,11,25070.35,7,2,5.6,2,0,0,0
PO003907,V0035,FINISH,CN,0.582,25.3,4.24,15,2349.96,3,5,24.7,1,1,0,1
PO003908,V0040,SERVICE,CN,0.742,5.1,2.29,19,9326.33,2,1,7.9,2,0,0,0
PO003909,V0088,FINISH,MX,0.697,25.4,2.03,11,57769.75,3,4,25.7,6,0,0,0
PO003910,V0059,PACK,IN,0.786,5.6,2.97,7,9050.02,5,3,3.3,0,0,0,0
PO003911,V0049,RAW,US,0.878,7.5,2.28,20,1517.39,2,4,7.0,1,0,0,1
PO003912,V0049,RAW,US,0.878,7.5,2.28,20,13085.24,6,3,4.7,3,0,0,1
PO003913,V0076,RAW,US,0.841,8.0,3.56,11,17082.28,4,3,8.6,1,0,1,0
PO003914,V0095,FINISH,US,0.879,19.0,4.51,14,3004.77,7,5,17.6,1,1,0,0
PO003915,V0024,RAW,DE,0.927,13.5,4.51,12,14596.72,5,2,13.6,5,0,0,1
PO003916,V0078,RAW,US,0.9,7.8,2.84,11,2321.76,3,5,7.1,4,0,0,0
PO003917,V0009,FINISH,US,0.782,14.1,4.26,17,29170.1,7,5,15.2,1,0,0,1
PO003918,V0035,FINISH,CN,0.582,25.3,4.24,15,2828.04,6,4,24.2,1,0,0,1
PO003919,V0100,FINISH,US,0.802,15.8,2.59,19,16205.28,6,5,15.2,5,1,0,0
PO003920,V0062,FINISH,DE,0.881,22.2,4.6,6,26919.59,6,3,21.6,2,0,1,1
PO003921,V0015,FINISH,MX,0.872,25.3,1.75,21,14682.14,2,4,28.4,2,0,0,1
PO003922,V0054,RAW,MX,0.782,9.2,4.8,24,9532.9,5,4,12.1,1,1,1,0
PO003923,V0052,SERVICE,DE,0.824,6.4,2.72,18,115029.28,6,2,10.2,5,0,0,1
PO003924,V0060,FINISH,US,0.834,24.4,3.33,25,83637.19,6,4,22.6,0,0,0,1
PO003925,V0054,RAW,MX,0.782,9.2,4.8,24,112007.58,2,2,10.1,4,0,1,1
PO003926,V0053,SERVICE,US,0.98,4.3,4.58,14,55559.01,6,2,3.4,2,0,0,1
PO003927,V0030,PACK,MX,0.97,9.5,3.52,19,1304.12,7,3,9.1,5,0,0,0
PO003928,V0021,FINISH,US,0.98,22.9,3.14,9,10863.1,4,3,22.5,0,0,1,0
PO003929,V0069,RAW,DE,0.892,8.6,3.69,16,19970.27,4,2,7.3,1,0,0,1
PO003930,V0057,FINISH,US,0.768,15.2,3.8,17,66287.88,5,5,15.1,6,0,0,0
PO003931,V0036,FINISH,IN,0.606,23.8,4.18,21,5868.52,4,4,23.3,1,0,0,0
PO003932,V0097,FINISH,US,0.933,26.7,3.5,16,24163.27,5,3,26.1,4,1,1,1
PO003933,V0084,PACK,IN,0.592,5.4,3.15,16,13919.17,6,2,6.5,5,0,0,0
PO003934,V0024,RAW,DE,0.927,13.5,4.51,12,2338.28,2,2,13.0,0,0,0,1
PO003935,V0068,RAW,DE,0.98,7.4,4.46,20,9223.05,0,3,6.3,0,1,0,1
PO003936,V0019,RAW,DE,0.886,7.4,2.11,21,8851.5,4,2,7.1,4,0,0,1
PO003937,V0097,FINISH,US,0.933,26.7,3.5,16,30881.66,6,5,26.3,4,0,0,1
PO003938,V0015,FINISH,MX,0.872,25.3,1.75,21,62326.23,9,5,26.4,6,1,0,1
PO003939,V0059,PACK,IN,0.786,5.6,2.97,7,25171.71,5,3,4.4,1,0,0,1
PO003940,V0009,FINISH,US,0.782,14.1,4.26,17,9504.36,6,4,17.1,5,0,0,0
PO003941,V0002,SERVICE,US,0.98,6.3,1.85,11,56107.95,8,1,8.8,1,0,0,1
PO003942,V0034,SERVICE,CN,0.595,3.6,3.07,20,9491.21,4,2,4.1,5,0,0,0
PO003943,V0046,FINISH,CN,0.577,23.2,1.65,8,33463.12,5,5,25.1,4,0,0,0
PO003944,V0051,FINISH,CN,0.637,24.5,4.23,13,6419.54,5,5,20.7,5,0,1,0
PO003945,V0090,RAW,CN,0.774,7.8,3.44,12,9882.77,4,3,3.6,1,1,0,1
PO003946,V0088,FINISH,MX,0.697,25.4,2.03,11,1695.2,4,3,24.7,2,0,0,1
PO003947,V0093,SERVICE,DE,0.917,6.8,1.72,8,76893.34,4,2,6.9,0,0,0,1
PO003948,V0036,FINISH,IN,0.606,23.8,4.18,21,9255.11,4,3,23.4,2,0,0,1
PO003949,V0065,FINISH,DE,0.79,26.8,4.29,23,15662.51,7,4,25.9,1,0,0,1
PO003950,V0086,RAW,US,0.712,8.7,1.64,11,4276.95,10,4,9.6,2,0,0,1
PO003951,V0017,FINISH,IN,0.701,19.8,1.89,10,3345.81,3,3,18.4,4,0,0,0
PO003952,V0057,FINISH,US,0.768,15.2,3.8,17,32879.26,5,4,16.1,0,0,0,1
PO003953,V0088,FINISH,MX,0.697,25.4,2.03,11,17493.26,2,5,21.4,3,0,0,0
PO003954,V0033,RAW,IN,0.721,13.6,3.78,16,41446.94,9,2,13.2,3,0,0,0
PO003955,V0059,PACK,IN,0.786,5.6,2.97,7,1850.89,2,1,7.7,3,0,1,1
PO003956,V0066,PACK,CN,0.769,9.7,4.46,6,48303.9,2,1,7.8,6,0,0,1
PO003957,V0076,RAW,US,0.841,8.0,3.56,11,13300.77,8,1,6.0,5,0,0,1
PO003958,V0027,FINISH,US,0.879,14.1,1.64,15,6133.94,5,3,12.8,0,1,0,1
PO003959,V0018,RAW,MX,0.757,10.6,3.81,25,1963.07,3,2,10.5,1,0,0,0
PO003960,V0008,RAW,DE,0.897,12.8,2.43,12,2608.55,4,3,14.7,3,0,1,1
PO003961,V0033,RAW,IN,0.721,13.6,3.78,16,73652.49,1,1,13.7,4,0,0,0
PO003962,V0069,RAW,DE,0.892,8.6,3.69,16,4795.03,1,1,8.6,5,0,0,1
PO003963,V0097,FINISH,US,0.933,26.7,3.5,16,6015.12,3,5,26.8,5,1,1,1
PO003964,V0015,FINISH,MX,0.872,25.3,1.75,21,6184.67,6,3,24.6,2,0,0,1
PO003965,V0083,RAW,US,0.785,7.8,4.56,16,18860.38,4,1,7.3,4,0,1,0
PO003966,V0017,FINISH,IN,0.701,19.8,1.89,10,2240.72,5,4,22.9,4,0,0,0
PO003967,V0082,PACK,US,0.825,7.7,1.97,12,2627.44,6,1,7.1,1,0,0,1
PO003968,V0091,PACK,US,0.785,6.7,1.54,13,129158.49,7,5,5.9,0,0,0,0
PO003969,V0098,FINISH,US,0.629,22.7,3.13,10,23683.74,5,3,23.7,3,0,0,1
PO003970,V0089,PACK,MX,0.613,8.8,1.75,13,39914.23,4,3,8.9,2,1,1,0
PO003971,V0020,PACK,US,0.98,9.9,1.97,17,26320.2,5,2,9.6,4,1,1,0
PO003972,V0097,FINISH,US,0.933,26.7,3.5,16,131980.13,10,4,24.7,0,0,0,1
PO003973,V0074,SERVICE,IN,0.772,3.6,4.71,15,1122.09,7,1,3.8,3,0,1,0
PO003974,V0069,RAW,DE,0.892,8.6,3.69,16,5773.5,5,1,7.2,1,0,0,1
PO003975,V0010,RAW,IN,0.761,9.5,1.46,20,1481.96,4,1,8.5,0,0,0,1
PO003976,V0100,FINISH,US,0.802,15.8,2.59,19,45923.87,9,5,17.2,5,0,0,0
PO003977,V0041,RAW,DE,0.93,9.9,1.69,10,105.27,4,3,12.5,4,0,0,1
PO003978,V0096,PACK,DE,0.98,7.3,2.21,18,17025.07,5,1,8.0,5,0,1,1
PO003979,V0039,RAW,IN,0.627,7.4,3.13,15,5711.54,2,4,8.1,2,0,1,1
PO003980,V0017,FINISH,IN,0.701,19.8,1.89,10,9519.58,5,3,23.0,4,0,0,0
PO003981,V0034,SERVICE,CN,0.595,3.6,3.07,20,607.87,6,2,3.5,2,1,0,0
PO003982,V0003,PACK,DE,0.708,8.1,1.56,12,31730.4,2,1,5.5,5,0,0,1
PO003983,V0065,FINISH,DE,0.79,26.8,4.29,23,15259.41,8,4,26.4,2,0,0,0
PO003984,V0006,SERVICE,US,0.821,4.0,3.65,13,45893.62,5,1,2.8,3,0,0,0
PO003985,V0035,FINISH,CN,0.582,25.3,4.24,15,59254.46,8,4,24.5,0,1,1,0
PO003986,V0072,RAW,CN,0.817,8.0,1.06,13,3222.09,6,2,5.9,3,0,0,1
PO003987,V0100,FINISH,US,0.802,15.8,2.59,19,7211.06,4,5,11.1,0,1,0,1
PO003988,V0077,PACK,IN,0.601,6.0,1.16,11,14782.69,4,1,8.3,3,0,0,1
PO003989,V0059,PACK,IN,0.786,5.6,2.97,7,184152.75,4,4,7.3,0,0,1,1
PO003990,V0062,FINISH,DE,0.881,22.2,4.6,6,6995.0,6,3,21.4,5,1,1,1
PO003991,V0068,RAW,DE,0.98,7.4,4.46,20,1279.74,4,2,8.5,2,1,0,1
PO003992,V0073,PACK,DE,0.853,7.6,4.13,14,47765.48,3,3,6.5,1,0,0,1
PO003993,V0016,FINISH,IN,0.733,18.5,1.44,12,3904.31,5,3,20.9,3,0,0,1
PO003994,V0004,FINISH,DE,0.824,16.8,3.06,16,1502.09,7,5,17.8,5,0,0,1
PO003995,V0056,PACK,US,0.729,7.2,4.55,13,43465.45,4,2,5.5,0,0,0,0
PO003996,V0018,RAW,MX,0.757,10.6,3.81,25,31681.52,5,3,12.0,4,0,0,1
PO003997,V0092,FINISH,US,0.855,24.6,3.38,15,2309.17,8,3,27.0,1,0,1,1
PO003998,V0098,FINISH,US,0.629,22.7,3.13,10,36056.65,7,5,23.1,5,0,1,1
PO003999,V0026,RAW,DE,0.898,12.1,4.59,17,2477.49,5,2,12.4,1,0,0,1
PO004000,V0017,FINISH,IN,0.701,19.8,1.89,10,1000.47,3,5,22.1,6,0,0,1
PO004001,V0096,PACK,DE,0.98,7.3,2.21,18,39060.43,5,3,8.5,5,0,0,1
PO004002,V0060,FINISH,US,0.834,24.4,3.33,25,22287.42,8,3,22.7,5,0,0,0
PO004003,V0052,SERVICE,DE,0.824,6.4,2.72,18,6198.77,8,1,7.5,3,0,0,0
PO004004,V0049,RAW,US,0.878,7.5,2.28,20,1705.77,7,1,4.9,4,0,0,1
PO004005,V0033,RAW,IN,0.721,13.6,3.78,16,5131.44,4,2,10.4,5,0,0,1
PO004006,V0009,FINISH,US,0.782,14.1,4.26,17,3294.51,3,5,12.7,6,0,1,0
PO004007,V0026,RAW,DE,0.898,12.1,4.59,17,23136.03,4,2,9.2,0,0,0,1
PO004008,V0082,PACK,US,0.825,7.7,1.97,12,5518.09,5,3,7.2,3,0,0,1
PO004009,V0100,FINISH,US,0.802,15.8,2.59,19,34759.42,4,4,19.9,0,0,0,0
PO004010,V0059,PACK,IN,0.786,5.6,2.97,7,5825.17,3,4,4.5,0,0,0,1
PO004011,V0022,RAW,DE,0.74,7.3,3.36,17,6231.82,7,2,9.3,3,1,0,1
PO004012,V0015,FINISH,MX,0.872,25.3,1.75,21,3655.5,3,3,26.1,5,0,1,1
PO004013,V0006,SERVICE,US,0.821,4.0,3.65,13,39646.27,6,1,6.9,6,0,0,1
PO004014,V0037,RAW,DE,0.831,10.3,3.17,12,37801.08,2,4,13.6,5,1,0,1
PO004015,V0037,RAW,DE,0.831,10.3,3.17,12,32544.77,7,4,7.9,5,0,0,1
PO004016,V0006,SERVICE,US,0.821,4.0,3.65,13,6959.37,6,2,1.0,2,1,0,1
PO004017,V0039,RAW,IN,0.627,7.4,3.13,15,1340.93,6,1,6.6,0,1,1,1
PO004018,V0031,PACK,CN,0.783,6.4,1.1,17,113332.73,5,2,4.5,4,1,0,0
PO004019,V0049,RAW,US,0.878,7.5,2.28,20,1073.4,8,1,8.4,5,0,0,1
PO004020,V0071,PACK,CN,0.695,5.7,1.12,18,1692.92,3,2,4.0,1,0,1,1
PO004021,V0011,RAW,DE,0.769,12.1,3.55,21,13925.54,3,3,12.4,0,0,0,0
PO004022,V0052,SERVICE,DE,0.824,6.4,2.72,18,5029.32,5,2,2.4,1,0,0,1
PO004023,V0077,PACK,IN,0.601,6.0,1.16,11,6953.1,0,4,9.0,4,1,0,0
PO004024,V0083,RAW,US,0.785,7.8,4.56,16,915.58,5,1,8.9,2,0,0,0
PO004025,V0087,FINISH,US,0.855,19.7,4.93,9,12441.65,5,5,17.6,5,0,1,1
PO004026,V0030,PACK,MX,0.97,9.5,3.52,19,39335.28,3,4,10.7,1,0,0,1
PO004027,V0034,SERVICE,CN,0.595,3.6,3.07,20,7475.6,4,1,3.1,6,0,0,0
PO004028,V0011,RAW,DE,0.769,12.1,3.55,21,33252.51,1,3,13.0,5,0,0,1
PO004029,V0015,FINISH,MX,0.872,25.3,1.75,21,16549.86,5,5,26.7,2,0,0,1
PO004030,V0008,RAW,DE,0.897,12.8,2.43,12,1275.53,8,2,12.5,0,1,0,1
PO004031,V0050,RAW,IN,0.638,7.8,3.79,16,4127.57,3,3,6.9,1,0,0,0
PO004032,V0026,RAW,DE,0.898,12.1,4.59,17,24856.68,4,2,7.9,5,0,0,0
PO004033,V0086,RAW,US,0.712,8.7,1.64,11,7602.56,2,2,7.6,4,0,0,1
PO004034,V0084,PACK,IN,0.592,5.4,3.15,16,1280.57,4,5,5.1,1,0,0,0
PO004035,V0071,PACK,CN,0.695,5.7,1.12,18,6194.34,7,2,9.0,4,0,0,1
PO004036,V0052,SERVICE,DE,0.824,6.4,2.72,18,12000.86,6,2,7.0,5,0,0,1
PO004037,V0036,FINISH,IN,0.606,23.8,4.18,21,48013.97,2,3,22.3,0,0,0,1
PO004038,V0036,FINISH,IN,0.606,23.8,4.18,21,4030.27,5,4,20.7,2,0,0,1
PO004039,V0075,SERVICE,DE,0.673,5.5,1.96,8,12232.49,9,2,4.2,6,0,0,1
PO004040,V0031,PACK,CN,0.783,6.4,1.1,17,3051.9,6,3,6.4,4,0,0,1
PO004041,V0043,RAW,DE,0.98,7.1,1.46,6,14234.35,3,2,7.7,4,0,1,0
PO004042,V0066,PACK,CN,0.769,9.7,4.46,6,4232.18,7,1,9.1,4,0,0,1
PO004043,V0051,FINISH,CN,0.637,24.5,4.23,13,8490.3,5,5,25.3,5,0,0,0
PO004044,V0056,PACK,US,0.729,7.2,4.55,13,18716.25,7,3,4.8,2,0,1,0
PO004045,V0006,SERVICE,US,0.821,4.0,3.65,13,2725.19,2,1,3.2,6,0,0,1
PO004046,V0039,RAW,IN,0.627,7.4,3.13,15,5002.0,5,2,6.8,6,0,0,1
PO004047,V0009,FINISH,US,0.782,14.1,4.26,17,7371.54,5,3,14.1,0,0,0,0
PO004048,V0037,RAW,DE,0.831,10.3,3.17,12,64687.65,1,3,8.8,3,0,0,1
PO004049,V0012,FINISH,US,0.73,24.7,3.25,18,6630.32,6,5,29.4,0,0,0,1
PO004050,V0041,RAW,DE,0.93,9.9,1.69,10,13149.51,3,3,11.1,1,0,0,1
PO004051,V0095,FINISH,US,0.879,19.0,4.51,14,3898.51,6,4,20.9,0,0,0,0
PO004052,V0011,RAW,DE,0.769,12.1,3.55,21,5803.97,8,1,12.4,3,0,0,1
PO004053,V0098,FINISH,US,0.629,22.7,3.13,10,32732.03,2,4,23.8,3,0,0,0
PO004054,V0048,PACK,MX,0.846,9.8,4.62,11,3685.82,2,2,10.6,3,0,0,1
PO004055,V0065,FINISH,DE,0.79,26.8,4.29,23,3466.78,3,3,24.8,5,1,0,1
PO004056,V0097,FINISH,US,0.933,26.7,3.5,16,20864.79,6,4,28.8,3,0,1,1
PO004057,V0005,RAW,CN,0.66,11.8,2.76,10,18107.73,1,1,12.7,5,0,0,1
PO004058,V0080,FINISH,IN,0.721,16.6,1.84,13,26981.59,7,5,15.4,6,0,0,1
PO004059,V0100,FINISH,US,0.802,15.8,2.59,19,43044.69,7,3,12.6,1,0,0,1
PO004060,V0014,FINISH,DE,0.85,17.2,1.31,12,7387.26,9,3,19.7,6,0,0,1
PO004061,V0083,RAW,US,0.785,7.8,4.56,16,32294.18,5,3,7.6,5,0,0,0
PO004062,V0002,SERVICE,US,0.98,6.3,1.85,11,13612.62,4,1,6.1,0,0,0,0
PO004063,V0058,SERVICE,US,0.874,4.5,2.48,13,4473.67,6,2,6.6,6,0,1,1
PO004064,V0099,FINISH,US,0.857,24.7,4.51,13,13171.23,3,4,21.5,4,0,0,1
PO004065,V0034,SERVICE,CN,0.595,3.6,3.07,20,1853.53,7,1,3.4,3,0,0,1
PO004066,V0005,RAW,CN,0.66,11.8,2.76,10,2542.48,4,1,12.9,3,0,0,0
PO004067,V0060,FINISH,US,0.834,24.4,3.33,25,165490.71,6,3,26.5,6,0,0,1
PO004068,V0061,FINISH,US,0.872,15.0,3.22,16,27351.69,2,5,15.7,6,0,1,0
PO004069,V0040,SERVICE,CN,0.742,5.1,2.29,19,16514.53,6,1,2.6,0,0,0,1
PO004070,V0044,FINISH,IN,0.629,20.6,1.39,15,10398.47,8,3,20.7,2,0,0,0
PO004071,V0004,FINISH,DE,0.824,16.8,3.06,16,12850.44,8,4,16.2,1,0,0,0
PO004072,V0077,PACK,IN,0.601,6.0,1.16,11,1740.47,7,3,8.4,3,1,1,0
PO004073,V0017,FINISH,IN,0.701,19.8,1.89,10,890.96,7,4,19.8,5,0,0,0
PO004074,V0003,PACK,DE,0.708,8.1,1.56,12,32537.3,4,4,7.8,3,0,1,1
PO004075,V0004,FINISH,DE,0.824,16.8,3.06,16,11086.82,3,5,19.7,1,0,0,1
PO004076,V0049,RAW,US,0.878,7.5,2.28,20,5380.08,6,2,4.2,1,0,0,1
PO004077,V0089,PACK,MX,0.613,8.8,1.75,13,4754.45,7,2,9.0,1,0,0,0
PO004078,V0036,FINISH,IN,0.606,23.8,4.18,21,10023.87,6,4,24.5,3,1,0,1
PO004079,V0018,RAW,MX,0.757,10.6,3.81,25,9419.39,5,1,9.5,6,0,0,0
PO004080,V0054,RAW,MX,0.782,9.2,4.8,24,87754.55,5,4,8.4,4,1,0,1
PO004081,V0083,RAW,US,0.785,7.8,4.56,16,16910.38,7,4,9.9,5,1,1,0
PO004082,V0093,SERVICE,DE,0.917,6.8,1.72,8,31382.41,4,1,8.6,0,0,1,1
PO004083,V0100,FINISH,US,0.802,15.8,2.59,19,7899.99,3,5,11.3,5,0,0,1
PO004084,V0014,FINISH,DE,0.85,17.2,1.31,12,9094.21,3,4,16.0,0,0,0,1
PO004085,V0023,RAW,CN,0.614,11.8,2.55,22,16377.89,4,3,11.9,5,0,1,1
PO004086,V0080,FINISH,IN,0.721,16.6,1.84,13,41457.68,6,4,16.3,1,1,0,0
PO004087,V0001,SERVICE,DE,0.945,3.6,1.62,16,3462.87,6,2,4.7,6,1,0,1
PO004088,V0066,PACK,CN,0.769,9.7,4.46,6,11214.47,8,3,9.5,0,0,0,0
PO004089,V0068,RAW,DE,0.98,7.4,4.46,20,5777.23,5,3,9.2,3,0,0,1
PO004090,V0036,FINISH,IN,0.606,23.8,4.18,21,8694.61,5,3,22.8,2,0,0,0
PO004091,V0016,FINISH,IN,0.733,18.5,1.44,12,132135.43,7,5,19.8,1,1,0,0
PO004092,V0065,FINISH,DE,0.79,26.8,4.29,23,15724.77,3,3,24.3,2,0,0,0
PO004093,V0081,PACK,CN,0.884,5.2,2.01,15,4503.51,6,3,4.6,6,0,0,0
PO004094,V0032,SERVICE,MX,0.694,6.7,2.48,12,16867.42,5,2,5.4,4,0,0,0
PO004095,V0033,RAW,IN,0.721,13.6,3.78,16,1745.97,2,1,14.8,0,0,1,1
PO004096,V0048,PACK,MX,0.846,9.8,4.62,11,32813.97,8,5,7.7,0,0,1,1
PO004097,V0038,RAW,US,0.858,12.8,2.44,10,12167.9,6,2,13.7,4,0,0,1
PO004098,V0035,FINISH,CN,0.582,25.3,4.24,15,986.23,2,4,25.3,1,1,0,0
PO004099,V0065,FINISH,DE,0.79,26.8,4.29,23,13005.35,3,5,28.6,0,1,0,1
PO004100,V0014,FINISH,DE,0.85,17.2,1.31,12,7844.96,7,3,18.5,2,0,1,0
PO004101,V0009,FINISH,US,0.782,14.1,4.26,17,9973.11,5,3,16.9,1,0,0,1
PO004102,V0006,SERVICE,US,0.821,4.0,3.65,13,3215.03,6,1,5.7,2,0,0,1
PO004103,V0013,PACK,CN,0.729,6.6,3.03,21,28374.91,3,2,6.6,2,0,0,1
PO004104,V0069,RAW,DE,0.892,8.6,3.69,16,7577.84,6,5,11.4,2,0,0,1
PO004105,V0035,FINISH,CN,0.582,25.3,4.24,15,22142.15,6,4,28.6,2,0,0,0
PO004106,V0070,FINISH,US,0.901,21.3,4.09,15,11040.13,2,4,21.3,1,0,0,0
PO004107,V0057,FINISH,US,0.768,15.2,3.8,17,16700.0,3,5,16.0,3,1,1,0
PO004108,V0055,PACK,CN,0.619,8.4,4.01,9,12761.08,7,2,6.3,6,0,0,0
PO004109,V0020,PACK,US,0.98,9.9,1.97,17,6368.1,2,3,10.8,3,0,0,1
PO004110,V0003,PACK,DE,0.708,8.1,1.56,12,11414.57,4,2,9.6,5,1,0,0
PO004111,V0064,RAW,CN,0.639,13.8,4.94,17,1340.08,7,1,13.0,0,0,0,1
PO004112,V0074,SERVICE,IN,0.772,3.6,4.71,15,4200.8,11,2,3.3,4,0,0,0
PO004113,V0066,PACK,CN,0.769,9.7,4.46,6,2647.85,4,4,7.4,2,0,0,0
PO004114,V0006,SERVICE,US,0.821,4.0,3.65,13,659.45,7,1,4.3,4,0,0,0
PO004115,V0034,SERVICE,CN,0.595,3.6,3.07,20,4332.26,7,2,2.2,4,0,0,0
PO004116,V0077,PACK,IN,0.601,6.0,1.16,11,16031.94,12,3,8.1,3,0,0,0
PO004117,V0085,RAW,DE,0.792,11.5,3.28,16,10244.29,6,4,9.5,5,0,0,0
PO004118,V0032,SERVICE,MX,0.694,6.7,2.48,12,6718.83,5,2,9.6,5,0,0,1
PO004119,V0032,SERVICE,MX,0.694,6.7,2.48,12,3246.24,4,2,6.0,5,0,0,1
PO004120,V0097,FINISH,US,0.933,26.7,3.5,16,17667.42,2,3,29.1,0,0,0,1
PO004121,V0055,PACK,CN,0.619,8.4,4.01,9,2850.51,4,1,9.4,0,0,0,0
PO004122,V0015,FINISH,MX,0.872,25.3,1.75,21,6435.21,10,3,26.9,0,0,0,0
PO004123,V0020,PACK,US,0.98,9.9,1.97,17,13607.86,8,2,9.2,1,0,0,1
PO004124,V0090,RAW,CN,0.774,7.8,3.44,12,22601.33,7,1,10.5,0,0,0,1
PO004125,V0006,SERVICE,US,0.821,4.0,3.65,13,3929.0,4,2,6.7,2,0,0,0
PO004126,V0074,SERVICE,IN,0.772,3.6,4.71,15,5184.72,6,2,1.2,0,1,0,1
PO004127,V0064,RAW,CN,0.639,13.8,4.94,17,20367.35,7,2,13.8,5,0,0,0
PO004128,V0085,RAW,DE,0.792,11.5,3.28,16,38191.78,4,4,11.9,1,0,0,0
PO004129,V0024,RAW,DE,0.927,13.5,4.51,12,5196.59,9,3,13.9,5,1,0,1
PO004130,V0002,SERVICE,US,0.98,6.3,1.85,11,22327.68,5,1,6.2,2,0,1,1
PO004131,V0073,PACK,DE,0.853,7.6,4.13,14,3973.35,7,1,8.0,5,0,0,1
PO004132,V0061,FINISH,US,0.872,15.0,3.22,16,2113.25,6,4,15.3,0,0,0,1
PO004133,V0039,RAW,IN,0.627,7.4,3.13,15,10161.95,2,1,6.8,0,0,1,1
PO004134,V0039,RAW,IN,0.627,7.4,3.13,15,3699.84,5,2,8.7,0,0,0,0
PO004135,V0049,RAW,US,0.878,7.5,2.28,20,4279.05,8,3,4.9,3,0,0,1
PO004136,V0021,FINISH,US,0.98,22.9,3.14,9,318.32,4,4,27.3,0,1,0,0
PO004137,V0012,FINISH,US,0.73,24.7,3.25,18,23439.63,3,5,24.2,5,0,1,0
PO004138,V0013,PACK,CN,0.729,6.6,3.03,21,3274.74,4,3,4.5,6,0,0,0
PO004139,V0010,RAW,IN,0.761,9.5,1.46,20,12865.23,4,2,10.4,2,0,0,1
PO004140,V0052,SERVICE,DE,0.824,6.4,2.72,18,4411.94,5,2,4.9,0,0,0,0
PO004141,V0002,SERVICE,US,0.98,6.3,1.85,11,38984.87,4,1,6.0,0,1,0,1
PO004142,V0075,SERVICE,DE,0.673,5.5,1.96,8,19378.12,4,1,8.7,4,0,0,0
PO004143,V0008,RAW,DE,0.897,12.8,2.43,12,26528.29,7,3,13.9,0,1,1,0
PO004144,V0075,SERVICE,DE,0.673,5.5,1.96,8,2473.84,1,1,6.5,2,0,0,0
PO004145,V0034,SERVICE,CN,0.595,3.6,3.07,20,1616.13,3,1,8.5,5,0,0,0
PO004146,V0084,PACK,IN,0.592,5.4,3.15,16,1284.29,11,2,4.3,4,0,0,0
PO004147,V0069,RAW,DE,0.892,8.6,3.69,16,11540.35,8,2,7.8,4,0,0,1
PO004148,V0080,FINISH,IN,0.721,16.6,1.84,13,5154.85,4,5,19.1,3,0,0,0
PO004149,V0012,FINISH,US,0.73,24.7,3.25,18,4164.44,2,4,25.0,2,0,1,1
PO004150,V0098,FINISH,US,0.629,22.7,3.13,10,11254.23,5,4,20.6,4,0,0,1
PO004151,V0062,FINISH,DE,0.881,22.2,4.6,6,43367.77,2,5,18.9,5,0,0,1
PO004152,V0039,RAW,IN,0.627,7.4,3.13,15,43778.94,8,2,6.9,3,0,0,1
PO004153,V0039,RAW,IN,0.627,7.4,3.13,15,915.08,5,1,6.4,2,0,1,1
PO004154,V0011,RAW,DE,0.769,12.1,3.55,21,3955.68,4,1,12.5,1,0,0,0
PO004155,V0015,FINISH,MX,0.872,25.3,1.75,21,2972.21,5,4,26.5,6,0,1,1
PO004156,V0070,FINISH,US,0.901,21.3,4.09,15,8783.49,4,5,18.6,3,0,0,1
PO004157,V0010,RAW,IN,0.761,9.5,1.46,20,8004.02,5,5,12.6,0,0,0,1
PO004158,V0080,FINISH,IN,0.721,16.6,1.84,13,20178.51,5,4,18.2,5,0,0,0
PO004159,V0047,PACK,US,0.861,6.9,3.57,14,10076.42,4,3,8.9,3,0,0,1
PO004160,V0083,RAW,US,0.785,7.8,4.56,16,10935.37,8,1,6.6,5,1,0,0
PO004161,V0008,RAW,DE,0.897,12.8,2.43,12,10369.82,8,4,14.7,3,0,0,1
PO004162,V0007,RAW,CN,0.794,7.6,1.78,6,8385.88,1,3,5.4,0,0,0,1
PO004163,V0048,PACK,MX,0.846,9.8,4.62,11,2004.54,10,4,9.6,0,0,0,1
PO004164,V0095,FINISH,US,0.879,19.0,4.51,14,19686.66,5,3,17.4,1,0,0,1
PO004165,V0003,PACK,DE,0.708,8.1,1.56,12,19012.06,9,2,8.1,0,0,0,0
PO004166,V0052,SERVICE,DE,0.824,6.4,2.72,18,417.63,6,1,9.2,4,0,0,1
PO004167,V0084,PACK,IN,0.592,5.4,3.15,16,17815.1,6,1,5.9,3,1,0,0
PO004168,V0052,SERVICE,DE,0.824,6.4,2.72,18,6421.01,5,2,5.2,4,0,1,0
PO004169,V0098,FINISH,US,0.629,22.7,3.13,10,31223.66,4,3,26.3,4,0,1,0
PO004170,V0050,RAW,IN,0.638,7.8,3.79,16,10977.99,5,3,8.7,1,0,0,0
PO004171,V0060,FINISH,US,0.834,24.4,3.33,25,3288.73,7,3,20.1,5,0,0,0
PO004172,V0057,FINISH,US,0.768,15.2,3.8,17,33636.65,4,4,18.5,3,0,0,1
PO004173,V0050,RAW,IN,0.638,7.8,3.79,16,13640.96,7,3,5.3,2,0,0,0
PO004174,V0029,FINISH,CN,0.802,15.3,2.47,12,2423.32,2,4,14.2,5,0,0,0
PO004175,V0039,RAW,IN,0.627,7.4,3.13,15,4275.52,5,4,9.2,2,0,0,0
PO004176,V0093,SERVICE,DE,0.917,6.8,1.72,8,11448.84,10,1,8.7,5,0,1,0
PO004177,V0043,RAW,DE,0.98,7.1,1.46,6,3129.84,1,2,5.5,4,0,1,1
PO004178,V0036,FINISH,IN,0.606,23.8,4.18,21,25539.75,3,4,25.2,5,0,0,0
PO004179,V0030,PACK,MX,0.97,9.5,3.52,19,7420.39,5,2,10.3,2,0,0,1
PO004180,V0044,FINISH,IN,0.629,20.6,1.39,15,5349.36,1,3,20.5,3,0,0,1
PO004181,V0013,PACK,CN,0.729,6.6,3.03,21,4528.08,12,2,7.8,3,0,0,1
PO004182,V0072,RAW,CN,0.817,8.0,1.06,13,7118.69,6,5,9.4,0,0,1,0
PO004183,V0061,FINISH,US,0.872,15.0,3.22,16,22159.15,7,4,12.8,2,0,0,1
PO004184,V0031,PACK,CN,0.783,6.4,1.1,17,14663.44,6,3,7.4,5,0,0,0
PO004185,V0040,SERVICE,CN,0.742,5.1,2.29,19,9042.04,5,2,3.1,5,0,0,1
PO004186,V0006,SERVICE,US,0.821,4.0,3.65,13,4370.14,8,1,4.8,3,0,0,1
PO004187,V0053,SERVICE,US,0.98,4.3,4.58,14,24252.54,1,1,3.9,3,0,1,1
PO004188,V0038,RAW,US,0.858,12.8,2.44,10,9238.48,6,5,13.1,3,0,0,1
PO004189,V0027,FINISH,US,0.879,14.1,1.64,15,43060.7,8,4,15.3,0,0,1,1
PO004190,V0083,RAW,US,0.785,7.8,4.56,16,399.62,8,4,5.4,2,0,1,0
PO004191,V0024,RAW,DE,0.927,13.5,4.51,12,4927.83,8,2,14.4,3,0,0,1
PO004192,V0067,FINISH,DE,0.709,27.6,4.37,19,4395.89,7,4,28.5,6,1,1,0
PO004193,V0066,PACK,CN,0.769,9.7,4.46,6,8844.13,5,1,12.3,1,0,0,0
PO004194,V0075,SERVICE,DE,0.673,5.5,1.96,8,737.28,1,1,8.1,5,0,0,1
PO004195,V0022,RAW,DE,0.74,7.3,3.36,17,2353.6,4,2,8.8,5,0,0,0
PO004196,V0025,PACK,IN,0.539,5.5,4.59,21,39715.9,4,5,7.8,0,0,0,0
PO004197,V0045,PACK,US,0.98,8.2,1.18,13,5863.31,4,2,9.0,5,0,0,1
PO004198,V0096,PACK,DE,0.98,7.3,2.21,18,1660.69,5,2,7.7,4,0,0,1
PO004199,V0069,RAW,DE,0.892,8.6,3.69,16,18862.86,4,3,10.7,4,0,0,0
PO004200,V0030,PACK,MX,0.97,9.5,3.52,19,1523.1,4,1,7.3,0,0,0,1
PO004201,V0032,SERVICE,MX,0.694,6.7,2.48,12,8077.78,4,2,5.8,6,0,1,1
PO004202,V0073,PACK,DE,0.853,7.6,4.13,14,16737.9,5,3,6.8,6,1,0,1
PO004203,V0057,FINISH,US,0.768,15.2,3.8,17,13084.37,6,5,14.7,0,0,0,0
PO004204,V0015,FINISH,MX,0.872,25.3,1.75,21,17682.06,5,4,27.5,0,0,0,0
PO004205,V0040,SERVICE,CN,0.742,5.1,2.29,19,1077.49,3,2,3.0,0,1,0,1
PO004206,V0002,SERVICE,US,0.98,6.3,1.85,11,9690.33,2,1,6.2,4,0,0,1
PO004207,V0041,RAW,DE,0.93,9.9,1.69,10,9823.04,7,4,13.4,0,0,0,1
PO004208,V0011,RAW,DE,0.769,12.1,3.55,21,816.06,4,2,12.9,5,0,0,0
PO004209,V0054,RAW,MX,0.782,9.2,4.8,24,9088.17,3,1,7.8,1,0,0,0
PO004210,V0096,PACK,DE,0.98,7.3,2.21,18,1003.28,3,1,3.7,4,0,1,1
PO004211,V0095,FINISH,US,0.879,19.0,4.51,14,2853.06,2,4,17.2,3,0,0,0
PO004212,V0025,PACK,IN,0.539,5.5,4.59,21,34215.03,7,3,5.6,6,0,0,1
PO004213,V0035,FINISH,CN,0.582,25.3,4.24,15,7437.53,2,4,26.3,6,1,0,0
PO004214,V0017,FINISH,IN,0.701,19.8,1.89,10,1007.05,4,3,20.3,1,1,0,0
PO004215,V0019,RAW,DE,0.886,7.4,2.11,21,6214.68,4,3,8.4,0,0,0,1
PO004216,V0009,FINISH,US,0.782,14.1,4.26,17,5155.42,3,3,12.4,0,0,0,1
PO004217,V0053,SERVICE,US,0.98,4.3,4.58,14,3441.53,9,1,6.4,0,0,0,1
PO004218,V0029,FINISH,CN,0.802,15.3,2.47,12,1153.05,6,3,14.7,2,1,1,1
PO004219,V0006,SERVICE,US,0.821,4.0,3.65,13,516.64,2,2,1.9,2,0,1,1
PO004220,V0099,FINISH,US,0.857,24.7,4.51,13,9697.49,2,5,26.8,3,0,0,0
PO004221,V0019,RAW,DE,0.886,7.4,2.11,21,3431.71,6,1,7.9,5,0,0,1
PO004222,V0074,SERVICE,IN,0.772,3.6,4.71,15,3828.1,4,2,5.1,3,0,1,1
PO004223,V0004,FINISH,DE,0.824,16.8,3.06,16,9296.51,1,5,17.4,1,0,0,0
PO004224,V0043,RAW,DE,0.98,7.1,1.46,6,47409.6,3,4,9.7,0,0,1,1
PO004225,V0036,FINISH,IN,0.606,23.8,4.18,21,39625.87,8,4,25.4,3,0,0,0
PO004226,V0027,FINISH,US,0.879,14.1,1.64,15,5374.71,3,5,13.3,0,0,0,1
PO004227,V0065,FINISH,DE,0.79,26.8,4.29,23,26348.16,2,4,26.5,2,0,0,1
PO004228,V0076,RAW,US,0.841,8.0,3.56,11,8661.24,6,4,7.9,3,0,0,1
PO004229,V0004,FINISH,DE,0.824,16.8,3.06,16,19108.21,6,4,17.8,3,0,0,1
PO004230,V0092,FINISH,US,0.855,24.6,3.38,15,2193.74,2,3,22.4,3,1,0,1
PO004231,V0085,RAW,DE,0.792,11.5,3.28,16,9443.67,4,3,10.5,0,0,0,0
PO004232,V0033,RAW,IN,0.721,13.6,3.78,16,7364.93,8,2,16.5,4,1,0,1
PO004233,V0065,FINISH,DE,0.79,26.8,4.29,23,9531.75,4,3,25.5,5,0,0,1
PO004234,V0093,SERVICE,DE,0.917,6.8,1.72,8,8550.0,6,2,9.5,3,0,0,1
PO004235,V0069,RAW,DE,0.892,8.6,3.69,16,828.14,8,1,8.7,5,0,0,0
PO004236,V0071,PACK,CN,0.695,5.7,1.12,18,18717.61,5,3,3.2,3,0,0,0
PO004237,V0006,SERVICE,US,0.821,4.0,3.65,13,6899.5,8,1,4.5,5,0,0,1
PO004238,V0063,FINISH,MX,0.98,17.9,1.75,15,97907.9,5,4,15.5,2,0,0,1
PO004239,V0023,RAW,CN,0.614,11.8,2.55,22,2482.43,8,3,11.3,6,0,1,0
PO004240,V0051,FINISH,CN,0.637,24.5,4.23,13,13274.3,4,4,24.7,5,0,0,0
PO004241,V0062,FINISH,DE,0.881,22.2,4.6,6,21727.28,8,4,22.5,1,0,0,0
PO004242,V0081,PACK,CN,0.884,5.2,2.01,15,10960.15,4,2,5.9,3,0,0,1
PO004243,V0044,FINISH,IN,0.629,20.6,1.39,15,11586.41,3,4,21.8,6,0,0,1
PO004244,V0059,PACK,IN,0.786,5.6,2.97,7,73940.21,4,4,8.2,2,0,0,1
PO004245,V0060,FINISH,US,0.834,24.4,3.33,25,7076.49,7,4,22.6,3,0,0,0
PO004246,V0078,RAW,US,0.9,7.8,2.84,11,3413.44,9,2,9.8,3,0,0,1
PO004247,V0008,RAW,DE,0.897,12.8,2.43,12,8502.45,3,1,13.9,1,0,0,1
PO004248,V0080,FINISH,IN,0.721,16.6,1.84,13,18149.82,8,4,19.7,6,0,0,1
PO004249,V0006,SERVICE,US,0.821,4.0,3.65,13,5941.81,3,2,2.8,2,1,0,1
PO004250,V0054,RAW,MX,0.782,9.2,4.8,24,3597.14,8,4,9.8,2,0,0,1
PO004251,V0013,PACK,CN,0.729,6.6,3.03,21,12063.21,5,2,5.2,4,0,0,1
PO004252,V0004,FINISH,DE,0.824,16.8,3.06,16,6372.53,3,5,17.8,2,0,0,1
PO004253,V0080,FINISH,IN,0.721,16.6,1.84,13,15839.79,8,4,18.1,5,0,0,1
PO004254,V0046,FINISH,CN,0.577,23.2,1.65,8,51746.25,7,5,26.8,2,0,0,0
PO004255,V0043,RAW,DE,0.98,7.1,1.46,6,9737.38,6,1,8.0,2,0,0,1
PO004256,V0100,FINISH,US,0.802,15.8,2.59,19,17926.44,3,5,18.3,5,0,0,0
PO004257,V0011,RAW,DE,0.769,12.1,3.55,21,5546.32,3,1,9.8,6,0,1,1
PO004258,V0050,RAW,IN,0.638,7.8,3.79,16,15738.69,5,2,8.2,6,0,0,1
PO004259,V0009,FINISH,US,0.782,14.1,4.26,17,11753.93,8,4,17.7,6,0,0,0
PO004260,V0076,RAW,US,0.841,8.0,3.56,11,1653.8,5,3,9.9,5,0,0,0
PO004261,V0069,RAW,DE,0.892,8.6,3.69,16,40672.67,5,4,8.7,5,0,0,0
PO004262,V0005,RAW,CN,0.66,11.8,2.76,10,5517.4,10,2,9.2,4,0,1,0
PO004263,V0030,PACK,MX,0.97,9.5,3.52,19,9307.77,11,3,9.9,3,0,0,1
PO004264,V0082,PACK,US,0.825,7.7,1.97,12,21205.8,6,2,7.9,1,0,0,1
PO004265,V0052,SERVICE,DE,0.824,6.4,2.72,18,57140.9,5,1,6.6,4,0,0,1
PO004266,V0005,RAW,CN,0.66,11.8,2.76,10,3156.99,8,4,12.3,4,0,0,0
PO004267,V0056,PACK,US,0.729,7.2,4.55,13,21967.9,5,1,6.4,5,0,0,1
PO004268,V0064,RAW,CN,0.639,13.8,4.94,17,11164.06,3,4,12.7,2,0,0,0
PO004269,V0032,SERVICE,MX,0.694,6.7,2.48,12,24306.03,5,1,7.7,2,0,0,1
PO004270,V0084,PACK,IN,0.592,5.4,3.15,16,5831.51,8,4,9.6,0,0,0,1
PO004271,V0080,FINISH,IN,0.721,16.6,1.84,13,9134.25,7,3,15.3,3,0,0,1
PO004272,V0053,SERVICE,US,0.98,4.3,4.58,14,7003.31,6,1,7.5,4,0,0,1
PO004273,V0056,PACK,US,0.729,7.2,4.55,13,2267.71,6,1,10.4,2,0,0,1
PO004274,V0098,FINISH,US,0.629,22.7,3.13,10,2186.01,4,3,24.2,5,0,0,1
PO004275,V0098,FINISH,US,0.629,22.7,3.13,10,2495.49,5,3,22.3,6,1,0,0
PO004276,V0065,FINISH,DE,0.79,26.8,4.29,23,19154.18,4,3,24.3,1,1,0,1
PO004277,V0011,RAW,DE,0.769,12.1,3.55,21,7520.83,3,4,8.4,2,0,0,1
PO004278,V0091,PACK,US,0.785,6.7,1.54,13,40067.48,10,3,6.2,0,0,0,1
PO004279,V0009,FINISH,US,0.782,14.1,4.26,17,19206.06,3,3,10.6,5,0,1,0
PO004280,V0023,RAW,CN,0.614,11.8,2.55,22,153155.11,5,2,12.7,1,0,0,0
PO004281,V0054,RAW,MX,0.782,9.2,4.8,24,44476.23,4,5,10.0,2,0,0,1
PO004282,V0063,FINISH,MX,0.98,17.9,1.75,15,6122.22,5,5,19.2,3,1,0,0
PO004283,V0044,FINISH,IN,0.629,20.6,1.39,15,13678.15,4,4,17.9,3,0,0,1
PO004284,V0082,PACK,US,0.825,7.7,1.97,12,32477.55,2,4,8.7,5,0,0,0
PO004285,V0048,PACK,MX,0.846,9.8,4.62,11,1987.47,1,1,11.0,0,0,0,1
PO004286,V0065,FINISH,DE,0.79,26.8,4.29,23,2175.0,2,5,27.0,2,0,1,1
PO004287,V0034,SERVICE,CN,0.595,3.6,3.07,20,29167.56,9,2,5.4,0,0,0,1
PO004288,V0006,SERVICE,US,0.821,4.0,3.65,13,2896.18,9,2,6.5,2,0,0,0
PO004289,V0010,RAW,IN,0.761,9.5,1.46,20,2570.69,4,2,12.1,0,0,0,0
PO004290,V0085,RAW,DE,0.792,11.5,3.28,16,64102.9,6,1,10.4,4,1,0,0
PO004291,V0021,FINISH,US,0.98,22.9,3.14,9,413.29,4,4,25.2,3,0,0,1
PO004292,V0094,FINISH,CN,0.66,16.0,4.18,11,6964.27,4,5,17.9,0,1,1,1
PO004293,V0074,SERVICE,IN,0.772,3.6,4.71,15,16869.01,4,1,7.1,4,0,0,1
PO004294,V0070,FINISH,US,0.901,21.3,4.09,15,12123.86,5,5,21.6,0,1,1,1
PO004295,V0038,RAW,US,0.858,12.8,2.44,10,4005.38,9,3,10.7,5,0,1,1
PO004296,V0023,RAW,CN,0.614,11.8,2.55,22,9462.92,8,5,14.8,1,1,0,0
PO004297,V0045,PACK,US,0.98,8.2,1.18,13,4394.99,6,2,8.9,0,1,1,1
PO004298,V0028,RAW,CN,0.649,12.0,1.95,13,4753.54,13,1,10.2,2,0,0,0
PO004299,V0063,FINISH,MX,0.98,17.9,1.75,15,19745.72,5,5,18.1,2,0,1,1
PO004300,V0025,PACK,IN,0.539,5.5,4.59,21,4665.97,8,2,2.9,4,0,0,1
PO004301,V0040,SERVICE,CN,0.742,5.1,2.29,19,20411.0,5,1,6.1,4,0,0,1
PO004302,V0056,PACK,US,0.729,7.2,4.55,13,534.3,8,3,5.6,3,0,0,1
PO004303,V0053,SERVICE,US,0.98,4.3,4.58,14,23288.44,7,2,8.9,0,0,0,1
PO004304,V0071,PACK,CN,0.695,5.7,1.12,18,2886.12,4,1,5.7,4,0,0,1
PO004305,V0064,RAW,CN,0.639,13.8,4.94,17,60420.58,8,2,11.7,2,0,0,0
PO004306,V0014,FINISH,DE,0.85,17.2,1.31,12,14109.0,5,5,16.9,6,0,0,1
PO004307,V0011,RAW,DE,0.769,12.1,3.55,21,11190.23,5,1,10.5,5,1,0,1
PO004308,V0030,PACK,MX,0.97,9.5,3.52,19,9675.96,7,4,11.1,0,0,1,1
PO004309,V0097,FINISH,US,0.933,26.7,3.5,16,3088.77,4,3,28.9,4,0,1,0
PO004310,V0100,FINISH,US,0.802,15.8,2.59,19,47096.81,9,5,17.4,0,0,0,1
PO004311,V0026,RAW,DE,0.898,12.1,4.59,17,9135.81,8,3,17.4,4,0,1,1
PO004312,V0022,RAW,DE,0.74,7.3,3.36,17,1531.05,5,2,7.0,1,0,0,1
PO004313,V0029,FINISH,CN,0.802,15.3,2.47,12,10279.98,5,5,15.2,2,0,0,1
PO004314,V0057,FINISH,US,0.768,15.2,3.8,17,11620.95,14,3,15.5,0,1,1,0
PO004315,V0010,RAW,IN,0.761,9.5,1.46,20,65285.55,6,3,10.4,3,0,0,1
PO004316,V0048,PACK,MX,0.846,9.8,4.62,11,4485.85,4,4,10.5,1,0,0,0
PO004317,V0057,FINISH,US,0.768,15.2,3.8,17,13449.87,5,4,14.8,5,1,0,1
PO004318,V0059,PACK,IN,0.786,5.6,2.97,7,3935.8,5,1,4.7,0,0,0,1
PO004319,V0043,RAW,DE,0.98,7.1,1.46,6,8388.67,4,4,6.6,5,0,0,0
PO004320,V0043,RAW,DE,0.98,7.1,1.46,6,11497.38,4,2,9.9,3,0,0,1
PO004321,V0026,RAW,DE,0.898,12.1,4.59,17,4749.25,6,1,8.4,0,0,0,1
PO004322,V0056,PACK,US,0.729,7.2,4.55,13,6190.63,4,3,7.3,6,0,0,1
PO004323,V0006,SERVICE,US,0.821,4.0,3.65,13,6674.74,11,1,4.2,5,0,0,1
PO004324,V0043,RAW,DE,0.98,7.1,1.46,6,7925.87,5,2,3.8,2,0,0,1
PO004325,V0024,RAW,DE,0.927,13.5,4.51,12,8380.96,6,1,13.7,2,0,0,1
PO004326,V0082,PACK,US,0.825,7.7,1.97,12,45614.3,3,3,8.8,2,0,0,1
PO004327,V0070,FINISH,US,0.901,21.3,4.09,15,8167.83,6,3,21.7,4,0,0,1
PO004328,V0014,FINISH,DE,0.85,17.2,1.31,12,1804.4,6,3,15.4,2,0,1,1
PO004329,V0043,RAW,DE,0.98,7.1,1.46,6,16730.26,5,3,4.3,3,0,0,1
PO004330,V0055,PACK,CN,0.619,8.4,4.01,9,17225.58,4,2,6.5,6,0,0,1
PO004331,V0080,FINISH,IN,0.721,16.6,1.84,13,3515.56,5,3,16.6,4,0,0,1
PO004332,V0002,SERVICE,US,0.98,6.3,1.85,11,4694.77,7,2,3.6,1,0,0,1
PO004333,V0054,RAW,MX,0.782,9.2,4.8,24,16541.92,2,2,8.4,3,1,0,0
PO004334,V0090,RAW,CN,0.774,7.8,3.44,12,15668.88,7,2,9.4,6,0,0,1
PO004335,V0099,FINISH,US,0.857,24.7,4.51,13,15319.93,3,5,30.0,3,0,0,1
PO004336,V0001,SERVICE,DE,0.945,3.6,1.62,16,2793.48,6,2,5.7,1,0,0,1
PO004337,V0028,RAW,CN,0.649,12.0,1.95,13,1047.76,8,3,14.1,1,1,0,1
PO004338,V0025,PACK,IN,0.539,5.5,4.59,21,7433.98,3,3,4.4,5,0,0,1
PO004339,V0048,PACK,MX,0.846,9.8,4.62,11,12031.81,4,3,12.2,0,0,1,1
PO004340,V0039,RAW,IN,0.627,7.4,3.13,15,446.3,5,4,9.5,6,0,0,1
PO004341,V0023,RAW,CN,0.614,11.8,2.55,22,5098.49,9,2,13.2,5,0,0,1
PO004342,V0034,SERVICE,CN,0.595,3.6,3.07,20,9419.04,5,2,7.0,3,1,0,1
PO004343,V0055,PACK,CN,0.619,8.4,4.01,9,3046.51,3,1,6.9,3,0,1,1
PO004344,V0097,FINISH,US,0.933,26.7,3.5,16,12863.06,6,3,26.2,6,0,0,1
PO004345,V0076,RAW,US,0.841,8.0,3.56,11,8552.25,6,3,5.1,5,0,0,1
PO004346,V0008,RAW,DE,0.897,12.8,2.43,12,3846.0,3,2,14.1,6,0,0,1
PO004347,V0039,RAW,IN,0.627,7.4,3.13,15,1486.74,6,4,5.6,4,0,0,0
PO004348,V0031,PACK,CN,0.783,6.4,1.1,17,30585.07,7,2,7.3,0,0,0,1
PO004349,V0061,FINISH,US,0.872,15.0,3.22,16,1584.1,6,4,17.1,2,0,0,0
PO004350,V0021,FINISH,US,0.98,22.9,3.14,9,4678.49,2,5,24.4,1,0,0,1
PO004351,V0077,PACK,IN,0.601,6.0,1.16,11,7691.52,6,1,4.5,6,0,0,0
PO004352,V0001,SERVICE,DE,0.945,3.6,1.62,16,84828.86,5,1,6.2,2,0,0,1
PO004353,V0065,FINISH,DE,0.79,26.8,4.29,23,12348.41,3,4,26.7,3,0,0,1
PO004354,V0097,FINISH,US,0.933,26.7,3.5,16,8002.18,4,5,25.8,4,0,0,0
PO004355,V0039,RAW,IN,0.627,7.4,3.13,15,24486.0,4,4,5.7,3,0,0,1
PO004356,V0007,RAW,CN,0.794,7.6,1.78,6,2376.73,9,4,9.0,4,0,0,1
PO004357,V0010,RAW,IN,0.761,9.5,1.46,20,15567.61,6,5,8.5,2,0,0,0
PO004358,V0018,RAW,MX,0.757,10.6,3.81,25,80225.4,1,3,11.2,4,0,0,1
PO004359,V0032,SERVICE,MX,0.694,6.7,2.48,12,7467.26,5,2,6.7,5,0,0,0
PO004360,V0038,RAW,US,0.858,12.8,2.44,10,3698.58,5,1,17.8,5,0,0,1
PO004361,V0007,RAW,CN,0.794,7.6,1.78,6,15254.22,0,2,8.9,0,1,0,0
PO004362,V0039,RAW,IN,0.627,7.4,3.13,15,896.05,3,1,7.0,1,0,0,0
PO004363,V0031,PACK,CN,0.783,6.4,1.1,17,10550.36,2,1,7.1,3,0,0,0
PO004364,V0063,FINISH,MX,0.98,17.9,1.75,15,24407.92,1,4,17.6,1,1,0,1
PO004365,V0065,FINISH,DE,0.79,26.8,4.29,23,18367.25,6,4,27.5,2,0,0,1
PO004366,V0028,RAW,CN,0.649,12.0,1.95,13,9399.29,9,3,12.2,0,0,0,1
PO004367,V0069,RAW,DE,0.892,8.6,3.69,16,120218.51,1,1,9.2,2,0,1,1
PO004368,V0016,FINISH,IN,0.733,18.5,1.44,12,4852.56,6,4,19.4,5,0,0,1
PO004369,V0083,RAW,US,0.785,7.8,4.56,16,5040.59,2,4,7.7,5,0,0,1
PO004370,V0020,PACK,US,0.98,9.9,1.97,17,5967.33,5,1,6.7,0,0,0,1
PO004371,V0036,FINISH,IN,0.606,23.8,4.18,21,8996.87,2,4,30.2,2,1,0,0
PO004372,V0094,FINISH,CN,0.66,16.0,4.18,11,3778.55,5,3,17.5,5,0,0,1
PO004373,V0032,SERVICE,MX,0.694,6.7,2.48,12,2600.13,2,2,7.9,4,0,0,1
PO004374,V0011,RAW,DE,0.769,12.1,3.55,21,605.62,7,3,14.5,3,0,0,1
PO004375,V0099,FINISH,US,0.857,24.7,4.51,13,3640.37,3,4,23.8,2,0,1,1
PO004376,V0066,PACK,CN,0.769,9.7,4.46,6,10121.81,6,2,12.8,0,1,1,1
PO004377,V0079,FINISH,CN,0.65,26.2,4.68,7,49060.42,8,4,26.8,4,0,1,0
PO004378,V0059,PACK,IN,0.786,5.6,2.97,7,10513.07,5,2,3.9,0,0,0,0
PO004379,V0065,FINISH,DE,0.79,26.8,4.29,23,50616.33,6,5,25.8,4,0,0,0
PO004380,V0060,FINISH,US,0.834,24.4,3.33,25,10042.28,7,4,24.1,5,0,0,1
PO004381,V0045,PACK,US,0.98,8.2,1.18,13,10972.73,6,2,9.6,5,0,0,1
PO004382,V0093,SERVICE,DE,0.917,6.8,1.72,8,7730.09,1,2,5.5,6,0,1,1
PO004383,V0053,SERVICE,US,0.98,4.3,4.58,14,28229.09,5,1,2.3,2,0,1,1
PO004384,V0002,SERVICE,US,0.98,6.3,1.85,11,25535.2,9,2,8.7,0,0,0,0
PO004385,V0023,RAW,CN,0.614,11.8,2.55,22,9487.61,5,2,6.3,2,0,0,0
PO004386,V0009,FINISH,US,0.782,14.1,4.26,17,14228.95,3,5,17.6,0,1,0,0
PO004387,V0009,FINISH,US,0.782,14.1,4.26,17,4587.41,7,5,14.5,1,1,0,0
PO004388,V0002,SERVICE,US,0.98,6.3,1.85,11,6992.46,8,2,6.9,4,0,0,0
PO004389,V0045,PACK,US,0.98,8.2,1.18,13,4586.75,3,3,13.6,1,0,0,1
PO004390,V0030,PACK,MX,0.97,9.5,3.52,19,9873.77,6,3,12.5,0,1,1,1
PO004391,V0006,SERVICE,US,0.821,4.0,3.65,13,8057.04,7,1,2.6,2,0,0,1
PO004392,V0088,FINISH,MX,0.697,25.4,2.03,11,13355.54,3,5,26.6,0,0,0,0
PO004393,V0025,PACK,IN,0.539,5.5,4.59,21,2879.8,6,2,8.3,5,0,0,0
PO004394,V0037,RAW,DE,0.831,10.3,3.17,12,15552.43,4,3,10.2,1,0,0,0
PO004395,V0079,FINISH,CN,0.65,26.2,4.68,7,1482.8,6,5,24.2,5,0,0,1
PO004396,V0074,SERVICE,IN,0.772,3.6,4.71,15,1710.71,1,1,4.9,6,0,0,1
PO004397,V0036,FINISH,IN,0.606,23.8,4.18,21,9757.3,6,3,25.6,3,0,1,0
PO004398,V0041,RAW,DE,0.93,9.9,1.69,10,11415.5,6,2,7.6,2,0,0,1
PO004399,V0071,PACK,CN,0.695,5.7,1.12,18,24965.38,6,2,5.9,2,0,1,1
PO004400,V0061,FINISH,US,0.872,15.0,3.22,16,2488.78,6,4,13.2,4,0,1,0
PO004401,V0026,RAW,DE,0.898,12.1,4.59,17,3044.67,6,3,13.8,6,0,0,1
PO004402,V0025,PACK,IN,0.539,5.5,4.59,21,48828.55,4,3,3.3,5,1,0,0
PO004403,V0038,RAW,US,0.858,12.8,2.44,10,11254.49,7,3,12.3,3,0,0,1
PO004404,V0096,PACK,DE,0.98,7.3,2.21,18,8425.42,5,3,7.9,4,0,0,1
PO004405,V0070,FINISH,US,0.901,21.3,4.09,15,10667.57,5,5,20.5,2,1,0,1
PO004406,V0034,SERVICE,CN,0.595,3.6,3.07,20,2263.19,3,1,2.6,2,0,0,1
PO004407,V0076,RAW,US,0.841,8.0,3.56,11,9350.4,7,1,5.7,4,0,0,0
PO004408,V0086,RAW,US,0.712,8.7,1.64,11,2369.62,5,2,7.3,4,0,0,0
PO004409,V0048,PACK,MX,0.846,9.8,4.62,11,6763.04,2,1,12.5,6,0,1,1
PO004410,V0050,RAW,IN,0.638,7.8,3.79,16,81035.54,3,3,10.7,2,0,0,0
PO004411,V0062,FINISH,DE,0.881,22.2,4.6,6,3083.06,7,4,22.2,4,0,0,1
PO004412,V0043,RAW,DE,0.98,7.1,1.46,6,3397.52,7,1,9.8,4,0,0,1
PO004413,V0028,RAW,CN,0.649,12.0,1.95,13,5077.36,9,1,11.5,6,0,0,1
PO004414,V0027,FINISH,US,0.879,14.1,1.64,15,6784.87,3,4,13.7,4,0,0,0
PO004415,V0013,PACK,CN,0.729,6.6,3.03,21,4014.16,5,2,5.8,1,0,0,1
PO004416,V0097,FINISH,US,0.933,26.7,3.5,16,21803.49,3,4,24.9,1,0,0,1
PO004417,V0006,SERVICE,US,0.821,4.0,3.65,13,3610.46,7,2,4.6,4,0,0,0
PO004418,V0033,RAW,IN,0.721,13.6,3.78,16,59996.8,10,1,11.1,3,0,0,0
PO004419,V0043,RAW,DE,0.98,7.1,1.46,6,7192.15,5,1,5.4,0,0,1,1
PO004420,V0042,FINISH,CN,0.807,23.2,2.12,16,24606.99,7,5,21.0,4,0,0,1
PO004421,V0014,FINISH,DE,0.85,17.2,1.31,12,23895.87,5,4,15.5,4,0,0,0
PO004422,V0074,SERVICE,IN,0.772,3.6,4.71,15,3396.09,12,1,1.0,2,0,0,0
PO004423,V0023,RAW,CN,0.614,11.8,2.55,22,832.56,5,1,12.5,0,0,0,0
PO004424,V0034,SERVICE,CN,0.595,3.6,3.07,20,3435.11,6,2,3.2,3,0,1,1
PO004425,V0010,RAW,IN,0.761,9.5,1.46,20,22833.77,3,3,10.1,3,0,0,0
PO004426,V0081,PACK,CN,0.884,5.2,2.01,15,1402.85,5,2,5.2,3,0,0,1
PO004427,V0033,RAW,IN,0.721,13.6,3.78,16,3333.19,5,3,10.4,4,0,0,0
PO004428,V0054,RAW,MX,0.782,9.2,4.8,24,4119.8,1,4,10.6,4,0,0,0
PO004429,V0084,PACK,IN,0.592,5.4,3.15,16,3640.36,7,3,1.0,6,0,1,0
PO004430,V0020,PACK,US,0.98,9.9,1.97,17,31572.72,7,3,8.2,2,0,0,1
PO004431,V0023,RAW,CN,0.614,11.8,2.55,22,1549.89,4,3,12.1,4,0,0,0
PO004432,V0093,SERVICE,DE,0.917,6.8,1.72,8,15881.44,4,1,3.9,1,1,0,1
PO004433,V0093,SERVICE,DE,0.917,6.8,1.72,8,10967.47,6,2,6.6,2,0,0,1
PO004434,V0015,FINISH,MX,0.872,25.3,1.75,21,8017.58,8,4,23.9,1,0,0,1
PO004435,V0008,RAW,DE,0.897,12.8,2.43,12,5140.31,4,1,10.8,2,0,0,1
PO004436,V0060,FINISH,US,0.834,24.4,3.33,25,3564.95,2,3,23.1,0,0,0,1
PO004437,V0044,FINISH,IN,0.629,20.6,1.39,15,1296.26,4,4,18.1,1,1,1,0
PO004438,V0027,FINISH,US,0.879,14.1,1.64,15,2824.7,3,5,16.0,2,0,0,1
PO004439,V0090,RAW,CN,0.774,7.8,3.44,12,5226.79,6,2,6.3,2,0,0,1
PO004440,V0036,FINISH,IN,0.606,23.8,4.18,21,2110.78,8,4,23.8,6,0,0,0
PO004441,V0068,RAW,DE,0.98,7.4,4.46,20,8250.15,5,3,5.9,0,0,0,1
PO004442,V0049,RAW,US,0.878,7.5,2.28,20,1251.43,2,1,10.8,1,0,0,1
PO004443,V0031,PACK,CN,0.783,6.4,1.1,17,3404.41,8,3,4.7,4,0,0,1
PO004444,V0006,SERVICE,US,0.821,4.0,3.65,13,8690.81,8,1,1.1,2,0,0,1
PO004445,V0073,PACK,DE,0.853,7.6,4.13,14,4251.54,5,5,7.7,3,0,0,1
PO004446,V0087,FINISH,US,0.855,19.7,4.93,9,17960.25,6,4,19.0,3,0,0,1
PO004447,V0056,PACK,US,0.729,7.2,4.55,13,3763.49,4,2,7.1,1,0,0,0
PO004448,V0075,SERVICE,DE,0.673,5.5,1.96,8,1233.17,7,2,4.8,4,0,1,1
PO004449,V0085,RAW,DE,0.792,11.5,3.28,16,15906.39,6,2,5.7,5,0,0,1
PO004450,V0068,RAW,DE,0.98,7.4,4.46,20,277977.93,6,2,9.0,5,0,1,1
PO004451,V0044,FINISH,IN,0.629,20.6,1.39,15,6564.62,7,3,21.3,2,0,0,1
PO004452,V0043,RAW,DE,0.98,7.1,1.46,6,9410.81,6,2,4.1,1,0,0,1
PO004453,V0041,RAW,DE,0.93,9.9,1.69,10,1448.58,4,2,9.2,2,0,1,1
PO004454,V0038,RAW,US,0.858,12.8,2.44,10,9717.45,5,3,14.4,2,0,0,1
PO004455,V0062,FINISH,DE,0.881,22.2,4.6,6,33274.31,2,4,21.3,5,0,0,0
PO004456,V0020,PACK,US,0.98,9.9,1.97,17,22376.35,5,4,11.5,4,0,0,1
PO004457,V0062,FINISH,DE,0.881,22.2,4.6,6,22239.94,3,5,26.7,2,0,1,0
PO004458,V0031,PACK,CN,0.783,6.4,1.1,17,11566.18,6,1,5.4,0,0,0,1
PO004459,V0020,PACK,US,0.98,9.9,1.97,17,40023.96,7,2,11.6,4,0,1,1
PO004460,V0009,FINISH,US,0.782,14.1,4.26,17,132839.04,3,3,12.6,0,0,0,0
PO004461,V0094,FINISH,CN,0.66,16.0,4.18,11,13551.61,8,3,15.5,2,0,1,0
PO004462,V0059,PACK,IN,0.786,5.6,2.97,7,13655.66,14,1,4.6,5,0,1,0
PO004463,V0012,FINISH,US,0.73,24.7,3.25,18,4497.93,3,3,24.2,5,0,0,1
PO004464,V0072,RAW,CN,0.817,8.0,1.06,13,3000.95,7,2,8.9,4,0,0,1
PO004465,V0075,SERVICE,DE,0.673,5.5,1.96,8,13806.68,3,2,4.4,3,0,0,1
PO004466,V0080,FINISH,IN,0.721,16.6,1.84,13,2281.55,9,4,14.7,3,0,0,1
PO004467,V0078,RAW,US,0.9,7.8,2.84,11,5611.28,7,1,10.4,4,0,0,1
PO004468,V0056,PACK,US,0.729,7.2,4.55,13,3506.27,9,1,5.4,5,0,1,1
PO004469,V0091,PACK,US,0.785,6.7,1.54,13,6191.74,3,2,8.6,4,1,0,1
PO004470,V0006,SERVICE,US,0.821,4.0,3.65,13,6362.44,5,2,4.7,5,0,0,1
PO004471,V0059,PACK,IN,0.786,5.6,2.97,7,8644.7,4,2,8.1,5,0,0,1
PO004472,V0010,RAW,IN,0.761,9.5,1.46,20,11306.36,6,3,7.9,5,0,0,1
PO004473,V0003,PACK,DE,0.708,8.1,1.56,12,47768.97,7,1,5.5,4,0,0,1
PO004474,V0090,RAW,CN,0.774,7.8,3.44,12,7895.6,9,1,6.3,3,0,0,1
PO004475,V0032,SERVICE,MX,0.694,6.7,2.48,12,8243.7,6,2,4.7,5,0,1,0
PO004476,V0075,SERVICE,DE,0.673,5.5,1.96,8,2657.85,5,1,5.4,3,0,0,1
PO004477,V0004,FINISH,DE,0.824,16.8,3.06,16,9108.07,8,3,17.6,5,0,0,0
PO004478,V0011,RAW,DE,0.769,12.1,3.55,21,19579.9,3,2,12.1,3,0,0,1
PO004479,V0077,PACK,IN,0.601,6.0,1.16,11,35480.69,3,3,8.7,4,0,0,1
PO004480,V0023,RAW,CN,0.614,11.8,2.55,22,4738.58,4,2,12.7,4,0,0,1
PO004481,V0014,FINISH,DE,0.85,17.2,1.31,12,7547.14,3,5,19.7,1,0,0,0
PO004482,V0093,SERVICE,DE,0.917,6.8,1.72,8,20441.19,6,2,7.3,2,1,0,1
PO004483,V0034,SERVICE,CN,0.595,3.6,3.07,20,10243.43,7,2,4.9,2,0,0,0
PO004484,V0092,FINISH,US,0.855,24.6,3.38,15,1438.82,5,4,25.4,2,1,0,0
PO004485,V0036,FINISH,IN,0.606,23.8,4.18,21,3748.87,9,3,24.2,5,0,0,0
PO004486,V0042,FINISH,CN,0.807,23.2,2.12,16,3616.56,5,4,25.1,4,0,1,0
PO004487,V0032,SERVICE,MX,0.694,6.7,2.48,12,730.96,6,1,10.6,5,0,0,1
PO004488,V0039,RAW,IN,0.627,7.4,3.13,15,29418.08,5,2,5.5,2,0,0,0
PO004489,V0008,RAW,DE,0.897,12.8,2.43,12,2334.46,7,2,14.4,2,0,0,1
PO004490,V0028,RAW,CN,0.649,12.0,1.95,13,3179.14,3,2,13.9,3,0,1,0
PO004491,V0026,RAW,DE,0.898,12.1,4.59,17,4872.78,4,2,13.5,3,0,0,1
PO004492,V0068,RAW,DE,0.98,7.4,4.46,20,331.45,3,5,5.1,2,0,0,1
PO004493,V0096,PACK,DE,0.98,7.3,2.21,18,8773.83,5,3,7.7,0,0,0,1
PO004494,V0043,RAW,DE,0.98,7.1,1.46,6,4627.65,5,2,4.1,5,0,0,1
PO004495,V0040,SERVICE,CN,0.742,5.1,2.29,19,47467.33,4,2,5.6,4,0,1,1
PO004496,V0011,RAW,DE,0.769,12.1,3.55,21,19371.75,5,4,17.8,0,0,0,1
PO004497,V0023,RAW,CN,0.614,11.8,2.55,22,39722.52,6,3,13.4,6,0,1,1
PO004498,V0048,PACK,MX,0.846,9.8,4.62,11,20885.99,0,2,11.9,2,0,0,0
PO004499,V0068,RAW,DE,0.98,7.4,4.46,20,2772.21,3,2,2.5,4,0,0,0
PO004500,V0092,FINISH,US,0.855,24.6,3.38,15,22801.51,4,5,23.4,1,0,0,1
PO004501,V0095,FINISH,US,0.879,19.0,4.51,14,2141.02,2,3,16.2,2,0,0,1
PO004502,V0077,PACK,IN,0.601,6.0,1.16,11,5130.92,4,2,2.1,5,0,0,1
PO004503,V0006,SERVICE,US,0.821,4.0,3.65,13,8311.96,7,2,1.5,1,1,0,1
PO004504,V0093,SERVICE,DE,0.917,6.8,1.72,8,7435.58,7,1,5.6,3,0,0,1
PO004505,V0016,FINISH,IN,0.733,18.5,1.44,12,6486.89,4,4,18.3,4,0,0,1
PO004506,V0012,FINISH,US,0.73,24.7,3.25,18,20784.01,3,4,25.8,1,0,0,0
PO004507,V0027,FINISH,US,0.879,14.1,1.64,15,3401.36,4,4,15.2,0,0,0,1
PO004508,V0040,SERVICE,CN,0.742,5.1,2.29,19,115366.43,6,1,7.0,5,0,0,1
PO004509,V0023,RAW,CN,0.614,11.8,2.55,22,19918.57,8,4,14.0,5,0,1,1
PO004510,V0084,PACK,IN,0.592,5.4,3.15,16,22226.78,6,3,4.8,0,0,0,1
PO004511,V0095,FINISH,US,0.879,19.0,4.51,14,12916.41,7,5,24.1,0,0,0,1
PO004512,V0006,SERVICE,US,0.821,4.0,3.65,13,1542.77,5,2,2.2,5,0,0,1
PO004513,V0074,SERVICE,IN,0.772,3.6,4.71,15,13951.85,2,1,4.5,4,0,0,0
PO004514,V0060,FINISH,US,0.834,24.4,3.33,25,5740.17,0,3,23.8,3,0,0,1
PO004515,V0064,RAW,CN,0.639,13.8,4.94,17,29821.05,4,4,11.0,5,0,0,1
PO004516,V0021,FINISH,US,0.98,22.9,3.14,9,2897.29,1,3,23.4,4,0,0,1
PO004517,V0012,FINISH,US,0.73,24.7,3.25,18,14619.73,5,4,24.4,3,0,0,0
PO004518,V0091,PACK,US,0.785,6.7,1.54,13,3307.72,3,2,6.0,6,0,0,1
PO004519,V0070,FINISH,US,0.901,21.3,4.09,15,22988.67,5,4,18.9,1,0,0,1
PO004520,V0072,RAW,CN,0.817,8.0,1.06,13,1288.31,6,1,8.2,3,0,1,1
PO004521,V0036,FINISH,IN,0.606,23.8,4.18,21,5570.07,6,4,21.2,2,0,0,1
PO004522,V0020,PACK,US,0.98,9.9,1.97,17,4340.27,2,3,8.7,2,0,1,0
PO004523,V0043,RAW,DE,0.98,7.1,1.46,6,12010.2,6,3,5.2,2,1,1,1
PO004524,V0100,FINISH,US,0.802,15.8,2.59,19,18520.16,7,4,15.9,4,0,0,0
PO004525,V0096,PACK,DE,0.98,7.3,2.21,18,22757.23,6,1,8.1,2,0,0,1
PO004526,V0066,PACK,CN,0.769,9.7,4.46,6,16448.0,12,3,9.7,1,0,0,0
PO004527,V0027,FINISH,US,0.879,14.1,1.64,15,3516.29,6,4,11.6,4,1,1,1
PO004528,V0095,FINISH,US,0.879,19.0,4.51,14,21139.47,7,4,21.6,1,0,0,1
PO004529,V0085,RAW,DE,0.792,11.5,3.28,16,15757.95,5,4,10.7,3,0,1,1
PO004530,V0064,RAW,CN,0.639,13.8,4.94,17,10581.36,3,3,12.7,6,1,1,0
PO004531,V0094,FINISH,CN,0.66,16.0,4.18,11,17039.21,5,4,14.1,2,1,1,1
PO004532,V0062,FINISH,DE,0.881,22.2,4.6,6,78545.39,5,4,20.5,5,1,1,1
PO004533,V0051,FINISH,CN,0.637,24.5,4.23,13,4478.02,8,4,22.0,4,0,0,0
PO004534,V0070,FINISH,US,0.901,21.3,4.09,15,10627.89,4,4,23.7,6,0,0,1
PO004535,V0100,FINISH,US,0.802,15.8,2.59,19,20263.78,2,3,17.2,5,0,1,0
PO004536,V0031,PACK,CN,0.783,6.4,1.1,17,879.2,5,2,7.3,2,0,0,1
PO004537,V0079,FINISH,CN,0.65,26.2,4.68,7,6764.92,2,4,24.7,4,0,0,0
PO004538,V0027,FINISH,US,0.879,14.1,1.64,15,1140.87,6,3,15.6,0,0,1,0
PO004539,V0045,PACK,US,0.98,8.2,1.18,13,3005.48,6,1,8.7,0,0,0,1
PO004540,V0089,PACK,MX,0.613,8.8,1.75,13,21710.48,7,2,8.8,1,0,0,1
PO004541,V0019,RAW,DE,0.886,7.4,2.11,21,210653.79,5,2,6.7,6,0,1,1
PO004542,V0093,SERVICE,DE,0.917,6.8,1.72,8,11823.02,6,2,4.0,6,0,0,1
PO004543,V0005,RAW,CN,0.66,11.8,2.76,10,20173.27,6,1,13.3,6,0,0,0
PO004544,V0025,PACK,IN,0.539,5.5,4.59,21,5016.42,4,4,8.3,6,1,0,0
PO004545,V0029,FINISH,CN,0.802,15.3,2.47,12,10032.95,4,3,14.6,1,0,1,1
PO004546,V0021,FINISH,US,0.98,22.9,3.14,9,2355.0,7,4,23.4,5,0,0,1
PO004547,V0023,RAW,CN,0.614,11.8,2.55,22,699.78,6,1,13.1,0,0,1,1
PO004548,V0093,SERVICE,DE,0.917,6.8,1.72,8,24759.88,4,1,8.3,5,0,0,1
PO004549,V0067,FINISH,DE,0.709,27.6,4.37,19,34194.37,9,5,27.3,0,0,1,0
PO004550,V0021,FINISH,US,0.98,22.9,3.14,9,25412.22,4,4,24.4,6,0,0,1
PO004551,V0043,RAW,DE,0.98,7.1,1.46,6,6852.14,7,4,8.0,0,0,1,1
PO004552,V0007,RAW,CN,0.794,7.6,1.78,6,1919.58,6,2,10.3,0,0,0,0
PO004553,V0046,FINISH,CN,0.577,23.2,1.65,8,2527.24,4,5,24.6,5,0,0,1
PO004554,V0063,FINISH,MX,0.98,17.9,1.75,15,1770.57,3,5,15.7,2,0,0,1
PO004555,V0094,FINISH,CN,0.66,16.0,4.18,11,36026.32,6,4,18.0,3,0,0,1
PO004556,V0069,RAW,DE,0.892,8.6,3.69,16,6488.49,4,2,6.2,0,0,0,1
PO004557,V0078,RAW,US,0.9,7.8,2.84,11,17414.82,3,3,7.7,5,0,0,1
PO004558,V0003,PACK,DE,0.708,8.1,1.56,12,3958.91,2,1,5.8,5,0,0,1
PO004559,V0073,PACK,DE,0.853,7.6,4.13,14,829.76,9,2,5.9,3,0,0,0
PO004560,V0024,RAW,DE,0.927,13.5,4.51,12,38591.62,5,4,14.4,3,0,0,0
PO004561,V0015,FINISH,MX,0.872,25.3,1.75,21,18234.03,8,3,25.5,0,0,0,0
PO004562,V0016,FINISH,IN,0.733,18.5,1.44,12,2699.27,5,4,18.1,0,0,1,0
PO004563,V0087,FINISH,US,0.855,19.7,4.93,9,11623.62,4,3,19.5,2,1,1,0
PO004564,V0024,RAW,DE,0.927,13.5,4.51,12,16920.2,2,2,11.5,4,1,0,1
PO004565,V0029,FINISH,CN,0.802,15.3,2.47,12,5077.5,7,3,12.8,6,0,0,0
PO004566,V0081,PACK,CN,0.884,5.2,2.01,15,6687.89,6,4,3.2,2,0,0,1
PO004567,V0044,FINISH,IN,0.629,20.6,1.39,15,2772.9,5,4,23.7,5,0,0,1
PO004568,V0080,FINISH,IN,0.721,16.6,1.84,13,3194.49,4,5,16.9,5,1,0,0
PO004569,V0029,FINISH,CN,0.802,15.3,2.47,12,14082.55,5,4,13.2,1,0,0,1
PO004570,V0022,RAW,DE,0.74,7.3,3.36,17,11594.94,5,1,6.2,3,0,1,0
PO004571,V0051,FINISH,CN,0.637,24.5,4.23,13,2656.13,6,5,23.5,4,0,0,1
PO004572,V0031,PACK,CN,0.783,6.4,1.1,17,3040.31,14,4,8.3,3,0,0,1
PO004573,V0031,PACK,CN,0.783,6.4,1.1,17,3807.1,3,2,3.7,0,1,1,0
PO004574,V0018,RAW,MX,0.757,10.6,3.81,25,4797.55,6,2,9.6,1,1,1,0
PO004575,V0010,RAW,IN,0.761,9.5,1.46,20,30501.28,4,2,8.9,6,0,0,1
PO004576,V0032,SERVICE,MX,0.694,6.7,2.48,12,2496.84,7,1,7.2,3,0,0,0
PO004577,V0004,FINISH,DE,0.824,16.8,3.06,16,4718.2,4,3,14.3,2,0,0,1
PO004578,V0019,RAW,DE,0.886,7.4,2.11,21,4062.39,6,4,5.5,1,0,1,1
PO004579,V0004,FINISH,DE,0.824,16.8,3.06,16,5255.67,6,3,17.1,2,0,0,1
PO004580,V0066,PACK,CN,0.769,9.7,4.46,6,4593.31,8,3,8.0,4,0,1,0
PO004581,V0023,RAW,CN,0.614,11.8,2.55,22,5150.8,3,2,13.6,0,1,0,0
PO004582,V0064,RAW,CN,0.639,13.8,4.94,17,1487.04,5,1,15.0,3,0,0,0
PO004583,V0067,FINISH,DE,0.709,27.6,4.37,19,3839.96,7,3,26.0,6,0,0,1
PO004584,V0025,PACK,IN,0.539,5.5,4.59,21,15509.84,6,3,5.4,1,0,0,0
PO004585,V0087,FINISH,US,0.855,19.7,4.93,9,12734.43,3,4,20.1,0,0,0,1
PO004586,V0067,FINISH,DE,0.709,27.6,4.37,19,1034.5,2,4,24.8,4,0,0,1
PO004587,V0057,FINISH,US,0.768,15.2,3.8,17,1033.76,3,3,16.4,5,0,0,1
PO004588,V0069,RAW,DE,0.892,8.6,3.69,16,917.83,3,4,8.5,1,1,0,0
PO004589,V0060,FINISH,US,0.834,24.4,3.33,25,79600.46,5,3,23.5,5,0,0,1
PO004590,V0005,RAW,CN,0.66,11.8,2.76,10,7864.89,3,2,13.2,5,0,0,1
PO004591,V0090,RAW,CN,0.774,7.8,3.44,12,5349.08,7,1,9.0,1,0,0,1
PO004592,V0094,FINISH,CN,0.66,16.0,4.18,11,11853.52,2,3,17.8,6,0,0,1
PO004593,V0048,PACK,MX,0.846,9.8,4.62,11,6853.41,3,2,8.3,6,0,0,1
PO004594,V0075,SERVICE,DE,0.673,5.5,1.96,8,3229.16,5,1,5.3,2,0,0,1
PO004595,V0073,PACK,DE,0.853,7.6,4.13,14,43175.53,4,5,8.7,5,0,0,0
PO004596,V0021,FINISH,US,0.98,22.9,3.14,9,1446.28,4,4,26.7,0,0,0,1
PO004597,V0065,FINISH,DE,0.79,26.8,4.29,23,5030.15,1,5,25.8,5,0,0,1
PO004598,V0030,PACK,MX,0.97,9.5,3.52,19,14920.49,2,1,6.9,1,0,0,1
PO004599,V0091,PACK,US,0.785,6.7,1.54,13,27366.58,5,2,7.4,6,0,1,1
PO004600,V0062,FINISH,DE,0.881,22.2,4.6,6,2390.15,1,3,20.7,5,0,0,1
PO004601,V0003,PACK,DE,0.708,8.1,1.56,12,504.88,2,1,4.6,2,0,0,1
PO004602,V0051,FINISH,CN,0.637,24.5,4.23,13,4294.77,3,5,24.4,6,0,0,1
PO004603,V0055,PACK,CN,0.619,8.4,4.01,9,3390.92,5,2,9.1,4,1,1,1
PO004604,V0037,RAW,DE,0.831,10.3,3.17,12,4272.07,5,2,14.0,4,0,0,1
PO004605,V0031,PACK,CN,0.783,6.4,1.1,17,10379.18,6,4,12.3,6,0,0,1
PO004606,V0079,FINISH,CN,0.65,26.2,4.68,7,13049.52,4,5,26.2,5,0,0,1
PO004607,V0053,SERVICE,US,0.98,4.3,4.58,14,4031.82,3,1,2.8,3,0,1,1
PO004608,V0090,RAW,CN,0.774,7.8,3.44,12,14777.22,5,2,7.6,6,0,0,1
PO004609,V0034,SERVICE,CN,0.595,3.6,3.07,20,48530.54,5,1,4.4,4,0,0,1
PO004610,V0076,RAW,US,0.841,8.0,3.56,11,6646.03,3,3,10.6,5,0,0,1
PO004611,V0077,PACK,IN,0.601,6.0,1.16,11,4539.1,9,2,5.5,3,0,0,1
PO004612,V0066,PACK,CN,0.769,9.7,4.46,6,7612.18,6,4,9.7,2,0,0,1
PO004613,V0019,RAW,DE,0.886,7.4,2.11,21,19485.7,3,2,7.3,0,0,0,1
PO004614,V0093,SERVICE,DE,0.917,6.8,1.72,8,26289.69,5,2,7.8,5,0,0,1
PO004615,V0086,RAW,US,0.712,8.7,1.64,11,1408.46,7,4,10.8,4,0,0,1
PO004616,V0043,RAW,DE,0.98,7.1,1.46,6,13941.3,3,4,7.6,3,0,0,1
PO004617,V0005,RAW,CN,0.66,11.8,2.76,10,76505.37,2,3,8.9,5,0,0,0
PO004618,V0065,FINISH,DE,0.79,26.8,4.29,23,1853.53,7,5,28.8,0,0,0,1
PO004619,V0041,RAW,DE,0.93,9.9,1.69,10,10688.29,4,4,9.0,1,0,0,1
PO004620,V0054,RAW,MX,0.782,9.2,4.8,24,5790.38,7,2,11.1,0,1,0,0
PO004621,V0042,FINISH,CN,0.807,23.2,2.12,16,8475.07,9,5,23.5,5,0,0,0
PO004622,V0074,SERVICE,IN,0.772,3.6,4.71,15,9429.29,4,2,2.7,3,0,0,1
PO004623,V0032,SERVICE,MX,0.694,6.7,2.48,12,35019.76,3,2,9.7,2,0,0,0
PO004624,V0045,PACK,US,0.98,8.2,1.18,13,21615.98,2,3,8.1,1,0,0,1
PO004625,V0062,FINISH,DE,0.881,22.2,4.6,6,32775.91,7,4,25.1,2,0,0,1
PO004626,V0092,FINISH,US,0.855,24.6,3.38,15,21366.3,3,4,26.7,4,0,0,1
PO004627,V0092,FINISH,US,0.855,24.6,3.38,15,75984.83,3,3,26.5,4,0,0,0
PO004628,V0042,FINISH,CN,0.807,23.2,2.12,16,7123.79,4,4,20.5,6,0,0,1
PO004629,V0018,RAW,MX,0.757,10.6,3.81,25,2155.62,8,2,9.2,3,0,0,1
PO004630,V0028,RAW,CN,0.649,12.0,1.95,13,24526.77,7,2,13.4,3,0,0,1
PO004631,V0029,FINISH,CN,0.802,15.3,2.47,12,3611.55,1,4,15.3,6,0,0,1
PO004632,V0028,RAW,CN,0.649,12.0,1.95,13,60325.82,5,2,11.9,3,0,1,1
PO004633,V0092,FINISH,US,0.855,24.6,3.38,15,5441.49,7,4,26.4,4,0,0,1
PO004634,V0020,PACK,US,0.98,9.9,1.97,17,2177.42,6,1,8.8,0,1,0,1
PO004635,V0090,RAW,CN,0.774,7.8,3.44,12,7480.07,6,3,10.2,0,0,0,1
PO004636,V0087,FINISH,US,0.855,19.7,4.93,9,13881.45,6,3,18.4,0,0,0,0
PO004637,V0081,PACK,CN,0.884,5.2,2.01,15,15193.76,4,1,4.6,1,0,0,1
PO004638,V0005,RAW,CN,0.66,11.8,2.76,10,10002.86,4,1,11.4,2,0,1,0
PO004639,V0050,RAW,IN,0.638,7.8,3.79,16,15432.35,4,1,10.2,5,0,1,0
PO004640,V0043,RAW,DE,0.98,7.1,1.46,6,6616.38,7,4,5.6,0,0,1,1
PO004641,V0020,PACK,US,0.98,9.9,1.97,17,4930.32,4,1,8.4,3,0,0,0
PO004642,V0061,FINISH,US,0.872,15.0,3.22,16,34784.79,5,4,11.9,3,0,0,1
PO004643,V0065,FINISH,DE,0.79,26.8,4.29,23,25484.85,3,3,26.8,6,0,1,1
PO004644,V0100,FINISH,US,0.802,15.8,2.59,19,8845.31,7,3,16.2,6,1,0,1
PO004645,V0074,SERVICE,IN,0.772,3.6,4.71,15,15813.26,2,2,4.0,5,0,0,1
PO004646,V0021,FINISH,US,0.98,22.9,3.14,9,8086.85,3,5,20.3,5,0,0,1
PO004647,V0024,RAW,DE,0.927,13.5,4.51,12,10094.36,3,5,11.5,4,0,0,1
PO004648,V0031,PACK,CN,0.783,6.4,1.1,17,6031.87,5,3,9.1,1,1,0,1
PO004649,V0038,RAW,US,0.858,12.8,2.44,10,2497.91,6,4,12.8,5,0,0,1
PO004650,V0020,PACK,US,0.98,9.9,1.97,17,10954.69,6,1,14.0,5,0,0,1
PO004651,V0080,FINISH,IN,0.721,16.6,1.84,13,17752.65,5,3,17.7,0,0,0,0
PO004652,V0010,RAW,IN,0.761,9.5,1.46,20,28524.59,6,4,8.5,3,1,0,1
PO004653,V0032,SERVICE,MX,0.694,6.7,2.48,12,3566.34,3,2,10.3,4,0,0,0
PO004654,V0020,PACK,US,0.98,9.9,1.97,17,863.43,8,3,10.6,0,0,0,1
PO004655,V0059,PACK,IN,0.786,5.6,2.97,7,2174.0,5,1,6.8,5,0,0,0
PO004656,V0038,RAW,US,0.858,12.8,2.44,10,4169.0,6,3,11.3,6,1,0,1
PO004657,V0084,PACK,IN,0.592,5.4,3.15,16,5491.41,6,1,4.9,0,0,0,0
PO004658,V0031,PACK,CN,0.783,6.4,1.1,17,7723.02,6,2,10.1,2,0,1,1
PO004659,V0069,RAW,DE,0.892,8.6,3.69,16,15365.83,8,5,8.2,6,0,0,1
PO004660,V0013,PACK,CN,0.729,6.6,3.03,21,1280.79,3,1,7.7,4,0,0,0
PO004661,V0067,FINISH,DE,0.709,27.6,4.37,19,168166.7,2,4,27.6,6,0,0,0
PO004662,V0076,RAW,US,0.841,8.0,3.56,11,820.48,5,2,7.0,6,0,1,1
PO004663,V0054,RAW,MX,0.782,9.2,4.8,24,1225.27,4,4,8.9,6,0,0,1
PO004664,V0045,PACK,US,0.98,8.2,1.18,13,109588.68,6,2,8.6,0,0,0,1
PO004665,V0045,PACK,US,0.98,8.2,1.18,13,83303.79,5,3,9.0,1,0,0,1
PO004666,V0047,PACK,US,0.861,6.9,3.57,14,11325.21,5,1,4.9,3,0,0,1
PO004667,V0066,PACK,CN,0.769,9.7,4.46,6,7297.45,8,3,9.6,3,0,0,0
PO004668,V0033,RAW,IN,0.721,13.6,3.78,16,22149.79,8,3,15.6,0,0,1,1
PO004669,V0017,FINISH,IN,0.701,19.8,1.89,10,4439.6,5,3,19.7,0,0,0,1
PO004670,V0065,FINISH,DE,0.79,26.8,4.29,23,855.68,5,5,26.9,3,0,0,1
PO004671,V0051,FINISH,CN,0.637,24.5,4.23,13,45156.9,7,5,25.5,4,0,0,0
PO004672,V0069,RAW,DE,0.892,8.6,3.69,16,29650.44,6,3,4.5,4,1,1,1
PO004673,V0010,RAW,IN,0.761,9.5,1.46,20,15062.32,5,2,8.5,4,0,0,1
PO004674,V0064,RAW,CN,0.639,13.8,4.94,17,13722.85,8,4,13.3,6,0,0,1
PO004675,V0100,FINISH,US,0.802,15.8,2.59,19,1374.5,4,5,13.0,1,0,0,0
PO004676,V0022,RAW,DE,0.74,7.3,3.36,17,2993.67,8,3,7.1,5,0,0,1
PO004677,V0027,FINISH,US,0.879,14.1,1.64,15,53980.41,2,5,12.8,3,1,0,1
PO004678,V0071,PACK,CN,0.695,5.7,1.12,18,3661.76,4,1,6.7,6,0,0,0
PO004679,V0044,FINISH,IN,0.629,20.6,1.39,15,10575.84,6,3,21.8,6,0,0,1
PO004680,V0072,RAW,CN,0.817,8.0,1.06,13,36568.37,6,3,14.0,0,0,0,1
PO004681,V0011,RAW,DE,0.769,12.1,3.55,21,3692.54,4,3,13.6,5,0,0,1
PO004682,V0029,FINISH,CN,0.802,15.3,2.47,12,3112.41,2,5,15.5,2,0,1,1
PO004683,V0089,PACK,MX,0.613,8.8,1.75,13,17305.69,3,3,10.1,2,0,0,0
PO004684,V0095,FINISH,US,0.879,19.0,4.51,14,13320.49,3,5,20.1,3,1,1,1
PO004685,V0075,SERVICE,DE,0.673,5.5,1.96,8,2528.5,6,1,4.6,1,0,0,0
PO004686,V0015,FINISH,MX,0.872,25.3,1.75,21,3046.58,11,3,23.2,6,1,0,1
PO004687,V0067,FINISH,DE,0.709,27.6,4.37,19,78545.9,4,5,26.7,4,1,0,0
PO004688,V0059,PACK,IN,0.786,5.6,2.97,7,10323.83,6,2,2.4,5,1,1,0
PO004689,V0045,PACK,US,0.98,8.2,1.18,13,6108.49,3,2,9.5,5,0,0,1
PO004690,V0045,PACK,US,0.98,8.2,1.18,13,22728.73,1,4,7.1,6,0,0,1
PO004691,V0038,RAW,US,0.858,12.8,2.44,10,24785.33,5,3,12.4,6,0,0,1
PO004692,V0030,PACK,MX,0.97,9.5,3.52,19,1911.99,4,4,10.8,5,1,1,1
PO004693,V0007,RAW,CN,0.794,7.6,1.78,6,1828.64,3,3,5.8,2,0,0,1
PO004694,V0027,FINISH,US,0.879,14.1,1.64,15,17290.72,5,3,13.0,1,0,0,1
PO004695,V0050,RAW,IN,0.638,7.8,3.79,16,1957.36,2,1,9.4,6,0,0,1
PO004696,V0086,RAW,US,0.712,8.7,1.64,11,10373.02,10,3,8.3,4,0,0,0
PO004697,V0093,SERVICE,DE,0.917,6.8,1.72,8,12945.16,4,1,5.1,0,0,1,1
PO004698,V0053,SERVICE,US,0.98,4.3,4.58,14,11146.02,3,1,1.4,6,1,0,1
PO004699,V0013,PACK,CN,0.729,6.6,3.03,21,15506.72,1,3,3.8,0,0,1,1
PO004700,V0069,RAW,DE,0.892,8.6,3.69,16,1577.78,10,2,9.7,3,0,1,1
PO004701,V0033,RAW,IN,0.721,13.6,3.78,16,19434.32,3,4,13.1,3,0,0,0
PO004702,V0032,SERVICE,MX,0.694,6.7,2.48,12,4304.91,9,2,5.2,0,0,0,0
PO004703,V0062,FINISH,DE,0.881,22.2,4.6,6,27528.48,10,5,19.4,6,0,0,0
PO004704,V0087,FINISH,US,0.855,19.7,4.93,9,7533.02,2,5,22.2,6,0,0,0
PO004705,V0084,PACK,IN,0.592,5.4,3.15,16,6106.99,4,4,5.1,0,0,0,1
PO004706,V0019,RAW,DE,0.886,7.4,2.11,21,3032.81,5,1,7.7,6,0,0,1
PO004707,V0071,PACK,CN,0.695,5.7,1.12,18,12680.31,3,1,5.3,0,0,0,1
PO004708,V0036,FINISH,IN,0.606,23.8,4.18,21,12610.94,1,4,28.0,1,0,0,0
PO004709,V0053,SERVICE,US,0.98,4.3,4.58,14,3857.45,8,2,6.4,0,0,0,1
PO004710,V0074,SERVICE,IN,0.772,3.6,4.71,15,2542.51,9,1,3.0,1,0,0,1
PO004711,V0044,FINISH,IN,0.629,20.6,1.39,15,4527.02,2,3,23.9,3,1,0,1
PO004712,V0034,SERVICE,CN,0.595,3.6,3.07,20,2717.0,6,2,5.7,3,0,0,0
PO004713,V0037,RAW,DE,0.831,10.3,3.17,12,2426.13,7,4,11.2,6,0,0,1
PO004714,V0025,PACK,IN,0.539,5.5,4.59,21,6299.35,3,4,2.7,3,0,0,0
PO004715,V0028,RAW,CN,0.649,12.0,1.95,13,11018.8,3,1,14.4,0,0,0,0
PO004716,V0015,FINISH,MX,0.872,25.3,1.75,21,32760.19,5,4,24.5,6,0,0,1
PO004717,V0040,SERVICE,CN,0.742,5.1,2.29,19,27799.74,8,2,4.7,1,0,1,1
PO004718,V0042,FINISH,CN,0.807,23.2,2.12,16,9326.86,3,5,24.4,3,0,1,1
PO004719,V0039,RAW,IN,0.627,7.4,3.13,15,1953.76,3,3,8.2,6,0,0,1
PO004720,V0035,FINISH,CN,0.582,25.3,4.24,15,2224.14,5,3,22.2,4,0,0,0
PO004721,V0034,SERVICE,CN,0.595,3.6,3.07,20,1264.46,5,2,2.4,6,1,0,0
PO004722,V0035,FINISH,CN,0.582,25.3,4.24,15,11812.44,6,4,25.6,3,1,0,0
PO004723,V0054,RAW,MX,0.782,9.2,4.8,24,6740.37,8,2,8.0,0,0,1,0
PO004724,V0076,RAW,US,0.841,8.0,3.56,11,37162.45,6,4,8.9,2,1,0,0
PO004725,V0012,FINISH,US,0.73,24.7,3.25,18,3509.39,4,4,24.7,3,0,0,0
PO004726,V0048,PACK,MX,0.846,9.8,4.62,11,22316.03,9,3,7.7,5,0,0,0
PO004727,V0006,SERVICE,US,0.821,4.0,3.65,13,8122.29,4,2,1.0,6,0,0,0
PO004728,V0001,SERVICE,DE,0.945,3.6,1.62,16,5954.09,5,2,2.3,5,0,0,0
PO004729,V0043,RAW,DE,0.98,7.1,1.46,6,24812.14,3,4,7.2,4,0,0,0
PO004730,V0097,FINISH,US,0.933,26.7,3.5,16,1542.3,4,4,24.9,4,0,0,0
PO004731,V0033,RAW,IN,0.721,13.6,3.78,16,39337.58,5,3,13.1,4,0,0,0
PO004732,V0067,FINISH,DE,0.709,27.6,4.37,19,1248.13,2,3,28.9,4,0,1,0
PO004733,V0058,SERVICE,US,0.874,4.5,2.48,13,54125.55,5,1,6.3,3,0,0,1
PO004734,V0017,FINISH,IN,0.701,19.8,1.89,10,4614.88,7,5,20.5,1,0,1,0
PO004735,V0081,PACK,CN,0.884,5.2,2.01,15,18321.13,3,3,6.3,3,0,0,1
PO004736,V0016,FINISH,IN,0.733,18.5,1.44,12,31815.64,1,3,16.2,0,0,0,0
PO004737,V0064,RAW,CN,0.639,13.8,4.94,17,1536.53,6,1,18.2,4,0,0,0
PO004738,V0031,PACK,CN,0.783,6.4,1.1,17,18904.6,6,2,6.9,0,0,0,1
PO004739,V0076,RAW,US,0.841,8.0,3.56,11,10007.71,3,4,7.5,0,0,0,0
PO004740,V0030,PACK,MX,0.97,9.5,3.52,19,8223.63,2,1,10.3,0,0,1,0
PO004741,V0015,FINISH,MX,0.872,25.3,1.75,21,7158.02,5,4,28.8,4,0,0,1
PO004742,V0100,FINISH,US,0.802,15.8,2.59,19,4724.64,3,3,16.1,0,0,0,0
PO004743,V0037,RAW,DE,0.831,10.3,3.17,12,3861.45,6,2,14.0,4,0,0,1
PO004744,V0054,RAW,MX,0.782,9.2,4.8,24,33855.13,2,1,8.4,1,0,0,0
PO004745,V0027,FINISH,US,0.879,14.1,1.64,15,18328.27,7,4,9.0,3,0,0,1
PO004746,V0007,RAW,CN,0.794,7.6,1.78,6,14834.78,4,2,4.3,1,0,0,0
PO004747,V0001,SERVICE,DE,0.945,3.6,1.62,16,20021.54,8,2,1.5,4,0,0,1
PO004748,V0004,FINISH,DE,0.824,16.8,3.06,16,4835.46,6,5,16.2,3,0,0,1
PO004749,V0090,RAW,CN,0.774,7.8,3.44,12,19823.82,5,3,9.7,3,0,0,1
PO004750,V0002,SERVICE,US,0.98,6.3,1.85,11,36835.63,5,1,4.7,0,0,0,1
PO004751,V0036,FINISH,IN,0.606,23.8,4.18,21,2451.35,7,5,22.1,0,1,1,0
PO004752,V0055,PACK,CN,0.619,8.4,4.01,9,2800.82,10,2,6.6,0,0,0,0
PO004753,V0094,FINISH,CN,0.66,16.0,4.18,11,3440.07,8,5,16.8,3,0,0,0
PO004754,V0059,PACK,IN,0.786,5.6,2.97,7,2728.27,5,2,11.4,1,0,0,1
PO004755,V0087,FINISH,US,0.855,19.7,4.93,9,4226.68,5,4,18.6,4,0,1,1
PO004756,V0041,RAW,DE,0.93,9.9,1.69,10,1456.69,3,2,12.1,6,0,0,1
PO004757,V0050,RAW,IN,0.638,7.8,3.79,16,141575.91,8,2,7.8,1,1,0,1
PO004758,V0071,PACK,CN,0.695,5.7,1.12,18,971.67,2,2,6.8,3,0,0,0
PO004759,V0080,FINISH,IN,0.721,16.6,1.84,13,52458.32,8,5,21.1,2,1,0,0
PO004760,V0048,PACK,MX,0.846,9.8,4.62,11,2235.86,3,2,4.0,3,0,0,0
PO004761,V0020,PACK,US,0.98,9.9,1.97,17,7503.09,7,3,10.1,4,0,0,1
PO004762,V0052,SERVICE,DE,0.824,6.4,2.72,18,886.68,3,1,9.0,1,1,0,1
PO004763,V0074,SERVICE,IN,0.772,3.6,4.71,15,9230.94,6,2,5.2,6,0,0,0
PO004764,V0060,FINISH,US,0.834,24.4,3.33,25,5143.76,3,3,24.2,1,0,0,1
PO004765,V0070,FINISH,US,0.901,21.3,4.09,15,9239.49,1,3,19.2,6,0,1,1
PO004766,V0043,RAW,DE,0.98,7.1,1.46,6,14047.43,8,3,4.1,6,0,0,1
PO004767,V0046,FINISH,CN,0.577,23.2,1.65,8,6504.11,6,4,24.8,5,0,0,0
PO004768,V0023,RAW,CN,0.614,11.8,2.55,22,2708.67,2,2,12.8,1,0,0,0
PO004769,V0058,SERVICE,US,0.874,4.5,2.48,13,6797.99,3,1,7.3,4,0,1,1
PO004770,V0085,RAW,DE,0.792,11.5,3.28,16,6892.81,8,1,13.0,2,0,0,1
PO004771,V0097,FINISH,US,0.933,26.7,3.5,16,1887.38,7,4,29.3,6,0,0,1
PO004772,V0032,SERVICE,MX,0.694,6.7,2.48,12,36727.83,3,2,4.6,5,1,1,0
PO004773,V0074,SERVICE,IN,0.772,3.6,4.71,15,28702.89,7,1,4.8,1,0,0,0
PO004774,V0062,FINISH,DE,0.881,22.2,4.6,6,2516.03,3,5,22.2,2,0,0,0
PO004775,V0069,RAW,DE,0.892,8.6,3.69,16,5971.97,7,2,9.1,4,0,0,1
PO004776,V0018,RAW,MX,0.757,10.6,3.81,25,2400.74,8,1,11.6,2,0,0,1
PO004777,V0050,RAW,IN,0.638,7.8,3.79,16,8317.78,2,3,9.7,0,0,0,0
PO004778,V0050,RAW,IN,0.638,7.8,3.79,16,3238.39,6,3,7.8,0,1,1,0
PO004779,V0045,PACK,US,0.98,8.2,1.18,13,11960.34,5,4,7.1,6,0,0,1
PO004780,V0050,RAW,IN,0.638,7.8,3.79,16,13463.2,3,4,7.9,1,0,0,0
PO004781,V0089,PACK,MX,0.613,8.8,1.75,13,6330.25,6,4,5.0,6,0,0,0
PO004782,V0048,PACK,MX,0.846,9.8,4.62,11,25208.97,7,4,12.7,6,1,1,0
PO004783,V0081,PACK,CN,0.884,5.2,2.01,15,7117.32,6,4,1.0,1,0,0,1
PO004784,V0006,SERVICE,US,0.821,4.0,3.65,13,59564.91,8,2,8.0,1,0,0,0
PO004785,V0084,PACK,IN,0.592,5.4,3.15,16,2738.66,6,2,4.3,3,0,0,1
PO004786,V0031,PACK,CN,0.783,6.4,1.1,17,31430.93,3,2,5.2,2,0,0,0
PO004787,V0090,RAW,CN,0.774,7.8,3.44,12,10171.64,6,4,6.9,6,1,1,0
PO004788,V0037,RAW,DE,0.831,10.3,3.17,12,18180.84,4,1,10.7,0,0,0,1
PO004789,V0042,FINISH,CN,0.807,23.2,2.12,16,5866.63,5,5,24.1,5,1,0,1
PO004790,V0060,FINISH,US,0.834,24.4,3.33,25,27524.03,5,3,22.6,1,0,0,0
PO004791,V0004,FINISH,DE,0.824,16.8,3.06,16,768.33,4,3,17.7,0,0,1,0
PO004792,V0063,FINISH,MX,0.98,17.9,1.75,15,9737.28,3,4,17.2,1,0,0,1
PO004793,V0039,RAW,IN,0.627,7.4,3.13,15,32604.14,8,1,9.4,3,0,0,0
PO004794,V0076,RAW,US,0.841,8.0,3.56,11,374.24,5,3,6.5,1,0,0,1
PO004795,V0062,FINISH,DE,0.881,22.2,4.6,6,3467.22,3,5,20.7,3,0,0,1
PO004796,V0003,PACK,DE,0.708,8.1,1.56,12,19589.67,9,2,11.3,5,0,0,0
PO004797,V0069,RAW,DE,0.892,8.6,3.69,16,7799.79,3,5,7.9,6,0,0,1
PO004798,V0042,FINISH,CN,0.807,23.2,2.12,16,18838.08,5,5,24.3,6,0,0,0
PO004799,V0075,SERVICE,DE,0.673,5.5,1.96,8,13160.59,3,1,5.1,4,0,1,1
PO004800,V0061,FINISH,US,0.872,15.0,3.22,16,4665.92,6,5,14.6,5,0,0,0
PO004801,V0099,FINISH,US,0.857,24.7,4.51,13,24027.06,4,3,24.2,0,0,0,1
PO004802,V0064,RAW,CN,0.639,13.8,4.94,17,18968.28,2,2,11.8,3,0,1,0
PO004803,V0021,FINISH,US,0.98,22.9,3.14,9,6111.39,7,3,22.0,2,0,0,1
PO004804,V0072,RAW,CN,0.817,8.0,1.06,13,987.26,5,5,8.9,3,0,0,1
PO004805,V0032,SERVICE,MX,0.694,6.7,2.48,12,1240.33,6,1,5.9,0,0,0,1
PO004806,V0076,RAW,US,0.841,8.0,3.56,11,9749.5,6,5,7.0,2,0,0,1
PO004807,V0053,SERVICE,US,0.98,4.3,4.58,14,42586.87,2,2,7.4,4,0,0,0
PO004808,V0042,FINISH,CN,0.807,23.2,2.12,16,14815.49,10,3,22.3,0,0,0,0
PO004809,V0006,SERVICE,US,0.821,4.0,3.65,13,5224.31,1,2,5.6,4,0,0,1
PO004810,V0007,RAW,CN,0.794,7.6,1.78,6,16491.27,5,2,6.2,4,0,1,1
PO004811,V0093,SERVICE,DE,0.917,6.8,1.72,8,9339.66,4,1,6.2,6,0,0,1
PO004812,V0004,FINISH,DE,0.824,16.8,3.06,16,33011.24,8,4,19.5,5,0,0,0
PO004813,V0066,PACK,CN,0.769,9.7,4.46,6,4044.4,7,2,7.5,5,0,0,0
PO004814,V0072,RAW,CN,0.817,8.0,1.06,13,6656.17,3,2,10.0,5,1,1,1
PO004815,V0015,FINISH,MX,0.872,25.3,1.75,21,1220.63,4,3,25.1,3,0,0,1
PO004816,V0053,SERVICE,US,0.98,4.3,4.58,14,7490.37,8,2,2.7,0,0,0,1
PO004817,V0066,PACK,CN,0.769,9.7,4.46,6,14538.06,11,1,6.2,1,1,0,0
PO004818,V0098,FINISH,US,0.629,22.7,3.13,10,3222.08,3,3,25.1,4,0,1,0
PO004819,V0026,RAW,DE,0.898,12.1,4.59,17,10829.51,2,4,13.7,4,0,0,1
PO004820,V0043,RAW,DE,0.98,7.1,1.46,6,1582.97,6,2,6.7,0,0,1,1
PO004821,V0090,RAW,CN,0.774,7.8,3.44,12,897.8,7,3,6.9,6,0,0,1
PO004822,V0098,FINISH,US,0.629,22.7,3.13,10,1837.37,7,4,23.9,0,0,0,0
PO004823,V0049,RAW,US,0.878,7.5,2.28,20,25369.06,8,2,7.6,1,0,0,0
PO004824,V0003,PACK,DE,0.708,8.1,1.56,12,4708.0,5,5,8.7,2,0,1,1
PO004825,V0043,RAW,DE,0.98,7.1,1.46,6,2137.87,5,3,6.8,1,0,0,0
PO004826,V0006,SERVICE,US,0.821,4.0,3.65,13,5571.94,8,1,7.3,3,0,0,1
PO004827,V0025,PACK,IN,0.539,5.5,4.59,21,3936.95,4,4,4.8,5,0,0,0
PO004828,V0055,PACK,CN,0.619,8.4,4.01,9,9007.52,5,1,6.5,1,1,0,1
PO004829,V0003,PACK,DE,0.708,8.1,1.56,12,2999.45,3,2,8.8,3,0,0,1
PO004830,V0020,PACK,US,0.98,9.9,1.97,17,26943.74,2,4,10.4,1,1,1,1
PO004831,V0078,RAW,US,0.9,7.8,2.84,11,1988.24,7,3,10.2,0,0,0,1
PO004832,V0022,RAW,DE,0.74,7.3,3.36,17,2166.76,3,2,5.3,3,0,0,1
PO004833,V0011,RAW,DE,0.769,12.1,3.55,21,843.53,6,4,15.4,3,0,1,1
PO004834,V0047,PACK,US,0.861,6.9,3.57,14,14326.95,7,3,7.9,5,0,0,1
PO004835,V0014,FINISH,DE,0.85,17.2,1.31,12,2045.72,2,4,13.0,2,0,0,1
PO004836,V0055,PACK,CN,0.619,8.4,4.01,9,22481.21,7,1,7.4,3,0,1,0
PO004837,V0093,SERVICE,DE,0.917,6.8,1.72,8,14276.67,4,1,6.3,6,1,0,1
PO004838,V0065,FINISH,DE,0.79,26.8,4.29,23,899.25,7,4,27.4,4,0,0,1
PO004839,V0018,RAW,MX,0.757,10.6,3.81,25,18230.42,6,1,6.4,5,0,0,1
PO004840,V0030,PACK,MX,0.97,9.5,3.52,19,13176.82,6,1,10.2,4,0,0,1
PO004841,V0020,PACK,US,0.98,9.9,1.97,17,1528.59,3,1,10.4,3,0,1,1
PO004842,V0095,FINISH,US,0.879,19.0,4.51,14,6503.55,9,4,16.6,5,0,0,0
PO004843,V0007,RAW,CN,0.794,7.6,1.78,6,2561.75,4,4,8.8,2,0,0,0
PO004844,V0085,RAW,DE,0.792,11.5,3.28,16,15181.78,5,3,12.9,3,0,0,1
PO004845,V0045,PACK,US,0.98,8.2,1.18,13,13648.62,4,3,7.2,4,0,0,1
PO004846,V0022,RAW,DE,0.74,7.3,3.36,17,16499.79,2,1,4.6,1,0,0,1
PO004847,V0091,PACK,US,0.785,6.7,1.54,13,5194.3,5,3,5.5,3,0,1,1
PO004848,V0019,RAW,DE,0.886,7.4,2.11,21,970.53,2,5,9.0,0,0,0,0
PO004849,V0032,SERVICE,MX,0.694,6.7,2.48,12,3221.46,8,1,4.3,5,0,1,1
PO004850,V0051,FINISH,CN,0.637,24.5,4.23,13,6604.7,4,3,30.7,0,0,1,0
PO004851,V0019,RAW,DE,0.886,7.4,2.11,21,12920.64,4,2,6.1,4,0,0,1
PO004852,V0001,SERVICE,DE,0.945,3.6,1.62,16,30336.96,3,1,3.9,1,1,0,1
PO004853,V0085,RAW,DE,0.792,11.5,3.28,16,20505.4,6,2,11.9,6,0,0,1
PO004854,V0028,RAW,CN,0.649,12.0,1.95,13,3438.7,5,3,10.6,1,0,0,1
PO004855,V0018,RAW,MX,0.757,10.6,3.81,25,4802.01,0,3,12.0,0,0,0,0
PO004856,V0050,RAW,IN,0.638,7.8,3.79,16,86341.45,8,3,8.1,3,0,0,0
PO004857,V0028,RAW,CN,0.649,12.0,1.95,13,29983.02,3,5,17.3,4,0,0,0
PO004858,V0041,RAW,DE,0.93,9.9,1.69,10,4943.58,5,3,7.7,0,0,0,1
PO004859,V0004,FINISH,DE,0.824,16.8,3.06,16,2936.41,6,4,13.2,3,0,0,0
PO004860,V0021,FINISH,US,0.98,22.9,3.14,9,2768.35,5,3,23.7,3,0,0,0
PO004861,V0012,FINISH,US,0.73,24.7,3.25,18,16473.03,4,5,24.2,4,0,0,0
PO004862,V0040,SERVICE,CN,0.742,5.1,2.29,19,1881.31,9,1,5.9,2,0,0,1
PO004863,V0076,RAW,US,0.841,8.0,3.56,11,183766.77,4,1,6.3,3,0,0,1
PO004864,V0009,FINISH,US,0.782,14.1,4.26,17,10316.03,3,4,16.6,5,0,0,1
PO004865,V0020,PACK,US,0.98,9.9,1.97,17,6749.69,6,1,11.2,5,0,0,0
PO004866,V0027,FINISH,US,0.879,14.1,1.64,15,26767.1,5,3,12.0,0,0,0,1
PO004867,V0057,FINISH,US,0.768,15.2,3.8,17,2565.34,4,4,14.5,3,0,0,0
PO004868,V0068,RAW,DE,0.98,7.4,4.46,20,6764.45,8,2,10.8,5,1,0,1
PO004869,V0032,SERVICE,MX,0.694,6.7,2.48,12,6477.79,6,2,5.1,6,0,0,1
PO004870,V0075,SERVICE,DE,0.673,5.5,1.96,8,6588.91,6,2,6.4,4,0,0,1
PO004871,V0017,FINISH,IN,0.701,19.8,1.89,10,5398.02,7,3,18.5,1,0,1,0
PO004872,V0024,RAW,DE,0.927,13.5,4.51,12,6431.68,5,2,15.4,5,0,0,1
PO004873,V0096,PACK,DE,0.98,7.3,2.21,18,3511.41,3,4,4.5,3,0,1,0
PO004874,V0007,RAW,CN,0.794,7.6,1.78,6,174875.87,5,1,6.6,3,0,0,1
PO004875,V0099,FINISH,US,0.857,24.7,4.51,13,22209.0,3,4,24.9,1,0,0,1
PO004876,V0008,RAW,DE,0.897,12.8,2.43,12,5744.98,5,2,13.1,6,0,0,1
PO004877,V0026,RAW,DE,0.898,12.1,4.59,17,8555.44,9,2,11.9,0,0,0,1
PO004878,V0088,FINISH,MX,0.697,25.4,2.03,11,7204.96,8,3,24.7,2,0,0,0
PO004879,V0088,FINISH,MX,0.697,25.4,2.03,11,7236.91,3,3,28.2,4,0,0,1
PO004880,V0085,RAW,DE,0.792,11.5,3.28,16,1001.96,3,1,9.4,2,0,0,1
PO004881,V0032,SERVICE,MX,0.694,6.7,2.48,12,16035.27,3,2,6.6,2,1,0,1
PO004882,V0004,FINISH,DE,0.824,16.8,3.06,16,33496.54,10,5,15.2,6,1,0,1
PO004883,V0100,FINISH,US,0.802,15.8,2.59,19,3048.73,10,3,17.3,1,0,1,1
PO004884,V0029,FINISH,CN,0.802,15.3,2.47,12,15526.92,7,5,15.5,0,0,0,1
PO004885,V0066,PACK,CN,0.769,9.7,4.46,6,6316.32,5,2,8.6,3,0,0,1
PO004886,V0059,PACK,IN,0.786,5.6,2.97,7,6587.99,3,3,4.3,6,0,0,1
PO004887,V0084,PACK,IN,0.592,5.4,3.15,16,3377.27,5,5,5.3,3,0,0,0
PO004888,V0017,FINISH,IN,0.701,19.8,1.89,10,1622.11,4,3,18.3,0,0,0,0
PO004889,V0094,FINISH,CN,0.66,16.0,4.18,11,8017.03,5,3,13.7,5,1,0,1
PO004890,V0059,PACK,IN,0.786,5.6,2.97,7,11262.84,5,4,3.5,6,0,1,1
PO004891,V0024,RAW,DE,0.927,13.5,4.51,12,25886.54,6,2,11.7,3,0,0,1
PO004892,V0082,PACK,US,0.825,7.7,1.97,12,5895.43,6,2,9.3,4,0,0,1
PO004893,V0025,PACK,IN,0.539,5.5,4.59,21,10120.61,6,2,4.2,1,0,1,0
PO004894,V0016,FINISH,IN,0.733,18.5,1.44,12,58881.31,7,5,18.6,3,0,0,1
PO004895,V0013,PACK,CN,0.729,6.6,3.03,21,609.62,3,2,6.2,3,0,0,1
PO004896,V0036,FINISH,IN,0.606,23.8,4.18,21,3816.24,1,5,21.3,1,0,0,1
PO004897,V0065,FINISH,DE,0.79,26.8,4.29,23,10130.38,6,4,26.1,3,0,0,0
PO004898,V0074,SERVICE,IN,0.772,3.6,4.71,15,17024.51,2,1,4.8,0,0,1,1
PO004899,V0043,RAW,DE,0.98,7.1,1.46,6,4777.79,5,3,9.2,5,1,0,1
PO004900,V0092,FINISH,US,0.855,24.6,3.38,15,6487.49,2,5,23.0,4,0,0,1
PO004901,V0011,RAW,DE,0.769,12.1,3.55,21,5678.1,1,3,8.1,2,0,1,1
PO004902,V0062,FINISH,DE,0.881,22.2,4.6,6,11645.13,6,4,19.8,4,0,0,1
PO004903,V0006,SERVICE,US,0.821,4.0,3.65,13,15952.97,4,2,6.1,2,0,0,0
PO004904,V0077,PACK,IN,0.601,6.0,1.16,11,3017.14,10,3,10.4,1,0,0,0
PO004905,V0066,PACK,CN,0.769,9.7,4.46,6,7028.32,3,4,10.3,0,0,0,1
PO004906,V0085,RAW,DE,0.792,11.5,3.28,16,14819.59,8,4,9.4,0,0,1,0
PO004907,V0076,RAW,US,0.841,8.0,3.56,11,14299.52,3,2,10.5,0,1,0,1
PO004908,V0089,PACK,MX,0.613,8.8,1.75,13,6153.65,5,1,6.6,4,0,0,0
PO004909,V0012,FINISH,US,0.73,24.7,3.25,18,835.23,8,4,23.6,5,0,0,1
PO004910,V0098,FINISH,US,0.629,22.7,3.13,10,81995.08,8,4,25.0,3,0,0,0
PO004911,V0061,FINISH,US,0.872,15.0,3.22,16,8170.16,4,5,13.1,2,0,0,1
PO004912,V0036,FINISH,IN,0.606,23.8,4.18,21,21025.37,8,4,23.8,5,0,1,1
PO004913,V0034,SERVICE,CN,0.595,3.6,3.07,20,10440.27,5,1,5.6,5,0,1,0
PO004914,V0069,RAW,DE,0.892,8.6,3.69,16,185730.18,6,5,8.4,3,1,0,1
PO004915,V0053,SERVICE,US,0.98,4.3,4.58,14,10164.81,4,2,7.7,3,0,0,1
PO004916,V0055,PACK,CN,0.619,8.4,4.01,9,11023.03,5,3,9.9,2,0,0,1
PO004917,V0034,SERVICE,CN,0.595,3.6,3.07,20,22411.93,5,2,5.2,1,0,0,1
PO004918,V0015,FINISH,MX,0.872,25.3,1.75,21,13672.28,5,4,26.6,3,0,1,0
PO004919,V0098,FINISH,US,0.629,22.7,3.13,10,8119.91,3,4,23.2,6,0,0,0
PO004920,V0070,FINISH,US,0.901,21.3,4.09,15,4919.45,4,4,20.7,0,0,0,1
PO004921,V0092,FINISH,US,0.855,24.6,3.38,15,20917.75,4,4,24.3,1,0,0,1
PO004922,V0044,FINISH,IN,0.629,20.6,1.39,15,5783.44,6,4,24.1,4,0,0,0
PO004923,V0046,FINISH,CN,0.577,23.2,1.65,8,3753.85,6,5,22.6,1,0,0,1
PO004924,V0065,FINISH,DE,0.79,26.8,4.29,23,21779.48,3,4,23.2,1,1,0,1
PO004925,V0095,FINISH,US,0.879,19.0,4.51,14,16186.46,2,4,20.0,0,1,0,1
PO004926,V0081,PACK,CN,0.884,5.2,2.01,15,39527.54,3,1,4.3,5,0,0,1
PO004927,V0035,FINISH,CN,0.582,25.3,4.24,15,7618.95,2,3,25.2,3,0,0,1
PO004928,V0038,RAW,US,0.858,12.8,2.44,10,482517.54,4,2,11.3,5,0,0,1
PO004929,V0048,PACK,MX,0.846,9.8,4.62,11,7969.83,5,3,10.8,3,0,0,0
PO004930,V0049,RAW,US,0.878,7.5,2.28,20,3231.53,4,4,12.9,1,0,0,1
PO004931,V0002,SERVICE,US,0.98,6.3,1.85,11,6098.69,4,1,4.5,5,0,0,1
PO004932,V0045,PACK,US,0.98,8.2,1.18,13,8154.44,4,2,8.5,1,1,0,1
PO004933,V0025,PACK,IN,0.539,5.5,4.59,21,16327.46,1,4,6.1,6,1,0,0
PO004934,V0081,PACK,CN,0.884,5.2,2.01,15,16869.15,0,1,4.2,1,0,0,1
PO004935,V0057,FINISH,US,0.768,15.2,3.8,17,52599.62,3,5,14.1,6,1,0,0
PO004936,V0013,PACK,CN,0.729,6.6,3.03,21,72005.14,8,3,4.1,4,0,1,0
PO004937,V0092,FINISH,US,0.855,24.6,3.38,15,25622.69,1,3,24.9,2,0,0,0
PO004938,V0093,SERVICE,DE,0.917,6.8,1.72,8,24056.3,7,2,6.4,3,0,0,1
PO004939,V0089,PACK,MX,0.613,8.8,1.75,13,2806.8,10,1,9.6,6,0,0,1
PO004940,V0098,FINISH,US,0.629,22.7,3.13,10,1722.15,4,4,22.1,4,0,0,0
PO004941,V0090,RAW,CN,0.774,7.8,3.44,12,6920.02,8,5,9.4,6,0,0,0
PO004942,V0017,FINISH,IN,0.701,19.8,1.89,10,898.4,5,5,19.2,6,0,0,1
PO004943,V0092,FINISH,US,0.855,24.6,3.38,15,28713.14,7,5,22.8,1,0,0,1
PO004944,V0012,FINISH,US,0.73,24.7,3.25,18,7186.47,2,4,24.6,1,1,0,0
PO004945,V0095,FINISH,US,0.879,19.0,4.51,14,448.52,5,5,19.9,2,0,0,1
PO004946,V0015,FINISH,MX,0.872,25.3,1.75,21,1345.32,4,3,26.3,6,1,0,1
PO004947,V0042,FINISH,CN,0.807,23.2,2.12,16,20898.37,1,4,22.4,0,0,0,1
PO004948,V0016,FINISH,IN,0.733,18.5,1.44,12,2043.42,4,3,17.6,1,0,0,1
PO004949,V0060,FINISH,US,0.834,24.4,3.33,25,29390.83,5,4,23.5,0,0,0,1
PO004950,V0020,PACK,US,0.98,9.9,1.97,17,100430.64,7,2,12.6,4,0,0,1
PO004951,V0038,RAW,US,0.858,12.8,2.44,10,18097.82,4,4,10.5,4,0,1,0
PO004952,V0061,FINISH,US,0.872,15.0,3.22,16,17425.97,8,5,14.0,2,0,0,0
PO004953,V0078,RAW,US,0.9,7.8,2.84,11,1209.82,6,3,7.3,0,0,0,0
PO004954,V0094,FINISH,CN,0.66,16.0,4.18,11,3027.55,3,5,15.6,6,0,0,0
PO004955,V0010,RAW,IN,0.761,9.5,1.46,20,22734.13,5,4,10.7,4,0,0,1
PO004956,V0048,PACK,MX,0.846,9.8,4.62,11,3409.65,3,2,7.7,5,1,0,1
PO004957,V0059,PACK,IN,0.786,5.6,2.97,7,12943.26,3,2,6.1,2,0,0,0
PO004958,V0029,FINISH,CN,0.802,15.3,2.47,12,6366.67,7,5,17.0,0,0,0,1
PO004959,V0067,FINISH,DE,0.709,27.6,4.37,19,30954.04,7,3,28.2,0,0,0,1
PO004960,V0097,FINISH,US,0.933,26.7,3.5,16,4216.65,4,4,28.9,6,1,0,1
PO004961,V0034,SERVICE,CN,0.595,3.6,3.07,20,65707.35,4,2,5.3,0,0,1,1
PO004962,V0059,PACK,IN,0.786,5.6,2.97,7,6197.03,4,2,4.9,5,0,0,1
PO004963,V0042,FINISH,CN,0.807,23.2,2.12,16,5909.96,5,5,24.8,6,0,0,1
PO004964,V0049,RAW,US,0.878,7.5,2.28,20,804.05,3,1,4.5,5,0,0,0
PO004965,V0098,FINISH,US,0.629,22.7,3.13,10,5491.12,7,4,20.8,0,0,0,0
PO004966,V0069,RAW,DE,0.892,8.6,3.69,16,5981.32,3,1,7.3,1,0,0,1
PO004967,V0019,RAW,DE,0.886,7.4,2.11,21,47564.34,6,4,9.5,0,0,0,1
PO004968,V0055,PACK,CN,0.619,8.4,4.01,9,17279.64,3,3,3.7,2,1,1,0
PO004969,V0007,RAW,CN,0.794,7.6,1.78,6,7978.59,5,2,5.8,5,0,0,1
PO004970,V0034,SERVICE,CN,0.595,3.6,3.07,20,23388.72,4,2,5.3,6,0,0,0
PO004971,V0028,RAW,CN,0.649,12.0,1.95,13,7389.34,8,1,14.9,3,0,1,1
PO004972,V0047,PACK,US,0.861,6.9,3.57,14,1206.63,6,1,7.6,6,0,1,1
PO004973,V0041,RAW,DE,0.93,9.9,1.69,10,1092.23,6,2,10.3,1,0,0,1
PO004974,V0039,RAW,IN,0.627,7.4,3.13,15,4321.42,5,3,9.1,6,0,0,1
PO004975,V0079,FINISH,CN,0.65,26.2,4.68,7,5731.79,3,4,24.6,2,1,1,1
PO004976,V0076,RAW,US,0.841,8.0,3.56,11,41903.34,4,1,8.6,1,1,0,1
PO004977,V0091,PACK,US,0.785,6.7,1.54,13,5489.31,3,4,7.1,0,0,0,1
PO004978,V0004,FINISH,DE,0.824,16.8,3.06,16,5026.88,5,3,21.4,2,1,1,0
PO004979,V0076,RAW,US,0.841,8.0,3.56,11,11006.97,4,3,11.4,2,0,0,1
PO004980,V0051,FINISH,CN,0.637,24.5,4.23,13,22481.51,6,4,22.9,6,0,0,1
PO004981,V0052,SERVICE,DE,0.824,6.4,2.72,18,2157.68,6,1,9.7,0,0,0,0
PO004982,V0012,FINISH,US,0.73,24.7,3.25,18,13687.77,4,4,23.7,1,0,0,0
PO004983,V0061,FINISH,US,0.872,15.0,3.22,16,2617.61,3,3,13.0,5,0,1,0
PO004984,V0037,RAW,DE,0.831,10.3,3.17,12,8210.51,0,2,10.1,6,0,0,1
PO004985,V0088,FINISH,MX,0.697,25.4,2.03,11,2087.33,1,3,26.1,1,0,0,0
PO004986,V0077,PACK,IN,0.601,6.0,1.16,11,30665.55,4,1,3.6,3,0,0,1
PO004987,V0006,SERVICE,US,0.821,4.0,3.65,13,49368.39,5,2,5.7,1,0,0,1
PO004988,V0003,PACK,DE,0.708,8.1,1.56,12,9754.79,3,4,10.3,6,0,0,0
PO004989,V0086,RAW,US,0.712,8.7,1.64,11,25136.26,7,1,3.4,3,0,0,1
PO004990,V0024,RAW,DE,0.927,13.5,4.51,12,1157.27,13,3,10.2,2,0,0,1
PO004991,V0014,FINISH,DE,0.85,17.2,1.31,12,8523.94,3,5,16.1,5,0,0,0
PO004992,V0085,RAW,DE,0.792,11.5,3.28,16,5395.32,4,2,5.5,1,0,0,1
PO004993,V0015,FINISH,MX,0.872,25.3,1.75,21,4040.92,3,5,26.3,5,0,0,1
PO004994,V0020,PACK,US,0.98,9.9,1.97,17,22353.48,5,2,11.2,4,0,0,1
PO004995,V0052,SERVICE,DE,0.824,6.4,2.72,18,28296.37,7,1,8.0,6,0,0,1
PO004996,V0084,PACK,IN,0.592,5.4,3.15,16,6932.84,5,3,5.5,6,0,0,1
PO004997,V0044,FINISH,IN,0.629,20.6,1.39,15,24038.66,9,4,19.7,2,0,0,1
PO004998,V0064,RAW,CN,0.639,13.8,4.94,17,10721.41,5,2,13.4,3,0,0,1
PO004999,V0069,RAW,DE,0.892,8.6,3.69,16,4644.07,3,2,11.2,2,1,0,0
PO005000,V0067,FINISH,DE,0.709,27.6,4.37,19,25132.03,4,4,28.2,4,0,0,0
PO005001,V0081,PACK,CN,0.884,5.2,2.01,15,15232.71,6,1,7.4,5,1,0,1
PO005002,V0074,SERVICE,IN,0.772,3.6,4.71,15,3008.48,3,1,3.9,6,0,0,1
PO005003,V0071,PACK,CN,0.695,5.7,1.12,18,4928.0,6,3,1.7,1,0,0,0
PO005004,V0008,RAW,DE,0.897,12.8,2.43,12,6391.7,3,2,11.8,0,1,1,1
PO005005,V0086,RAW,US,0.712,8.7,1.64,11,1465.21,5,1,5.7,2,0,1,1
PO005006,V0050,RAW,IN,0.638,7.8,3.79,16,7792.27,3,2,6.4,0,0,1,0
PO005007,V0063,FINISH,MX,0.98,17.9,1.75,15,14853.44,5,3,16.9,5,0,0,0
PO005008,V0060,FINISH,US,0.834,24.4,3.33,25,15277.21,6,4,22.0,1,0,0,0
PO005009,V0026,RAW,DE,0.898,12.1,4.59,17,15109.63,6,5,7.8,3,0,0,0
PO005010,V0078,RAW,US,0.9,7.8,2.84,11,24602.02,10,1,5.7,3,0,0,0
PO005011,V0062,FINISH,DE,0.881,22.2,4.6,6,8152.52,5,5,26.7,5,0,0,0
PO005012,V0013,PACK,CN,0.729,6.6,3.03,21,55377.34,2,5,6.3,4,0,0,0
PO005013,V0025,PACK,IN,0.539,5.5,4.59,21,1626.32,3,4,7.9,2,0,0,1
PO005014,V0040,SERVICE,CN,0.742,5.1,2.29,19,26366.1,4,1,3.2,6,0,0,1
PO005015,V0096,PACK,DE,0.98,7.3,2.21,18,4303.18,0,2,7.9,0,0,0,1
PO005016,V0013,PACK,CN,0.729,6.6,3.03,21,18775.27,6,2,6.5,2,0,0,0
PO005017,V0053,SERVICE,US,0.98,4.3,4.58,14,1465.12,5,2,4.6,1,0,0,1
PO005018,V0092,FINISH,US,0.855,24.6,3.38,15,325.48,7,4,23.0,6,0,0,1
PO005019,V0099,FINISH,US,0.857,24.7,4.51,13,7517.54,3,4,23.8,3,0,0,0
PO005020,V0017,FINISH,IN,0.701,19.8,1.89,10,9225.11,10,5,19.5,3,1,0,0
PO005021,V0024,RAW,DE,0.927,13.5,4.51,12,28035.84,3,2,12.6,1,0,0,1
PO005022,V0006,SERVICE,US,0.821,4.0,3.65,13,20697.42,5,2,3.4,5,0,0,1
PO005023,V0099,FINISH,US,0.857,24.7,4.51,13,55297.46,8,4,24.3,1,0,0,0
PO005024,V0097,FINISH,US,0.933,26.7,3.5,16,38320.97,5,4,26.9,5,0,0,1
PO005025,V0071,PACK,CN,0.695,5.7,1.12,18,799.91,10,2,5.5,4,0,0,1
PO005026,V0046,FINISH,CN,0.577,23.2,1.65,8,6855.84,6,3,21.7,3,0,1,0
PO005027,V0041,RAW,DE,0.93,9.9,1.69,10,25995.65,5,2,8.3,3,0,1,1
PO005028,V0057,FINISH,US,0.768,15.2,3.8,17,12156.21,4,4,16.9,1,0,0,1
PO005029,V0011,RAW,DE,0.769,12.1,3.55,21,31552.53,3,1,11.6,0,0,0,1
PO005030,V0098,FINISH,US,0.629,22.7,3.13,10,30156.77,3,5,24.9,0,1,0,0
PO005031,V0031,PACK,CN,0.783,6.4,1.1,17,26293.23,6,2,9.6,6,0,0,1
PO005032,V0013,PACK,CN,0.729,6.6,3.03,21,2899.64,6,1,7.4,3,0,0,1
PO005033,V0067,FINISH,DE,0.709,27.6,4.37,19,11625.28,5,5,27.1,5,0,0,0
PO005034,V0034,SERVICE,CN,0.595,3.6,3.07,20,11900.67,9,1,1.0,3,0,0,1
PO005035,V0037,RAW,DE,0.831,10.3,3.17,12,82526.62,1,1,10.9,6,0,0,0
PO005036,V0083,RAW,US,0.785,7.8,4.56,16,8555.14,4,4,10.5,6,1,0,1
PO005037,V0072,RAW,CN,0.817,8.0,1.06,13,3487.55,5,3,13.0,3,0,0,1
PO005038,V0046,FINISH,CN,0.577,23.2,1.65,8,15862.98,6,4,22.6,2,0,0,1
PO005039,V0018,RAW,MX,0.757,10.6,3.81,25,7257.63,3,1,10.3,0,0,1,0
PO005040,V0009,FINISH,US,0.782,14.1,4.26,17,10166.55,5,5,13.7,4,0,0,1
PO005041,V0093,SERVICE,DE,0.917,6.8,1.72,8,13938.73,2,1,7.2,6,0,0,1
PO005042,V0007,RAW,CN,0.794,7.6,1.78,6,5206.95,4,1,6.4,3,0,0,1
PO005043,V0016,FINISH,IN,0.733,18.5,1.44,12,10932.18,6,3,17.8,2,0,0,1
PO005044,V0095,FINISH,US,0.879,19.0,4.51,14,2045.62,9,3,16.0,2,0,0,1
PO005045,V0049,RAW,US,0.878,7.5,2.28,20,3262.51,2,2,10.3,3,0,0,1
PO005046,V0022,RAW,DE,0.74,7.3,3.36,17,943.55,4,2,5.3,0,0,0,1
PO005047,V0092,FINISH,US,0.855,24.6,3.38,15,13039.5,6,5,23.6,3,0,0,1
PO005048,V0084,PACK,IN,0.592,5.4,3.15,16,5728.97,6,3,4.2,5,0,0,1
PO005049,V0081,PACK,CN,0.884,5.2,2.01,15,14886.46,5,4,5.6,1,0,0,1
PO005050,V0088,FINISH,MX,0.697,25.4,2.03,11,2518.19,3,4,24.9,6,0,1,1
PO005051,V0096,PACK,DE,0.98,7.3,2.21,18,10286.94,5,1,6.2,2,0,0,1
PO005052,V0027,FINISH,US,0.879,14.1,1.64,15,3954.21,6,4,13.6,6,0,1,1
PO005053,V0053,SERVICE,US,0.98,4.3,4.58,14,42438.76,2,2,4.7,4,0,0,1
PO005054,V0026,RAW,DE,0.898,12.1,4.59,17,8667.01,3,2,12.5,0,0,0,1
PO005055,V0049,RAW,US,0.878,7.5,2.28,20,4755.59,5,1,9.2,0,0,0,1
PO005056,V0022,RAW,DE,0.74,7.3,3.36,17,35469.05,2,1,6.4,1,0,0,1
PO005057,V0048,PACK,MX,0.846,9.8,4.62,11,10639.5,5,2,8.2,3,0,0,0
PO005058,V0029,FINISH,CN,0.802,15.3,2.47,12,9078.92,6,5,15.0,2,0,0,0
PO005059,V0099,FINISH,US,0.857,24.7,4.51,13,13828.92,5,5,25.3,6,0,1,1
PO005060,V0080,FINISH,IN,0.721,16.6,1.84,13,24065.46,5,5,16.6,5,1,0,1
PO005061,V0096,PACK,DE,0.98,7.3,2.21,18,4829.99,5,4,7.5,2,0,0,1
PO005062,V0087,FINISH,US,0.855,19.7,4.93,9,6779.14,6,4,21.3,1,0,1,0
PO005063,V0096,PACK,DE,0.98,7.3,2.21,18,4173.37,4,3,3.3,1,0,1,1
PO005064,V0001,SERVICE,DE,0.945,3.6,1.62,16,5280.28,5,2,4.9,5,0,0,1
PO005065,V0003,PACK,DE,0.708,8.1,1.56,12,8433.21,4,2,9.4,3,0,0,0
PO005066,V0040,SERVICE,CN,0.742,5.1,2.29,19,13019.05,8,1,5.0,5,1,0,1
PO005067,V0063,FINISH,MX,0.98,17.9,1.75,15,33544.82,3,5,16.6,1,0,1,1
PO005068,V0040,SERVICE,CN,0.742,5.1,2.29,19,12914.49,5,1,4.8,1,0,0,0
PO005069,V0022,RAW,DE,0.74,7.3,3.36,17,9595.15,3,2,6.6,4,0,0,0
PO005070,V0071,PACK,CN,0.695,5.7,1.12,18,58988.61,5,1,2.5,5,1,0,1
PO005071,V0080,FINISH,IN,0.721,16.6,1.84,13,2051.94,6,4,14.3,0,0,0,1
PO005072,V0046,FINISH,CN,0.577,23.2,1.65,8,1648.12,8,4,20.4,3,0,1,0
PO005073,V0038,RAW,US,0.858,12.8,2.44,10,12706.91,9,3,13.5,4,1,1,1
PO005074,V0013,PACK,CN,0.729,6.6,3.03,21,11375.02,8,3,7.1,6,0,0,1
PO005075,V0049,RAW,US,0.878,7.5,2.28,20,5294.71,7,5,7.7,6,0,0,1
PO005076,V0074,SERVICE,IN,0.772,3.6,4.71,15,6616.56,7,2,1.0,6,0,0,0
PO005077,V0095,FINISH,US,0.879,19.0,4.51,14,5475.11,6,3,19.8,4,1,0,1
PO005078,V0051,FINISH,CN,0.637,24.5,4.23,13,1435.1,7,5,26.4,1,1,1,0
PO005079,V0078,RAW,US,0.9,7.8,2.84,11,22386.22,2,1,7.1,3,0,0,1
PO005080,V0067,FINISH,DE,0.709,27.6,4.37,19,57501.57,5,4,26.5,1,0,0,1
PO005081,V0073,PACK,DE,0.853,7.6,4.13,14,12253.75,3,1,9.3,5,0,0,1
PO005082,V0038,RAW,US,0.858,12.8,2.44,10,5228.68,5,2,11.4,3,0,0,1
PO005083,V0022,RAW,DE,0.74,7.3,3.36,17,6898.67,9,2,7.9,0,1,0,0
PO005084,V0041,RAW,DE,0.93,9.9,1.69,10,44419.44,5,3,11.8,2,0,0,0
PO005085,V0056,PACK,US,0.729,7.2,4.55,13,12322.64,6,1,8.1,0,0,0,0
PO005086,V0027,FINISH,US,0.879,14.1,1.64,15,4540.34,2,3,12.4,4,0,0,1
PO005087,V0079,FINISH,CN,0.65,26.2,4.68,7,25846.27,5,5,24.7,1,0,0,0
PO005088,V0091,PACK,US,0.785,6.7,1.54,13,21055.09,6,3,9.7,5,0,0,1
PO005089,V0017,FINISH,IN,0.701,19.8,1.89,10,7933.46,3,5,21.6,5,0,0,1
PO005090,V0077,PACK,IN,0.601,6.0,1.16,11,7396.32,2,3,5.3,2,0,1,1
PO005091,V0073,PACK,DE,0.853,7.6,4.13,14,8348.36,6,1,9.9,1,0,0,1
PO005092,V0072,RAW,CN,0.817,8.0,1.06,13,33895.02,2,2,10.4,0,0,0,1
PO005093,V0039,RAW,IN,0.627,7.4,3.13,15,15710.95,4,2,10.2,4,0,0,1
PO005094,V0013,PACK,CN,0.729,6.6,3.03,21,796.35,8,4,5.8,6,0,0,1
PO005095,V0062,FINISH,DE,0.881,22.2,4.6,6,23971.17,4,5,24.5,5,0,1,0
PO005096,V0070,FINISH,US,0.901,21.3,4.09,15,4128.5,8,5,20.3,3,0,0,1
PO005097,V0081,PACK,CN,0.884,5.2,2.01,15,24321.82,6,3,5.8,4,0,1,1
PO005098,V0084,PACK,IN,0.592,5.4,3.15,16,6215.5,3,1,5.4,3,0,0,1
PO005099,V0090,RAW,CN,0.774,7.8,3.44,12,38164.23,3,1,10.9,1,0,0,1
PO005100,V0047,PACK,US,0.861,6.9,3.57,14,2980.96,3,3,7.1,3,0,0,1
PO005101,V0006,SERVICE,US,0.821,4.0,3.65,13,8582.89,4,2,5.2,3,0,0,1
PO005102,V0072,RAW,CN,0.817,8.0,1.06,13,2586.74,5,2,5.1,1,0,0,1
PO005103,V0030,PACK,MX,0.97,9.5,3.52,19,15168.66,7,2,11.3,5,0,1,1
PO005104,V0023,RAW,CN,0.614,11.8,2.55,22,593.47,7,5,11.8,6,1,0,1
PO005105,V0087,FINISH,US,0.855,19.7,4.93,9,68468.2,4,5,14.4,6,0,0,1
PO005106,V0060,FINISH,US,0.834,24.4,3.33,25,23758.8,0,4,22.2,2,0,0,0
PO005107,V0068,RAW,DE,0.98,7.4,4.46,20,7132.43,7,3,7.7,4,0,0,1
PO005108,V0079,FINISH,CN,0.65,26.2,4.68,7,9614.97,5,4,27.2,3,0,0,1
PO005109,V0043,RAW,DE,0.98,7.1,1.46,6,4518.7,4,5,7.0,3,0,0,1
PO005110,V0083,RAW,US,0.785,7.8,4.56,16,1581.31,9,3,7.3,0,0,0,1
PO005111,V0082,PACK,US,0.825,7.7,1.97,12,2364.54,3,1,8.1,4,0,0,1
PO005112,V0083,RAW,US,0.785,7.8,4.56,16,9414.6,4,2,9.2,4,1,0,1
PO005113,V0034,SERVICE,CN,0.595,3.6,3.07,20,22018.39,2,2,2.5,1,0,0,1
PO005114,V0047,PACK,US,0.861,6.9,3.57,14,2799.18,4,3,11.1,5,0,0,1
PO005115,V0040,SERVICE,CN,0.742,5.1,2.29,19,5964.56,3,1,5.8,3,0,0,1
PO005116,V0013,PACK,CN,0.729,6.6,3.03,21,9650.55,5,4,2.5,0,0,0,1
PO005117,V0051,FINISH,CN,0.637,24.5,4.23,13,959.44,8,5,24.9,6,0,0,1
PO005118,V0091,PACK,US,0.785,6.7,1.54,13,7125.89,4,3,7.5,1,0,0,1
PO005119,V0049,RAW,US,0.878,7.5,2.28,20,19577.11,5,2,7.3,6,0,1,0
PO005120,V0069,RAW,DE,0.892,8.6,3.69,16,39135.18,4,1,8.2,2,0,1,1
PO005121,V0057,FINISH,US,0.768,15.2,3.8,17,8789.59,5,3,11.2,6,0,0,1
PO005122,V0028,RAW,CN,0.649,12.0,1.95,13,23047.73,5,2,13.8,2,0,0,1
PO005123,V0090,RAW,CN,0.774,7.8,3.44,12,7056.54,7,3,7.6,3,0,1,1
PO005124,V0022,RAW,DE,0.74,7.3,3.36,17,1618.67,6,2,6.9,0,0,0,0
PO005125,V0074,SERVICE,IN,0.772,3.6,4.71,15,16315.21,7,1,1.9,5,0,0,1
PO005126,V0086,RAW,US,0.712,8.7,1.64,11,14761.69,3,2,8.6,1,0,0,1
PO005127,V0033,RAW,IN,0.721,13.6,3.78,16,24644.14,6,1,13.8,5,0,0,1
PO005128,V0075,SERVICE,DE,0.673,5.5,1.96,8,2196.5,3,2,6.0,2,0,0,1
PO005129,V0040,SERVICE,CN,0.742,5.1,2.29,19,1419.89,2,1,2.8,2,1,1,0
PO005130,V0022,RAW,DE,0.74,7.3,3.36,17,51043.29,6,2,10.6,6,0,0,1
PO005131,V0024,RAW,DE,0.927,13.5,4.51,12,20501.36,9,2,15.0,2,0,0,0
PO005132,V0069,RAW,DE,0.892,8.6,3.69,16,90827.14,8,4,9.9,5,0,0,1
PO005133,V0035,FINISH,CN,0.582,25.3,4.24,15,53685.55,2,5,23.4,1,0,0,0
PO005134,V0088,FINISH,MX,0.697,25.4,2.03,11,466.09,7,4,29.9,4,0,0,1
PO005135,V0094,FINISH,CN,0.66,16.0,4.18,11,3131.33,5,5,16.2,3,0,0,0
PO005136,V0036,FINISH,IN,0.606,23.8,4.18,21,12654.91,2,5,23.7,4,0,0,0
PO005137,V0090,RAW,CN,0.774,7.8,3.44,12,19590.25,3,4,8.1,2,0,0,1
PO005138,V0057,FINISH,US,0.768,15.2,3.8,17,21624.91,9,5,16.1,1,0,0,0
PO005139,V0019,RAW,DE,0.886,7.4,2.11,21,23693.43,3,3,11.5,6,0,0,1
PO005140,V0034,SERVICE,CN,0.595,3.6,3.07,20,13498.95,4,2,4.0,3,0,0,1
PO005141,V0004,FINISH,DE,0.824,16.8,3.06,16,26223.73,8,3,18.0,5,0,0,1
PO005142,V0040,SERVICE,CN,0.742,5.1,2.29,19,2602.04,3,2,7.3,1,0,0,1
PO005143,V0017,FINISH,IN,0.701,19.8,1.89,10,1506.49,5,4,17.4,4,0,0,1
PO005144,V0051,FINISH,CN,0.637,24.5,4.23,13,26928.26,5,3,26.4,6,0,0,0
PO005145,V0011,RAW,DE,0.769,12.1,3.55,21,21429.72,6,2,8.4,5,0,0,0
PO005146,V0059,PACK,IN,0.786,5.6,2.97,7,60584.14,6,1,6.5,4,0,0,1
PO005147,V0068,RAW,DE,0.98,7.4,4.46,20,20944.05,1,2,5.1,2,0,0,1
PO005148,V0042,FINISH,CN,0.807,23.2,2.12,16,20929.89,5,4,24.7,5,0,0,1
PO005149,V0054,RAW,MX,0.782,9.2,4.8,24,2222.27,9,3,7.2,2,0,0,1
PO005150,V0048,PACK,MX,0.846,9.8,4.62,11,5864.26,2,4,10.6,1,0,0,0
PO005151,V0051,FINISH,CN,0.637,24.5,4.23,13,7188.31,1,3,26.1,1,0,0,0
PO005152,V0047,PACK,US,0.861,6.9,3.57,14,15265.22,8,1,9.1,0,0,1,1
PO005153,V0007,RAW,CN,0.794,7.6,1.78,6,5536.59,8,4,9.6,4,0,0,0
PO005154,V0091,PACK,US,0.785,6.7,1.54,13,7861.54,3,2,7.4,2,0,0,1
PO005155,V0053,SERVICE,US,0.98,4.3,4.58,14,6118.94,1,2,5.7,2,0,0,1
PO005156,V0075,SERVICE,DE,0.673,5.5,1.96,8,357.4,6,1,5.4,4,0,0,1
PO005157,V0014,FINISH,DE,0.85,17.2,1.31,12,391.32,8,5,19.9,3,0,1,0
PO005158,V0049,RAW,US,0.878,7.5,2.28,20,5675.29,3,1,4.1,1,0,0,1
PO005159,V0066,PACK,CN,0.769,9.7,4.46,6,3580.63,4,3,10.3,3,0,0,1
PO005160,V0035,FINISH,CN,0.582,25.3,4.24,15,6879.48,6,5,28.6,5,0,0,0
PO005161,V0054,RAW,MX,0.782,9.2,4.8,24,25677.32,2,3,10.7,2,1,0,1
PO005162,V0013,PACK,CN,0.729,6.6,3.03,21,1771.52,2,3,8.7,6,0,0,0
PO005163,V0054,RAW,MX,0.782,9.2,4.8,24,6007.83,6,2,14.4,2,0,0,0
PO005164,V0029,FINISH,CN,0.802,15.3,2.47,12,10554.37,4,3,17.6,1,0,0,1
PO005165,V0099,FINISH,US,0.857,24.7,4.51,13,38674.49,8,4,26.2,6,0,0,0
PO005166,V0042,FINISH,CN,0.807,23.2,2.12,16,24211.07,4,3,19.2,4,0,0,0
PO005167,V0031,PACK,CN,0.783,6.4,1.1,17,3337.0,7,4,4.4,1,0,0,0
PO005168,V0094,FINISH,CN,0.66,16.0,4.18,11,3473.53,6,3,17.0,2,0,0,0
PO005169,V0074,SERVICE,IN,0.772,3.6,4.71,15,680.42,7,2,3.9,3,1,1,0
PO005170,V0089,PACK,MX,0.613,8.8,1.75,13,9307.07,8,3,8.0,4,1,1,0
PO005171,V0036,FINISH,IN,0.606,23.8,4.18,21,12432.06,5,4,21.8,0,1,1,0
PO005172,V0043,RAW,DE,0.98,7.1,1.46,6,775.27,7,1,7.2,3,0,1,1
PO005173,V0078,RAW,US,0.9,7.8,2.84,11,24497.54,6,1,8.2,0,0,0,1
PO005174,V0006,SERVICE,US,0.821,4.0,3.65,13,5421.61,6,2,8.0,5,0,0,1
PO005175,V0054,RAW,MX,0.782,9.2,4.8,24,62753.84,2,2,7.9,0,0,0,1
PO005176,V0075,SERVICE,DE,0.673,5.5,1.96,8,4517.07,2,1,5.2,3,0,0,0
PO005177,V0043,RAW,DE,0.98,7.1,1.46,6,9815.04,5,1,8.2,6,0,0,1
PO005178,V0014,FINISH,DE,0.85,17.2,1.31,12,1133.03,4,3,16.2,4,0,1,0
PO005179,V0012,FINISH,US,0.73,24.7,3.25,18,32501.19,4,4,21.8,0,1,0,0
PO005180,V0037,RAW,DE,0.831,10.3,3.17,12,4949.58,3,1,10.5,1,0,0,1
PO005181,V0044,FINISH,IN,0.629,20.6,1.39,15,3395.46,6,4,20.0,1,0,0,1
PO005182,V0035,FINISH,CN,0.582,25.3,4.24,15,23839.35,5,5,24.2,0,1,1,0
PO005183,V0081,PACK,CN,0.884,5.2,2.01,15,8497.45,8,4,6.8,5,0,0,0
PO005184,V0055,PACK,CN,0.619,8.4,4.01,9,14771.67,6,3,10.0,0,0,0,0
PO005185,V0014,FINISH,DE,0.85,17.2,1.31,12,8112.39,2,5,15.8,3,0,0,0
PO005186,V0052,SERVICE,DE,0.824,6.4,2.72,18,4771.19,3,1,5.8,3,0,0,0
PO005187,V0048,PACK,MX,0.846,9.8,4.62,11,38733.48,9,5,9.6,0,0,0,1
PO005188,V0028,RAW,CN,0.649,12.0,1.95,13,6671.56,5,2,14.2,6,0,0,1
PO005189,V0021,FINISH,US,0.98,22.9,3.14,9,2485.99,4,5,22.2,4,0,0,1
PO005190,V0051,FINISH,CN,0.637,24.5,4.23,13,2252.88,2,4,27.8,1,0,0,0
PO005191,V0038,RAW,US,0.858,12.8,2.44,10,5119.83,6,5,12.2,1,0,0,1
PO005192,V0012,FINISH,US,0.73,24.7,3.25,18,6609.39,8,4,23.6,4,0,0,1
PO005193,V0014,FINISH,DE,0.85,17.2,1.31,12,12892.48,3,5,14.4,0,0,1,1
PO005194,V0085,RAW,DE,0.792,11.5,3.28,16,2836.81,6,4,11.5,2,0,0,1
PO005195,V0040,SERVICE,CN,0.742,5.1,2.29,19,1203.72,5,2,5.7,1,0,1,0
PO005196,V0036,FINISH,IN,0.606,23.8,4.18,21,30775.91,5,4,23.3,4,0,0,0
PO005197,V0074,SERVICE,IN,0.772,3.6,4.71,15,8663.07,2,1,5.2,6,0,1,0
PO005198,V0027,FINISH,US,0.879,14.1,1.64,15,48078.13,3,4,16.6,0,0,1,0
PO005199,V0027,FINISH,US,0.879,14.1,1.64,15,13114.24,8,5,14.9,2,0,0,1
PO005200,V0046,FINISH,CN,0.577,23.2,1.65,8,26444.32,6,5,21.8,1,0,0,0
PO005201,V0024,RAW,DE,0.927,13.5,4.51,12,35864.15,4,3,13.3,1,0,0,0
PO005202,V0099,FINISH,US,0.857,24.7,4.51,13,9104.42,7,4,23.4,3,0,0,1
PO005203,V0066,PACK,CN,0.769,9.7,4.46,6,5725.44,8,2,6.4,3,0,0,1
PO005204,V0021,FINISH,US,0.98,22.9,3.14,9,59301.75,3,4,22.8,5,1,0,1
PO005205,V0036,FINISH,IN,0.606,23.8,4.18,21,5943.75,11,4,21.6,1,0,0,0
PO005206,V0007,RAW,CN,0.794,7.6,1.78,6,18867.37,8,5,6.1,2,0,0,1
PO005207,V0050,RAW,IN,0.638,7.8,3.79,16,8705.22,4,2,4.9,4,0,0,1
PO005208,V0001,SERVICE,DE,0.945,3.6,1.62,16,5221.95,2,1,4.7,5,0,0,1
PO005209,V0025,PACK,IN,0.539,5.5,4.59,21,2879.51,7,2,1.0,0,0,0,0
PO005210,V0100,FINISH,US,0.802,15.8,2.59,19,8339.95,6,5,15.0,4,0,0,0
PO005211,V0076,RAW,US,0.841,8.0,3.56,11,2815.39,3,2,8.1,0,1,0,1
PO005212,V0065,FINISH,DE,0.79,26.8,4.29,23,3443.62,5,4,22.1,6,0,1,0
PO005213,V0025,PACK,IN,0.539,5.5,4.59,21,5902.93,8,1,4.7,0,0,0,0
PO005214,V0011,RAW,DE,0.769,12.1,3.55,21,12673.17,8,4,11.5,4,1,0,0
PO005215,V0018,RAW,MX,0.757,10.6,3.81,25,2114.9,13,3,14.0,3,0,0,0
PO005216,V0042,FINISH,CN,0.807,23.2,2.12,16,15537.97,8,3,22.1,2,0,0,1
PO005217,V0087,FINISH,US,0.855,19.7,4.93,9,7585.32,6,3,16.9,3,0,0,0
PO005218,V0050,RAW,IN,0.638,7.8,3.79,16,5965.25,3,2,11.2,0,0,0,0
PO005219,V0039,RAW,IN,0.627,7.4,3.13,15,28806.67,4,2,8.1,4,0,0,0
PO005220,V0023,RAW,CN,0.614,11.8,2.55,22,7388.65,5,2,6.6,3,0,0,1
PO005221,V0020,PACK,US,0.98,9.9,1.97,17,3223.99,3,3,9.7,2,0,1,1
PO005222,V0073,PACK,DE,0.853,7.6,4.13,14,99771.05,6,2,9.0,0,0,0,1
PO005223,V0059,PACK,IN,0.786,5.6,2.97,7,973.7,5,2,5.2,2,0,0,1
PO005224,V0012,FINISH,US,0.73,24.7,3.25,18,9864.65,3,3,24.7,0,1,0,1
PO005225,V0056,PACK,US,0.729,7.2,4.55,13,1539.51,10,3,9.7,3,0,0,1
PO005226,V0022,RAW,DE,0.74,7.3,3.36,17,7866.32,9,3,6.0,2,0,0,1
PO005227,V0060,FINISH,US,0.834,24.4,3.33,25,39678.41,2,3,26.6,3,0,0,1
PO005228,V0001,SERVICE,DE,0.945,3.6,1.62,16,79966.23,10,2,3.8,4,0,0,1
PO005229,V0075,SERVICE,DE,0.673,5.5,1.96,8,21583.81,5,1,2.0,4,0,0,0
PO005230,V0027,FINISH,US,0.879,14.1,1.64,15,37740.62,8,5,13.7,4,0,0,1
PO005231,V0098,FINISH,US,0.629,22.7,3.13,10,17347.67,5,4,22.8,0,0,0,1
PO005232,V0075,SERVICE,DE,0.673,5.5,1.96,8,14033.52,7,2,6.6,1,1,0,0
PO005233,V0037,RAW,DE,0.831,10.3,3.17,12,26340.48,2,1,10.9,5,0,0,1
PO005234,V0060,FINISH,US,0.834,24.4,3.33,25,822.93,6,5,25.3,2,0,0,0
PO005235,V0002,SERVICE,US,0.98,6.3,1.85,11,1227.93,2,2,5.4,4,0,0,1
PO005236,V0079,FINISH,CN,0.65,26.2,4.68,7,17255.48,9,5,28.5,5,0,0,1
PO005237,V0067,FINISH,DE,0.709,27.6,4.37,19,5467.28,5,4,25.3,4,0,0,1
PO005238,V0024,RAW,DE,0.927,13.5,4.51,12,17657.18,4,5,12.1,4,0,1,0
PO005239,V0060,FINISH,US,0.834,24.4,3.33,25,1413.12,6,4,24.9,0,0,0,0
PO005240,V0080,FINISH,IN,0.721,16.6,1.84,13,7729.72,2,3,14.9,6,0,0,1
PO005241,V0032,SERVICE,MX,0.694,6.7,2.48,12,6151.99,5,1,7.0,1,0,0,1
PO005242,V0035,FINISH,CN,0.582,25.3,4.24,15,4543.38,7,4,21.4,5,0,1,0
PO005243,V0017,FINISH,IN,0.701,19.8,1.89,10,19952.53,6,4,19.5,1,0,0,1
PO005244,V0023,RAW,CN,0.614,11.8,2.55,22,1886.75,4,1,9.3,6,0,0,1
PO005245,V0035,FINISH,CN,0.582,25.3,4.24,15,18099.88,8,4,25.4,0,0,0,0
PO005246,V0044,FINISH,IN,0.629,20.6,1.39,15,63548.66,5,3,22.5,6,0,0,0
PO005247,V0038,RAW,US,0.858,12.8,2.44,10,15873.38,2,2,13.0,4,1,0,1
PO005248,V0026,RAW,DE,0.898,12.1,4.59,17,6912.15,3,1,9.6,6,1,0,1
PO005249,V0094,FINISH,CN,0.66,16.0,4.18,11,18726.07,5,5,15.4,5,0,0,0
PO005250,V0020,PACK,US,0.98,9.9,1.97,17,1314.54,1,2,8.7,1,0,0,1
PO005251,V0047,PACK,US,0.861,6.9,3.57,14,3418.9,3,3,5.9,5,0,0,0
PO005252,V0095,FINISH,US,0.879,19.0,4.51,14,5005.73,4,3,13.9,6,0,0,1
PO005253,V0060,FINISH,US,0.834,24.4,3.33,25,571.77,6,5,24.5,2,0,1,0
PO005254,V0092,FINISH,US,0.855,24.6,3.38,15,50099.75,6,5,26.5,4,0,0,0
PO005255,V0016,FINISH,IN,0.733,18.5,1.44,12,3435.4,5,4,22.1,1,0,1,0
PO005256,V0012,FINISH,US,0.73,24.7,3.25,18,2844.47,5,4,22.0,6,0,0,0
PO005257,V0021,FINISH,US,0.98,22.9,3.14,9,40244.95,1,5,21.2,2,0,0,1
PO005258,V0081,PACK,CN,0.884,5.2,2.01,15,13541.07,4,1,1.7,0,0,0,1
PO005259,V0070,FINISH,US,0.901,21.3,4.09,15,3344.79,1,5,21.5,0,1,0,0
PO005260,V0060,FINISH,US,0.834,24.4,3.33,25,4362.24,3,3,21.1,4,0,0,0
PO005261,V0025,PACK,IN,0.539,5.5,4.59,21,1382.77,6,2,4.2,4,0,0,0
PO005262,V0033,RAW,IN,0.721,13.6,3.78,16,58117.46,6,2,14.3,1,0,1,1
PO005263,V0089,PACK,MX,0.613,8.8,1.75,13,3832.57,7,2,7.7,6,0,0,0
PO005264,V0091,PACK,US,0.785,6.7,1.54,13,48314.69,7,4,9.3,6,0,0,1
PO005265,V0035,FINISH,CN,0.582,25.3,4.24,15,1391.25,6,5,25.5,6,0,1,0
PO005266,V0025,PACK,IN,0.539,5.5,4.59,21,11362.06,4,1,5.4,0,0,0,0
PO005267,V0067,FINISH,DE,0.709,27.6,4.37,19,2410.46,8,5,28.4,4,0,0,1
PO005268,V0030,PACK,MX,0.97,9.5,3.52,19,2212.83,2,3,9.0,3,0,0,1
PO005269,V0094,FINISH,CN,0.66,16.0,4.18,11,2728.04,4,4,14.7,5,0,0,0
PO005270,V0085,RAW,DE,0.792,11.5,3.28,16,53281.95,4,3,9.5,1,0,1,0
PO005271,V0005,RAW,CN,0.66,11.8,2.76,10,21397.42,5,1,14.6,4,0,0,1
PO005272,V0026,RAW,DE,0.898,12.1,4.59,17,13170.65,2,2,14.7,3,0,0,1
PO005273,V0082,PACK,US,0.825,7.7,1.97,12,27160.86,11,2,6.9,5,0,1,0
PO005274,V0068,RAW,DE,0.98,7.4,4.46,20,4121.8,6,1,7.3,2,0,0,1
PO005275,V0044,FINISH,IN,0.629,20.6,1.39,15,5925.5,3,3,20.9,0,0,0,0
PO005276,V0031,PACK,CN,0.783,6.4,1.1,17,30972.07,2,1,9.1,1,0,0,1
PO005277,V0079,FINISH,CN,0.65,26.2,4.68,7,13755.01,5,4,26.5,2,0,1,1
PO005278,V0079,FINISH,CN,0.65,26.2,4.68,7,1065.38,6,3,31.9,5,0,0,1
PO005279,V0084,PACK,IN,0.592,5.4,3.15,16,12681.48,6,3,4.8,6,1,0,0
PO005280,V0092,FINISH,US,0.855,24.6,3.38,15,25077.08,5,5,25.3,6,0,0,0
PO005281,V0015,FINISH,MX,0.872,25.3,1.75,21,3824.32,3,4,24.4,2,0,0,0
PO005282,V0024,RAW,DE,0.927,13.5,4.51,12,112558.13,4,4,16.9,5,0,1,1
PO005283,V0080,FINISH,IN,0.721,16.6,1.84,13,1564.05,9,5,17.6,4,0,0,0
PO005284,V0020,PACK,US,0.98,9.9,1.97,17,640.55,3,2,7.2,0,0,0,1
PO005285,V0018,RAW,MX,0.757,10.6,3.81,25,5004.41,5,2,8.0,4,0,0,0
PO005286,V0100,FINISH,US,0.802,15.8,2.59,19,4162.96,1,3,18.4,1,1,0,1
PO005287,V0056,PACK,US,0.729,7.2,4.55,13,19242.65,4,2,8.6,5,0,0,0
PO005288,V0032,SERVICE,MX,0.694,6.7,2.48,12,57021.38,7,1,6.9,0,1,1,0
PO005289,V0073,PACK,DE,0.853,7.6,4.13,14,5702.68,5,1,5.7,3,0,0,1
PO005290,V0079,FINISH,CN,0.65,26.2,4.68,7,20689.88,5,4,26.1,6,0,0,0
PO005291,V0032,SERVICE,MX,0.694,6.7,2.48,12,29195.32,6,1,6.7,3,0,0,1
PO005292,V0078,RAW,US,0.9,7.8,2.84,11,18706.0,3,2,10.9,5,0,0,1
PO005293,V0013,PACK,CN,0.729,6.6,3.03,21,4479.05,2,1,5.5,3,0,0,1
PO005294,V0074,SERVICE,IN,0.772,3.6,4.71,15,95404.87,5,1,1.0,5,0,0,1
PO005295,V0021,FINISH,US,0.98,22.9,3.14,9,2542.27,5,4,21.2,0,0,0,1
PO005296,V0100,FINISH,US,0.802,15.8,2.59,19,6903.13,12,4,18.5,3,0,0,0
PO005297,V0009,FINISH,US,0.782,14.1,4.26,17,26257.98,3,5,12.1,0,0,0,0
PO005298,V0009,FINISH,US,0.782,14.1,4.26,17,1804.99,9,5,15.7,0,0,1,0
PO005299,V0019,RAW,DE,0.886,7.4,2.11,21,9613.15,4,1,7.3,5,0,0,1
PO005300,V0047,PACK,US,0.861,6.9,3.57,14,850.76,2,1,1.9,5,0,0,0
PO005301,V0024,RAW,DE,0.927,13.5,4.51,12,44000.2,5,1,16.5,4,0,0,0
PO005302,V0036,FINISH,IN,0.606,23.8,4.18,21,44548.3,7,5,27.3,0,0,0,0
PO005303,V0015,FINISH,MX,0.872,25.3,1.75,21,9029.52,7,4,29.4,3,0,0,0
PO005304,V0035,FINISH,CN,0.582,25.3,4.24,15,10995.33,2,4,25.5,4,0,0,0
PO005305,V0021,FINISH,US,0.98,22.9,3.14,9,15542.9,8,3,23.1,3,0,0,1
PO005306,V0081,PACK,CN,0.884,5.2,2.01,15,18706.21,2,2,8.5,2,0,0,0
PO005307,V0007,RAW,CN,0.794,7.6,1.78,6,9148.58,7,4,11.2,6,1,0,1
PO005308,V0080,FINISH,IN,0.721,16.6,1.84,13,2297.49,4,5,15.7,6,0,0,1
PO005309,V0022,RAW,DE,0.74,7.3,3.36,17,60910.56,2,1,6.0,3,0,0,1
PO005310,V0039,RAW,IN,0.627,7.4,3.13,15,12918.04,3,5,6.5,5,0,0,0
PO005311,V0021,FINISH,US,0.98,22.9,3.14,9,3894.6,7,4,21.8,5,0,0,1
PO005312,V0058,SERVICE,US,0.874,4.5,2.48,13,13724.07,7,1,4.5,1,0,1,1
PO005313,V0066,PACK,CN,0.769,9.7,4.46,6,1657.5,5,1,8.2,1,0,0,0
PO005314,V0013,PACK,CN,0.729,6.6,3.03,21,4572.02,4,2,5.1,1,0,0,1
PO005315,V0004,FINISH,DE,0.824,16.8,3.06,16,5375.59,3,4,15.2,6,0,0,1
PO005316,V0056,PACK,US,0.729,7.2,4.55,13,25000.14,4,2,9.0,6,0,0,1
PO005317,V0012,FINISH,US,0.73,24.7,3.25,18,6590.47,6,5,24.8,0,0,0,1
PO005318,V0023,RAW,CN,0.614,11.8,2.55,22,8215.14,4,2,12.5,3,0,0,1
PO005319,V0048,PACK,MX,0.846,9.8,4.62,11,2814.46,2,3,8.2,0,0,0,1
PO005320,V0047,PACK,US,0.861,6.9,3.57,14,11171.46,4,1,8.2,5,0,0,1
PO005321,V0079,FINISH,CN,0.65,26.2,4.68,7,53760.13,1,5,25.8,3,0,0,1
PO005322,V0014,FINISH,DE,0.85,17.2,1.31,12,3059.62,6,5,17.8,1,1,0,0
PO005323,V0002,SERVICE,US,0.98,6.3,1.85,11,21399.45,2,1,6.4,4,0,0,1
PO005324,V0066,PACK,CN,0.769,9.7,4.46,6,4219.06,5,4,8.6,1,0,0,0
PO005325,V0027,FINISH,US,0.879,14.1,1.64,15,15366.39,5,3,14.8,6,0,0,0
PO005326,V0023,RAW,CN,0.614,11.8,2.55,22,8936.77,1,4,14.9,5,0,1,1
PO005327,V0036,FINISH,IN,0.606,23.8,4.18,21,19126.78,5,4,22.9,0,0,0,1
PO005328,V0027,FINISH,US,0.879,14.1,1.64,15,149960.31,5,4,16.0,4,0,0,1
PO005329,V0016,FINISH,IN,0.733,18.5,1.44,12,6332.1,2,4,19.6,2,1,1,1
PO005330,V0031,PACK,CN,0.783,6.4,1.1,17,8913.97,2,1,8.2,5,0,1,1
PO005331,V0030,PACK,MX,0.97,9.5,3.52,19,8922.48,5,1,8.0,5,0,0,1
PO005332,V0039,RAW,IN,0.627,7.4,3.13,15,25342.76,7,3,6.2,2,0,0,0
PO005333,V0075,SERVICE,DE,0.673,5.5,1.96,8,7848.34,4,1,1.0,1,0,0,1
PO005334,V0044,FINISH,IN,0.629,20.6,1.39,15,21793.33,5,3,20.4,1,0,0,0
PO005335,V0025,PACK,IN,0.539,5.5,4.59,21,10202.47,4,2,10.3,6,0,1,0
PO005336,V0078,RAW,US,0.9,7.8,2.84,11,8597.7,3,2,8.4,5,0,0,1
PO005337,V0083,RAW,US,0.785,7.8,4.56,16,9450.71,4,4,10.7,1,0,0,0
PO005338,V0081,PACK,CN,0.884,5.2,2.01,15,18741.39,7,1,6.9,5,0,0,1
PO005339,V0028,RAW,CN,0.649,12.0,1.95,13,156040.65,6,2,9.5,5,1,0,0
PO005340,V0088,FINISH,MX,0.697,25.4,2.03,11,3401.64,3,3,24.2,2,0,1,1
PO005341,V0037,RAW,DE,0.831,10.3,3.17,12,21278.25,2,2,8.7,6,0,0,0
PO005342,V0096,PACK,DE,0.98,7.3,2.21,18,2975.21,7,2,3.1,5,1,0,1
PO005343,V0052,SERVICE,DE,0.824,6.4,2.72,18,2212.55,3,2,4.5,3,0,1,0
PO005344,V0093,SERVICE,DE,0.917,6.8,1.72,8,1440.36,9,1,4.6,1,0,0,1
PO005345,V0052,SERVICE,DE,0.824,6.4,2.72,18,19390.45,4,2,11.1,2,0,0,1
PO005346,V0099,FINISH,US,0.857,24.7,4.51,13,2717.14,12,4,26.1,6,0,1,1
PO005347,V0088,FINISH,MX,0.697,25.4,2.03,11,95958.27,3,4,27.9,0,0,0,0
PO005348,V0001,SERVICE,DE,0.945,3.6,1.62,16,7644.29,4,1,5.6,0,0,0,1
PO005349,V0100,FINISH,US,0.802,15.8,2.59,19,3758.74,2,5,17.8,5,0,0,1
PO005350,V0013,PACK,CN,0.729,6.6,3.03,21,5258.46,5,2,6.9,1,0,0,0
PO005351,V0038,RAW,US,0.858,12.8,2.44,10,8943.19,4,3,15.3,5,0,0,1
PO005352,V0055,PACK,CN,0.619,8.4,4.01,9,12898.78,6,3,7.8,1,1,1,0
PO005353,V0086,RAW,US,0.712,8.7,1.64,11,19676.3,8,2,10.0,6,0,0,0
PO005354,V0021,FINISH,US,0.98,22.9,3.14,9,81759.6,7,4,23.6,3,0,1,1
PO005355,V0060,FINISH,US,0.834,24.4,3.33,25,2970.52,5,3,26.8,6,0,0,1
PO005356,V0004,FINISH,DE,0.824,16.8,3.06,16,88441.44,2,4,19.0,5,0,0,0
PO005357,V0083,RAW,US,0.785,7.8,4.56,16,5210.89,5,1,7.0,1,1,0,0
PO005358,V0003,PACK,DE,0.708,8.1,1.56,12,6770.71,4,4,5.9,3,0,0,0
PO005359,V0053,SERVICE,US,0.98,4.3,4.58,14,4773.7,4,1,4.4,2,0,0,1
PO005360,V0078,RAW,US,0.9,7.8,2.84,11,7703.3,9,2,9.9,0,0,0,0
PO005361,V0006,SERVICE,US,0.821,4.0,3.65,13,13594.85,9,2,3.3,0,0,0,0
PO005362,V0072,RAW,CN,0.817,8.0,1.06,13,18930.6,3,1,6.6,3,0,0,1
PO005363,V0035,FINISH,CN,0.582,25.3,4.24,15,3550.42,7,3,24.2,6,0,0,1
PO005364,V0084,PACK,IN,0.592,5.4,3.15,16,13588.52,3,4,2.8,6,0,0,0
PO005365,V0045,PACK,US,0.98,8.2,1.18,13,26665.44,10,3,8.2,0,0,1,1
PO005366,V0016,FINISH,IN,0.733,18.5,1.44,12,5223.76,5,4,16.4,2,0,0,1
PO005367,V0088,FINISH,MX,0.697,25.4,2.03,11,4179.3,2,5,23.5,0,1,0,0
PO005368,V0074,SERVICE,IN,0.772,3.6,4.71,15,15588.75,3,1,3.6,2,0,0,1
PO005369,V0011,RAW,DE,0.769,12.1,3.55,21,9503.2,5,1,11.2,3,0,0,1
PO005370,V0006,SERVICE,US,0.821,4.0,3.65,13,8202.23,7,2,1.0,3,0,1,1
PO005371,V0009,FINISH,US,0.782,14.1,4.26,17,63856.49,1,5,14.4,5,0,0,0
PO005372,V0097,FINISH,US,0.933,26.7,3.5,16,12572.36,2,3,23.8,1,0,0,1
PO005373,V0077,PACK,IN,0.601,6.0,1.16,11,2565.79,4,2,6.9,6,0,0,1
PO005374,V0080,FINISH,IN,0.721,16.6,1.84,13,3099.87,6,4,15.4,5,1,0,1
PO005375,V0027,FINISH,US,0.879,14.1,1.64,15,7757.51,5,4,15.2,6,0,0,1
PO005376,V0097,FINISH,US,0.933,26.7,3.5,16,38170.35,3,3,28.6,0,0,0,1
PO005377,V0079,FINISH,CN,0.65,26.2,4.68,7,3261.37,4,3,26.2,2,0,0,0
PO005378,V0057,FINISH,US,0.768,15.2,3.8,17,2256.0,7,4,12.0,1,0,0,1
PO005379,V0011,RAW,DE,0.769,12.1,3.55,21,9538.07,5,5,11.7,5,0,1,0
PO005380,V0087,FINISH,US,0.855,19.7,4.93,9,5990.06,2,5,21.2,6,0,0,0
PO005381,V0023,RAW,CN,0.614,11.8,2.55,22,6500.0,8,2,14.5,1,0,1,0
PO005382,V0037,RAW,DE,0.831,10.3,3.17,12,7268.48,6,4,10.4,0,1,0,1
PO005383,V0079,FINISH,CN,0.65,26.2,4.68,7,3650.74,2,3,28.0,3,0,0,0
PO005384,V0011,RAW,DE,0.769,12.1,3.55,21,9090.41,2,2,14.4,2,0,0,0
PO005385,V0025,PACK,IN,0.539,5.5,4.59,21,12794.14,3,4,2.7,4,0,0,1
PO005386,V0065,FINISH,DE,0.79,26.8,4.29,23,7327.53,5,5,27.6,2,0,0,0
PO005387,V0100,FINISH,US,0.802,15.8,2.59,19,61153.07,3,4,14.8,6,0,0,0
PO005388,V0029,FINISH,CN,0.802,15.3,2.47,12,56169.96,5,5,20.4,4,0,0,0
PO005389,V0046,FINISH,CN,0.577,23.2,1.65,8,16128.88,4,3,20.9,5,0,0,0
PO005390,V0089,PACK,MX,0.613,8.8,1.75,13,3363.0,5,2,8.4,4,0,1,0
PO005391,V0001,SERVICE,DE,0.945,3.6,1.62,16,10171.37,5,1,4.7,0,0,0,1
PO005392,V0086,RAW,US,0.712,8.7,1.64,11,10127.15,5,3,9.5,2,0,0,0
PO005393,V0094,FINISH,CN,0.66,16.0,4.18,11,1294.92,1,4,16.0,4,0,0,0
PO005394,V0049,RAW,US,0.878,7.5,2.28,20,3765.82,3,1,8.0,6,1,1,1
PO005395,V0054,RAW,MX,0.782,9.2,4.8,24,9250.39,3,3,13.6,4,0,0,0
PO005396,V0043,RAW,DE,0.98,7.1,1.46,6,1101.21,3,3,7.2,2,0,1,1
PO005397,V0038,RAW,US,0.858,12.8,2.44,10,5645.72,2,4,14.6,3,0,1,1
PO005398,V0088,FINISH,MX,0.697,25.4,2.03,11,10810.9,4,3,26.5,4,0,0,1
PO005399,V0025,PACK,IN,0.539,5.5,4.59,21,1790.96,7,2,3.3,0,1,1,1
PO005400,V0035,FINISH,CN,0.582,25.3,4.24,15,19538.93,5,4,27.0,3,0,0,0
PO005401,V0068,RAW,DE,0.98,7.4,4.46,20,17213.51,4,3,6.8,5,0,1,1
PO005402,V0095,FINISH,US,0.879,19.0,4.51,14,846.8,4,4,15.5,4,0,1,1
PO005403,V0004,FINISH,DE,0.824,16.8,3.06,16,2797.49,4,4,15.1,4,0,0,1
PO005404,V0030,PACK,MX,0.97,9.5,3.52,19,9517.73,1,2,11.6,6,0,0,1
PO005405,V0016,FINISH,IN,0.733,18.5,1.44,12,111803.68,5,4,15.3,6,0,0,1
PO005406,V0075,SERVICE,DE,0.673,5.5,1.96,8,2690.31,9,2,7.4,2,0,0,1
PO005407,V0068,RAW,DE,0.98,7.4,4.46,20,10466.75,10,1,6.8,4,0,0,1
PO005408,V0041,RAW,DE,0.93,9.9,1.69,10,6249.43,5,2,11.2,0,0,0,1
PO005409,V0076,RAW,US,0.841,8.0,3.56,11,22434.78,5,1,10.4,4,0,0,0
PO005410,V0077,PACK,IN,0.601,6.0,1.16,11,5471.98,4,5,5.2,1,0,0,0
PO005411,V0057,FINISH,US,0.768,15.2,3.8,17,2291.61,3,4,20.8,1,0,1,1
PO005412,V0071,PACK,CN,0.695,5.7,1.12,18,19770.93,4,2,3.6,6,0,0,0
PO005413,V0066,PACK,CN,0.769,9.7,4.46,6,21753.49,5,2,7.8,5,0,0,1
PO005414,V0047,PACK,US,0.861,6.9,3.57,14,980.28,3,2,4.3,2,0,0,0
PO005415,V0099,FINISH,US,0.857,24.7,4.51,13,5640.92,7,4,24.7,5,0,0,0
PO005416,V0066,PACK,CN,0.769,9.7,4.46,6,5429.56,3,2,11.1,6,0,0,1
PO005417,V0066,PACK,CN,0.769,9.7,4.46,6,12735.33,3,4,11.7,5,0,0,1
PO005418,V0073,PACK,DE,0.853,7.6,4.13,14,25563.27,2,1,6.5,1,0,0,1
PO005419,V0084,PACK,IN,0.592,5.4,3.15,16,5487.43,4,3,6.7,1,0,0,0
PO005420,V0010,RAW,IN,0.761,9.5,1.46,20,25250.62,8,2,12.4,2,0,0,0
PO005421,V0096,PACK,DE,0.98,7.3,2.21,18,2556.34,5,2,5.2,2,1,0,1
PO005422,V0097,FINISH,US,0.933,26.7,3.5,16,102122.02,6,4,27.7,0,0,0,1
PO005423,V0001,SERVICE,DE,0.945,3.6,1.62,16,18672.6,6,1,5.0,0,0,0,1
PO005424,V0086,RAW,US,0.712,8.7,1.64,11,2951.47,5,3,4.6,2,0,0,0
PO005425,V0050,RAW,IN,0.638,7.8,3.79,16,9481.76,5,4,8.6,3,0,0,0
PO005426,V0083,RAW,US,0.785,7.8,4.56,16,9940.65,5,3,11.4,3,0,0,1
PO005427,V0046,FINISH,CN,0.577,23.2,1.65,8,72550.83,4,3,21.9,3,0,0,0
PO005428,V0033,RAW,IN,0.721,13.6,3.78,16,1065.58,3,2,11.0,3,0,0,1
PO005429,V0007,RAW,CN,0.794,7.6,1.78,6,4947.43,5,3,9.8,5,1,0,0
PO005430,V0078,RAW,US,0.9,7.8,2.84,11,16339.04,7,2,6.1,3,0,0,1
PO005431,V0051,FINISH,CN,0.637,24.5,4.23,13,8406.48,6,3,23.5,5,0,0,1
PO005432,V0011,RAW,DE,0.769,12.1,3.55,21,770.78,6,4,8.2,3,0,0,1
PO005433,V0048,PACK,MX,0.846,9.8,4.62,11,4518.02,4,2,10.6,2,0,0,0
PO005434,V0039,RAW,IN,0.627,7.4,3.13,15,1859.86,6,1,4.7,0,0,0,1
PO005435,V0059,PACK,IN,0.786,5.6,2.97,7,7714.8,3,4,4.2,1,0,0,1
PO005436,V0049,RAW,US,0.878,7.5,2.28,20,888.73,4,2,5.4,4,0,0,0
PO005437,V0034,SERVICE,CN,0.595,3.6,3.07,20,13815.82,4,1,4.1,3,0,0,1
PO005438,V0058,SERVICE,US,0.874,4.5,2.48,13,9420.45,6,2,5.1,6,1,1,1
PO005439,V0070,FINISH,US,0.901,21.3,4.09,15,39512.46,8,4,20.2,3,0,0,1
PO005440,V0019,RAW,DE,0.886,7.4,2.11,21,11938.57,1,4,9.0,2,0,0,1
PO005441,V0030,PACK,MX,0.97,9.5,3.52,19,3214.26,7,3,5.8,0,0,0,1
PO005442,V0034,SERVICE,CN,0.595,3.6,3.07,20,5344.66,6,2,2.8,6,0,0,1
PO005443,V0002,SERVICE,US,0.98,6.3,1.85,11,16654.15,6,2,6.0,3,0,0,1
PO005444,V0060,FINISH,US,0.834,24.4,3.33,25,8899.5,4,4,25.1,6,1,0,1
PO005445,V0088,FINISH,MX,0.697,25.4,2.03,11,12855.31,4,4,24.2,1,0,0,0
PO005446,V0003,PACK,DE,0.708,8.1,1.56,12,3609.48,8,1,9.1,5,0,0,1
PO005447,V0028,RAW,CN,0.649,12.0,1.95,13,4386.93,5,2,12.7,5,0,0,0
PO005448,V0055,PACK,CN,0.619,8.4,4.01,9,18626.32,2,2,9.8,4,1,1,0
PO005449,V0020,PACK,US,0.98,9.9,1.97,17,4306.86,3,4,10.1,3,0,0,1
PO005450,V0036,FINISH,IN,0.606,23.8,4.18,21,1922.83,5,5,23.6,3,0,0,0
PO005451,V0015,FINISH,MX,0.872,25.3,1.75,21,2065.58,2,4,24.5,0,0,0,0
PO005452,V0036,FINISH,IN,0.606,23.8,4.18,21,5659.71,5,4,24.0,6,1,0,0
PO005453,V0016,FINISH,IN,0.733,18.5,1.44,12,64494.33,8,4,22.6,6,1,0,0
PO005454,V0093,SERVICE,DE,0.917,6.8,1.72,8,60709.0,3,1,8.5,5,0,0,1
PO005455,V0051,FINISH,CN,0.637,24.5,4.23,13,14785.29,6,4,22.9,6,1,0,1
PO005456,V0081,PACK,CN,0.884,5.2,2.01,15,18755.07,4,3,2.2,0,0,0,1
PO005457,V0012,FINISH,US,0.73,24.7,3.25,18,3677.72,7,4,23.3,6,0,0,0
PO005458,V0065,FINISH,DE,0.79,26.8,4.29,23,12628.81,6,4,26.0,3,0,1,0
PO005459,V0012,FINISH,US,0.73,24.7,3.25,18,2288.38,3,5,21.3,1,0,0,0
PO005460,V0040,SERVICE,CN,0.742,5.1,2.29,19,21073.05,6,2,2.2,0,0,0,1
PO005461,V0093,SERVICE,DE,0.917,6.8,1.72,8,14088.84,4,1,4.7,4,0,0,1
PO005462,V0059,PACK,IN,0.786,5.6,2.97,7,34724.95,7,3,6.0,2,0,0,1
PO005463,V0043,RAW,DE,0.98,7.1,1.46,6,13184.18,6,4,8.7,2,0,0,1
PO005464,V0059,PACK,IN,0.786,5.6,2.97,7,4835.08,3,2,6.2,3,0,0,1
PO005465,V0057,FINISH,US,0.768,15.2,3.8,17,4048.19,6,3,14.0,5,0,0,0
PO005466,V0016,FINISH,IN,0.733,18.5,1.44,12,2074.58,2,3,20.9,6,0,0,1
PO005467,V0006,SERVICE,US,0.821,4.0,3.65,13,2110.4,9,1,2.3,5,0,0,1
PO005468,V0068,RAW,DE,0.98,7.4,4.46,20,906.81,4,2,6.6,1,0,1,1
PO005469,V0025,PACK,IN,0.539,5.5,4.59,21,37912.28,8,1,5.9,2,0,0,0
PO005470,V0059,PACK,IN,0.786,5.6,2.97,7,8115.39,12,1,8.2,2,0,0,1
PO005471,V0075,SERVICE,DE,0.673,5.5,1.96,8,10576.2,3,2,7.2,0,0,0,1
PO005472,V0022,RAW,DE,0.74,7.3,3.36,17,8883.61,4,1,8.8,4,0,0,1
PO005473,V0029,FINISH,CN,0.802,15.3,2.47,12,5045.78,8,4,14.3,1,0,0,1
PO005474,V0049,RAW,US,0.878,7.5,2.28,20,6719.22,3,2,7.9,0,0,0,1
PO005475,V0076,RAW,US,0.841,8.0,3.56,11,86547.18,6,4,8.8,5,0,0,1
PO005476,V0089,PACK,MX,0.613,8.8,1.75,13,101936.57,4,4,12.8,5,0,0,0
PO005477,V0066,PACK,CN,0.769,9.7,4.46,6,10262.72,4,3,7.8,3,0,0,0
PO005478,V0050,RAW,IN,0.638,7.8,3.79,16,2008.69,2,3,8.5,2,0,0,1
PO005479,V0002,SERVICE,US,0.98,6.3,1.85,11,2257.7,6,2,6.5,1,0,0,1
PO005480,V0061,FINISH,US,0.872,15.0,3.22,16,22480.72,6,4,12.1,0,0,0,1
PO005481,V0033,RAW,IN,0.721,13.6,3.78,16,19643.91,9,3,11.6,0,0,0,1
PO005482,V0084,PACK,IN,0.592,5.4,3.15,16,1563.01,3,1,7.2,2,0,0,1
PO005483,V0010,RAW,IN,0.761,9.5,1.46,20,3038.06,5,4,8.1,3,0,1,1
PO005484,V0022,RAW,DE,0.74,7.3,3.36,17,94926.6,5,2,5.2,2,0,0,1
PO005485,V0020,PACK,US,0.98,9.9,1.97,17,4593.85,5,4,11.2,5,0,0,1
PO005486,V0088,FINISH,MX,0.697,25.4,2.03,11,717.82,6,5,25.6,4,0,0,1
PO005487,V0055,PACK,CN,0.619,8.4,4.01,9,14059.45,7,1,9.5,0,0,1,0
PO005488,V0042,FINISH,CN,0.807,23.2,2.12,16,6384.73,5,3,23.6,2,0,0,1
PO005489,V0100,FINISH,US,0.802,15.8,2.59,19,43265.53,8,4,15.5,1,1,1,0
PO005490,V0066,PACK,CN,0.769,9.7,4.46,6,4871.72,6,3,9.3,1,0,0,1
PO005491,V0080,FINISH,IN,0.721,16.6,1.84,13,265.61,4,3,16.7,1,0,0,1
PO005492,V0001,SERVICE,DE,0.945,3.6,1.62,16,6477.4,2,2,4.6,4,1,0,1
PO005493,V0053,SERVICE,US,0.98,4.3,4.58,14,6864.9,4,2,5.2,3,0,0,1
PO005494,V0063,FINISH,MX,0.98,17.9,1.75,15,36658.85,8,4,18.3,1,0,0,1
PO005495,V0012,FINISH,US,0.73,24.7,3.25,18,96168.33,4,3,25.2,4,0,0,0
PO005496,V0065,FINISH,DE,0.79,26.8,4.29,23,5051.21,7,3,25.9,3,0,0,1
PO005497,V0079,FINISH,CN,0.65,26.2,4.68,7,3718.1,6,3,26.3,6,1,0,0
PO005498,V0003,PACK,DE,0.708,8.1,1.56,12,5437.83,8,5,6.9,2,0,0,0
PO005499,V0032,SERVICE,MX,0.694,6.7,2.48,12,6137.97,4,2,7.3,3,0,0,1
PO005500,V0018,RAW,MX,0.757,10.6,3.81,25,17088.48,6,5,13.0,2,0,1,1
PO005501,V0061,FINISH,US,0.872,15.0,3.22,16,6328.89,7,5,16.3,5,0,1,1
PO005502,V0047,PACK,US,0.861,6.9,3.57,14,775.97,7,2,8.3,1,0,1,1
PO005503,V0006,SERVICE,US,0.821,4.0,3.65,13,5855.65,2,2,2.9,1,0,0,1
PO005504,V0005,RAW,CN,0.66,11.8,2.76,10,29286.78,8,2,10.8,6,0,0,0
PO005505,V0098,FINISH,US,0.629,22.7,3.13,10,31729.34,11,5,21.8,5,0,0,1
PO005506,V0008,RAW,DE,0.897,12.8,2.43,12,7023.02,8,2,9.4,6,0,0,1
PO005507,V0055,PACK,CN,0.619,8.4,4.01,9,14223.02,7,2,7.2,5,0,0,1
PO005508,V0058,SERVICE,US,0.874,4.5,2.48,13,400134.66,5,2,5.4,5,0,0,1
PO005509,V0007,RAW,CN,0.794,7.6,1.78,6,3470.91,6,3,8.7,1,0,0,0
PO005510,V0072,RAW,CN,0.817,8.0,1.06,13,30399.12,6,4,8.3,6,0,1,1
PO005511,V0017,FINISH,IN,0.701,19.8,1.89,10,43141.29,3,4,18.3,6,1,0,0
PO005512,V0032,SERVICE,MX,0.694,6.7,2.48,12,12740.32,9,2,5.8,2,0,0,0
PO005513,V0061,FINISH,US,0.872,15.0,3.22,16,5246.5,3,5,12.7,6,0,0,0
PO005514,V0024,RAW,DE,0.927,13.5,4.51,12,11745.21,4,1,13.8,3,0,0,1
PO005515,V0041,RAW,DE,0.93,9.9,1.69,10,183.09,7,3,9.3,0,1,1,1
PO005516,V0052,SERVICE,DE,0.824,6.4,2.72,18,50799.29,5,1,9.0,4,0,0,1
PO005517,V0036,FINISH,IN,0.606,23.8,4.18,21,2811.54,7,4,27.1,1,0,0,0
PO005518,V0015,FINISH,MX,0.872,25.3,1.75,21,19483.63,4,4,27.2,2,0,0,0
PO005519,V0023,RAW,CN,0.614,11.8,2.55,22,1274.72,11,4,10.8,6,0,0,0
PO005520,V0005,RAW,CN,0.66,11.8,2.76,10,2937.42,7,4,11.3,6,0,0,1
PO005521,V0100,FINISH,US,0.802,15.8,2.59,19,41308.17,5,4,16.6,2,0,1,1
PO005522,V0072,RAW,CN,0.817,8.0,1.06,13,1823.51,3,1,8.1,1,1,0,1
PO005523,V0086,RAW,US,0.712,8.7,1.64,11,14043.07,3,2,7.9,4,0,0,1
PO005524,V0008,RAW,DE,0.897,12.8,2.43,12,20155.64,3,1,13.9,3,0,0,1
PO005525,V0064,RAW,CN,0.639,13.8,4.94,17,10705.62,3,4,14.4,5,0,0,0
PO005526,V0094,FINISH,CN,0.66,16.0,4.18,11,1724.69,4,3,18.6,0,0,0,0
PO005527,V0098,FINISH,US,0.629,22.7,3.13,10,13333.24,4,4,21.9,0,1,1,0
PO005528,V0032,SERVICE,MX,0.694,6.7,2.48,12,12395.2,3,2,4.8,6,0,0,1
PO005529,V0005,RAW,CN,0.66,11.8,2.76,10,51539.23,4,1,12.0,5,0,1,1
PO005530,V0097,FINISH,US,0.933,26.7,3.5,16,4889.72,6,3,27.8,4,1,0,1
PO005531,V0099,FINISH,US,0.857,24.7,4.51,13,1525.69,10,5,26.1,1,0,0,0
PO005532,V0088,FINISH,MX,0.697,25.4,2.03,11,3319.64,6,3,25.2,5,0,0,0
PO005533,V0083,RAW,US,0.785,7.8,4.56,16,44015.8,8,2,7.8,4,0,0,0
PO005534,V0053,SERVICE,US,0.98,4.3,4.58,14,5501.6,7,1,4.2,5,0,0,1
PO005535,V0100,FINISH,US,0.802,15.8,2.59,19,31437.29,5,3,14.8,4,0,0,0
PO005536,V0084,PACK,IN,0.592,5.4,3.15,16,941.63,2,1,7.8,3,0,0,1
PO005537,V0007,RAW,CN,0.794,7.6,1.78,6,11254.22,1,1,5.4,4,0,0,1
PO005538,V0017,FINISH,IN,0.701,19.8,1.89,10,7272.73,3,4,16.8,3,0,0,0
PO005539,V0045,PACK,US,0.98,8.2,1.18,13,20154.6,2,3,1.5,6,0,1,1
PO005540,V0026,RAW,DE,0.898,12.1,4.59,17,29062.15,4,2,13.3,3,0,0,1
PO005541,V0048,PACK,MX,0.846,9.8,4.62,11,223854.75,4,4,8.6,1,0,0,1
PO005542,V0050,RAW,IN,0.638,7.8,3.79,16,7140.23,7,5,9.4,3,0,0,1
PO005543,V0066,PACK,CN,0.769,9.7,4.46,6,2296.63,3,1,11.7,6,0,0,1
PO005544,V0088,FINISH,MX,0.697,25.4,2.03,11,7047.23,7,5,26.0,1,0,0,1
PO005545,V0045,PACK,US,0.98,8.2,1.18,13,2082.24,4,2,10.8,3,0,0,1
PO005546,V0097,FINISH,US,0.933,26.7,3.5,16,2181.23,8,3,27.7,5,1,1,1
PO005547,V0096,PACK,DE,0.98,7.3,2.21,18,5225.92,4,2,7.6,4,0,0,0
PO005548,V0085,RAW,DE,0.792,11.5,3.28,16,14845.1,4,2,11.4,1,0,0,1
PO005549,V0022,RAW,DE,0.74,7.3,3.36,17,87571.51,8,3,5.9,2,0,0,0
PO005550,V0056,PACK,US,0.729,7.2,4.55,13,9717.66,0,3,8.0,6,0,1,1
PO005551,V0056,PACK,US,0.729,7.2,4.55,13,49268.7,7,2,6.7,0,0,0,1
PO005552,V0098,FINISH,US,0.629,22.7,3.13,10,3409.17,1,5,22.8,1,0,0,0
PO005553,V0056,PACK,US,0.729,7.2,4.55,13,4454.3,3,2,9.5,2,1,0,0
PO005554,V0100,FINISH,US,0.802,15.8,2.59,19,5391.87,4,3,16.5,5,1,1,1
PO005555,V0017,FINISH,IN,0.701,19.8,1.89,10,26694.29,4,5,19.0,3,0,0,1
PO005556,V0078,RAW,US,0.9,7.8,2.84,11,725.93,4,1,7.0,6,0,0,1
PO005557,V0051,FINISH,CN,0.637,24.5,4.23,13,39676.72,5,3,24.2,6,0,0,0
PO005558,V0013,PACK,CN,0.729,6.6,3.03,21,29602.63,7,3,7.8,4,0,0,1
PO005559,V0008,RAW,DE,0.897,12.8,2.43,12,6312.56,4,4,13.1,4,0,0,0
PO005560,V0025,PACK,IN,0.539,5.5,4.59,21,19081.96,3,1,5.3,2,0,0,1
PO005561,V0050,RAW,IN,0.638,7.8,3.79,16,44814.55,4,1,9.1,2,0,0,0
PO005562,V0095,FINISH,US,0.879,19.0,4.51,14,36272.74,1,3,19.5,2,0,0,0
PO005563,V0053,SERVICE,US,0.98,4.3,4.58,14,2407.08,6,1,5.3,6,0,0,1
PO005564,V0097,FINISH,US,0.933,26.7,3.5,16,13927.29,4,3,26.0,0,1,0,0
PO005565,V0072,RAW,CN,0.817,8.0,1.06,13,19428.86,5,3,7.4,2,0,1,0
PO005566,V0002,SERVICE,US,0.98,6.3,1.85,11,1013.46,1,2,6.1,2,0,0,1
PO005567,V0008,RAW,DE,0.897,12.8,2.43,12,22108.99,3,1,12.9,6,0,0,1
PO005568,V0073,PACK,DE,0.853,7.6,4.13,14,24764.39,5,5,4.3,0,0,1,0
PO005569,V0003,PACK,DE,0.708,8.1,1.56,12,21231.44,6,3,7.2,4,1,0,0
PO005570,V0024,RAW,DE,0.927,13.5,4.51,12,8089.22,5,1,16.1,1,0,0,0
PO005571,V0096,PACK,DE,0.98,7.3,2.21,18,1687.53,7,2,6.4,6,0,0,1
PO005572,V0083,RAW,US,0.785,7.8,4.56,16,3888.73,13,2,3.2,6,1,1,1
PO005573,V0002,SERVICE,US,0.98,6.3,1.85,11,19513.0,1,2,8.1,1,1,0,1
PO005574,V0043,RAW,DE,0.98,7.1,1.46,6,33079.95,4,1,7.0,0,0,0,1
PO005575,V0026,RAW,DE,0.898,12.1,4.59,17,57765.51,9,4,13.7,5,0,1,1
PO005576,V0076,RAW,US,0.841,8.0,3.56,11,3565.79,4,2,9.6,2,0,0,1
PO005577,V0003,PACK,DE,0.708,8.1,1.56,12,60528.04,8,1,10.6,6,0,0,0
PO005578,V0031,PACK,CN,0.783,6.4,1.1,17,947.74,6,3,5.1,0,0,0,1
PO005579,V0032,SERVICE,MX,0.694,6.7,2.48,12,5521.4,5,2,9.5,6,1,0,1
PO005580,V0096,PACK,DE,0.98,7.3,2.21,18,1396.38,7,2,8.7,6,0,0,1
PO005581,V0022,RAW,DE,0.74,7.3,3.36,17,47163.18,7,2,7.4,5,0,0,1
PO005582,V0070,FINISH,US,0.901,21.3,4.09,15,22053.74,6,5,18.9,4,0,0,1
PO005583,V0085,RAW,DE,0.792,11.5,3.28,16,26957.88,4,4,13.8,6,0,0,1
PO005584,V0067,FINISH,DE,0.709,27.6,4.37,19,15679.38,3,5,26.2,5,0,0,1
PO005585,V0028,RAW,CN,0.649,12.0,1.95,13,57246.38,2,2,12.5,6,0,0,1
PO005586,V0062,FINISH,DE,0.881,22.2,4.6,6,300.6,6,5,23.8,4,1,0,0
PO005587,V0057,FINISH,US,0.768,15.2,3.8,17,7997.33,9,3,17.4,1,0,0,1
PO005588,V0081,PACK,CN,0.884,5.2,2.01,15,4318.49,4,4,7.2,1,1,1,1
PO005589,V0094,FINISH,CN,0.66,16.0,4.18,11,3455.94,2,3,12.0,6,0,0,0
PO005590,V0078,RAW,US,0.9,7.8,2.84,11,1327.87,6,3,7.8,3,0,1,0
PO005591,V0010,RAW,IN,0.761,9.5,1.46,20,18073.6,3,2,7.5,6,0,0,0
PO005592,V0057,FINISH,US,0.768,15.2,3.8,17,30552.85,6,3,16.3,2,0,0,1
PO005593,V0029,FINISH,CN,0.802,15.3,2.47,12,8647.42,3,4,14.8,3,0,0,1
PO005594,V0049,RAW,US,0.878,7.5,2.28,20,17320.28,3,2,7.7,3,0,0,1
PO005595,V0075,SERVICE,DE,0.673,5.5,1.96,8,1868.09,5,2,6.6,4,0,0,1
PO005596,V0051,FINISH,CN,0.637,24.5,4.23,13,2451.33,3,3,25.3,2,0,1,0
PO005597,V0059,PACK,IN,0.786,5.6,2.97,7,14156.19,4,3,4.2,5,1,1,1
PO005598,V0044,FINISH,IN,0.629,20.6,1.39,15,1451.8,4,4,19.9,4,0,1,1
PO005599,V0044,FINISH,IN,0.629,20.6,1.39,15,737.38,4,4,23.1,5,0,0,0
PO005600,V0065,FINISH,DE,0.79,26.8,4.29,23,5783.94,5,4,26.3,1,0,0,1
PO005601,V0090,RAW,CN,0.774,7.8,3.44,12,22023.45,3,1,6.0,0,0,0,0
PO005602,V0047,PACK,US,0.861,6.9,3.57,14,3366.62,6,2,3.5,0,0,0,1
PO005603,V0016,FINISH,IN,0.733,18.5,1.44,12,14414.36,7,4,18.4,5,1,0,1
PO005604,V0001,SERVICE,DE,0.945,3.6,1.62,16,2759.95,5,2,1.8,1,0,0,0
PO005605,V0004,FINISH,DE,0.824,16.8,3.06,16,4649.41,4,5,13.3,1,0,0,1
PO005606,V0036,FINISH,IN,0.606,23.8,4.18,21,1622.83,3,3,23.9,1,0,0,1
PO005607,V0074,SERVICE,IN,0.772,3.6,4.71,15,3150.76,6,1,1.9,1,0,0,1
PO005608,V0089,PACK,MX,0.613,8.8,1.75,13,2544.76,7,2,9.9,6,1,1,0
PO005609,V0067,FINISH,DE,0.709,27.6,4.37,19,4795.09,4,4,29.9,4,0,0,1
PO005610,V0078,RAW,US,0.9,7.8,2.84,11,6669.08,7,3,9.5,1,1,0,1
PO005611,V0067,FINISH,DE,0.709,27.6,4.37,19,10683.45,3,4,27.0,4,0,0,0
PO005612,V0076,RAW,US,0.841,8.0,3.56,11,1564.66,6,4,9.5,2,0,0,1
PO005613,V0089,PACK,MX,0.613,8.8,1.75,13,20862.64,5,1,11.2,6,0,0,1
PO005614,V0037,RAW,DE,0.831,10.3,3.17,12,10533.66,3,5,9.7,6,0,0,1
PO005615,V0083,RAW,US,0.785,7.8,4.56,16,7835.68,7,3,7.7,3,0,1,1
PO005616,V0079,FINISH,CN,0.65,26.2,4.68,7,1269.88,4,3,26.5,3,0,0,1
PO005617,V0096,PACK,DE,0.98,7.3,2.21,18,35162.71,4,3,8.9,1,0,0,1
PO005618,V0024,RAW,DE,0.927,13.5,4.51,12,5220.43,4,2,15.3,2,0,0,0
PO005619,V0099,FINISH,US,0.857,24.7,4.51,13,1155.17,4,4,24.4,0,0,0,0
PO005620,V0028,RAW,CN,0.649,12.0,1.95,13,211.12,7,2,11.8,6,0,0,1
PO005621,V0015,FINISH,MX,0.872,25.3,1.75,21,1957.0,4,5,26.3,3,0,0,0
PO005622,V0073,PACK,DE,0.853,7.6,4.13,14,2515.76,9,1,10.7,4,0,0,1
PO005623,V0009,FINISH,US,0.782,14.1,4.26,17,6950.93,6,5,11.9,2,0,0,1
PO005624,V0063,FINISH,MX,0.98,17.9,1.75,15,4822.5,5,4,16.7,5,0,0,1
PO005625,V0037,RAW,DE,0.831,10.3,3.17,12,5160.34,4,1,12.2,5,0,0,1
PO005626,V0091,PACK,US,0.785,6.7,1.54,13,21398.65,7,3,5.7,1,0,1,1
PO005627,V0017,FINISH,IN,0.701,19.8,1.89,10,7764.09,7,4,20.1,4,0,0,0
PO005628,V0080,FINISH,IN,0.721,16.6,1.84,13,147468.57,7,4,17.8,4,0,0,1
PO005629,V0088,FINISH,MX,0.697,25.4,2.03,11,14788.55,6,4,25.6,1,1,0,1
PO005630,V0031,PACK,CN,0.783,6.4,1.1,17,19865.78,3,3,5.4,3,0,1,1
PO005631,V0090,RAW,CN,0.774,7.8,3.44,12,12937.82,5,3,6.2,5,1,0,1
PO005632,V0056,PACK,US,0.729,7.2,4.55,13,8929.9,4,2,6.7,2,0,0,1
PO005633,V0050,RAW,IN,0.638,7.8,3.79,16,6463.75,5,3,4.5,0,0,0,1
PO005634,V0046,FINISH,CN,0.577,23.2,1.65,8,23476.03,6,5,22.1,2,0,0,0
PO005635,V0045,PACK,US,0.98,8.2,1.18,13,22089.14,5,2,7.9,2,1,1,1
PO005636,V0076,RAW,US,0.841,8.0,3.56,11,3610.92,7,4,7.3,3,0,0,1
PO005637,V0023,RAW,CN,0.614,11.8,2.55,22,3511.4,4,1,10.9,3,0,0,1
PO005638,V0040,SERVICE,CN,0.742,5.1,2.29,19,83601.78,2,2,5.3,3,0,0,1
PO005639,V0025,PACK,IN,0.539,5.5,4.59,21,11537.77,3,2,5.7,0,0,0,0
PO005640,V0068,RAW,DE,0.98,7.4,4.46,20,6788.22,7,4,7.5,2,0,0,1
PO005641,V0040,SERVICE,CN,0.742,5.1,2.29,19,1614.53,3,2,3.1,1,0,0,1
PO005642,V0061,FINISH,US,0.872,15.0,3.22,16,7753.06,2,4,13.8,3,0,0,1
PO005643,V0075,SERVICE,DE,0.673,5.5,1.96,8,36522.96,1,2,5.2,1,0,0,1
PO005644,V0061,FINISH,US,0.872,15.0,3.22,16,13314.53,9,5,12.0,0,0,0,0
PO005645,V0008,RAW,DE,0.897,12.8,2.43,12,6916.2,4,3,10.4,4,0,0,1
PO005646,V0027,FINISH,US,0.879,14.1,1.64,15,12180.88,3,5,14.1,6,1,1,1
PO005647,V0053,SERVICE,US,0.98,4.3,4.58,14,1771.39,1,1,8.4,1,1,0,1
PO005648,V0016,FINISH,IN,0.733,18.5,1.44,12,15126.21,5,4,16.2,6,1,0,1
PO005649,V0026,RAW,DE,0.898,12.1,4.59,17,819.94,8,3,9.9,2,0,0,0
PO005650,V0017,FINISH,IN,0.701,19.8,1.89,10,25500.31,4,4,18.3,6,0,0,0
PO005651,V0046,FINISH,CN,0.577,23.2,1.65,8,15282.48,7,4,23.9,1,1,1,0
PO005652,V0075,SERVICE,DE,0.673,5.5,1.96,8,12835.29,2,2,6.5,2,0,0,1
PO005653,V0049,RAW,US,0.878,7.5,2.28,20,4064.03,6,5,8.1,1,1,0,0
PO005654,V0095,FINISH,US,0.879,19.0,4.51,14,7675.66,4,3,18.7,0,0,1,1
PO005655,V0069,RAW,DE,0.892,8.6,3.69,16,1284.47,5,1,8.9,5,0,1,1
PO005656,V0017,FINISH,IN,0.701,19.8,1.89,10,53970.84,4,5,17.6,4,1,0,0
PO005657,V0002,SERVICE,US,0.98,6.3,1.85,11,6005.13,3,2,5.9,4,0,0,1
PO005658,V0091,PACK,US,0.785,6.7,1.54,13,1775.91,3,5,8.3,5,0,0,1
PO005659,V0020,PACK,US,0.98,9.9,1.97,17,109781.51,4,2,11.2,0,0,1,1
PO005660,V0077,PACK,IN,0.601,6.0,1.16,11,1893.64,4,2,7.1,6,1,0,0
PO005661,V0036,FINISH,IN,0.606,23.8,4.18,21,3639.23,7,5,24.4,6,0,0,1
PO005662,V0092,FINISH,US,0.855,24.6,3.38,15,6550.41,4,4,26.9,5,0,0,0
PO005663,V0050,RAW,IN,0.638,7.8,3.79,16,11828.3,4,1,8.5,6,0,0,0
PO005664,V0023,RAW,CN,0.614,11.8,2.55,22,21231.12,5,2,10.4,5,0,1,1
PO005665,V0092,FINISH,US,0.855,24.6,3.38,15,2950.93,3,3,26.4,5,1,0,1
PO005666,V0046,FINISH,CN,0.577,23.2,1.65,8,12959.2,7,4,23.3,0,0,0,1
PO005667,V0040,SERVICE,CN,0.742,5.1,2.29,19,14031.71,6,1,5.3,5,0,0,1
PO005668,V0012,FINISH,US,0.73,24.7,3.25,18,6486.49,5,3,23.6,6,0,1,0
PO005669,V0084,PACK,IN,0.592,5.4,3.15,16,5515.39,7,3,6.3,4,0,1,0
PO005670,V0089,PACK,MX,0.613,8.8,1.75,13,4143.48,2,2,8.3,1,0,0,1
PO005671,V0085,RAW,DE,0.792,11.5,3.28,16,11877.33,6,1,12.6,1,0,0,1
PO005672,V0097,FINISH,US,0.933,26.7,3.5,16,14370.68,9,4,28.6,3,0,0,0
PO005673,V0053,SERVICE,US,0.98,4.3,4.58,14,4094.6,2,1,5.1,1,0,1,1
PO005674,V0018,RAW,MX,0.757,10.6,3.81,25,31794.18,4,3,13.2,0,0,0,0
PO005675,V0047,PACK,US,0.861,6.9,3.57,14,62810.02,9,4,7.9,2,0,0,1
PO005676,V0091,PACK,US,0.785,6.7,1.54,13,11913.21,5,4,8.4,2,0,0,1
PO005677,V0078,RAW,US,0.9,7.8,2.84,11,3612.92,7,1,6.6,0,0,1,1
PO005678,V0041,RAW,DE,0.93,9.9,1.69,10,13829.04,1,1,6.8,6,0,0,1
PO005679,V0091,PACK,US,0.785,6.7,1.54,13,51204.36,3,4,6.3,5,0,0,0
PO005680,V0088,FINISH,MX,0.697,25.4,2.03,11,39247.18,1,5,24.4,2,0,0,1
PO005681,V0032,SERVICE,MX,0.694,6.7,2.48,12,8134.39,10,2,8.1,3,0,0,0
PO005682,V0081,PACK,CN,0.884,5.2,2.01,15,4131.9,8,1,6.0,1,0,0,1
PO005683,V0030,PACK,MX,0.97,9.5,3.52,19,5692.08,4,2,9.1,3,0,0,1
PO005684,V0096,PACK,DE,0.98,7.3,2.21,18,21501.7,11,5,2.9,2,0,1,1
PO005685,V0033,RAW,IN,0.721,13.6,3.78,16,41871.25,4,1,13.1,3,0,0,1
PO005686,V0098,FINISH,US,0.629,22.7,3.13,10,18812.71,0,4,22.8,6,0,0,0
PO005687,V0097,FINISH,US,0.933,26.7,3.5,16,59590.41,6,4,22.0,3,0,0,1
PO005688,V0091,PACK,US,0.785,6.7,1.54,13,21771.13,2,5,7.8,3,0,0,0
PO005689,V0026,RAW,DE,0.898,12.1,4.59,17,4919.69,5,5,12.5,1,0,0,0
PO005690,V0056,PACK,US,0.729,7.2,4.55,13,15017.36,4,5,6.0,6,0,0,1
PO005691,V0079,FINISH,CN,0.65,26.2,4.68,7,9266.85,5,5,27.9,6,0,0,0
PO005692,V0066,PACK,CN,0.769,9.7,4.46,6,1137.8,5,4,4.1,6,0,0,1
PO005693,V0005,RAW,CN,0.66,11.8,2.76,10,17622.41,3,3,15.4,3,0,0,1
PO005694,V0062,FINISH,DE,0.881,22.2,4.6,6,1943.56,8,3,21.8,3,1,1,0
PO005695,V0082,PACK,US,0.825,7.7,1.97,12,35072.65,6,4,7.9,1,0,1,1
PO005696,V0020,PACK,US,0.98,9.9,1.97,17,5464.58,8,3,11.7,1,0,0,1
PO005697,V0097,FINISH,US,0.933,26.7,3.5,16,7767.88,4,4,24.8,1,0,0,0
PO005698,V0086,RAW,US,0.712,8.7,1.64,11,9135.85,7,1,5.7,6,0,0,0
PO005699,V0035,FINISH,CN,0.582,25.3,4.24,15,13056.7,4,5,24.5,1,0,0,0
PO005700,V0065,FINISH,DE,0.79,26.8,4.29,23,625.03,5,5,22.5,6,0,0,1
PO005701,V0095,FINISH,US,0.879,19.0,4.51,14,3424.3,6,5,22.1,1,0,0,0
PO005702,V0042,FINISH,CN,0.807,23.2,2.12,16,43948.68,3,3,21.6,2,0,1,0
PO005703,V0043,RAW,DE,0.98,7.1,1.46,6,27065.7,0,2,2.4,5,0,0,1
PO005704,V0082,PACK,US,0.825,7.7,1.97,12,1119.84,4,4,5.4,3,0,0,1
PO005705,V0054,RAW,MX,0.782,9.2,4.8,24,4214.24,4,1,9.7,6,0,0,0
PO005706,V0086,RAW,US,0.712,8.7,1.64,11,10001.36,9,2,10.0,2,0,0,1
PO005707,V0014,FINISH,DE,0.85,17.2,1.31,12,2633.43,5,3,19.7,1,0,1,1
PO005708,V0097,FINISH,US,0.933,26.7,3.5,16,7961.91,4,3,27.1,0,0,0,1
PO005709,V0066,PACK,CN,0.769,9.7,4.46,6,11229.71,5,1,10.1,6,0,0,0
PO005710,V0036,FINISH,IN,0.606,23.8,4.18,21,28197.68,6,4,22.9,0,0,0,0
PO005711,V0007,RAW,CN,0.794,7.6,1.78,6,3190.74,3,1,9.5,4,0,0,0
PO005712,V0007,RAW,CN,0.794,7.6,1.78,6,7520.62,4,4,8.9,1,0,0,1
PO005713,V0036,FINISH,IN,0.606,23.8,4.18,21,26780.86,4,5,25.0,6,0,0,0
PO005714,V0065,FINISH,DE,0.79,26.8,4.29,23,15886.3,6,4,24.7,0,0,0,1
PO005715,V0072,RAW,CN,0.817,8.0,1.06,13,18553.62,8,4,9.6,5,0,0,1
PO005716,V0088,FINISH,MX,0.697,25.4,2.03,11,2659.33,2,5,24.6,3,0,0,1
PO005717,V0012,FINISH,US,0.73,24.7,3.25,18,1948.92,4,5,26.2,1,0,0,1
PO005718,V0074,SERVICE,IN,0.772,3.6,4.71,15,3369.47,3,2,3.0,5,0,0,1
PO005719,V0020,PACK,US,0.98,9.9,1.97,17,3688.29,4,1,11.3,1,1,0,1
PO005720,V0040,SERVICE,CN,0.742,5.1,2.29,19,120837.22,6,1,7.6,1,0,0,0
PO005721,V0067,FINISH,DE,0.709,27.6,4.37,19,21682.58,3,5,26.2,5,0,0,0
PO005722,V0066,PACK,CN,0.769,9.7,4.46,6,1424.63,3,4,14.0,6,0,0,1
PO005723,V0077,PACK,IN,0.601,6.0,1.16,11,5712.48,3,4,5.0,2,0,1,0
PO005724,V0097,FINISH,US,0.933,26.7,3.5,16,4011.42,3,4,28.2,4,0,0,1
PO005725,V0046,FINISH,CN,0.577,23.2,1.65,8,6714.86,2,3,25.8,4,0,0,1
PO005726,V0046,FINISH,CN,0.577,23.2,1.65,8,3957.86,5,5,23.0,5,0,1,1
PO005727,V0052,SERVICE,DE,0.824,6.4,2.72,18,3995.74,4,2,3.4,6,0,0,1
PO005728,V0084,PACK,IN,0.592,5.4,3.15,16,1670.37,6,4,3.2,5,0,0,0
PO005729,V0017,FINISH,IN,0.701,19.8,1.89,10,39104.22,4,3,18.4,2,0,0,1
PO005730,V0099,FINISH,US,0.857,24.7,4.51,13,19676.28,5,4,27.9,4,0,1,1
PO005731,V0023,RAW,CN,0.614,11.8,2.55,22,39408.53,2,1,11.5,6,0,0,1
PO005732,V0015,FINISH,MX,0.872,25.3,1.75,21,1131.55,7,3,27.0,2,1,0,1
PO005733,V0054,RAW,MX,0.782,9.2,4.8,24,2384.59,1,2,6.4,5,0,0,0
PO005734,V0080,FINISH,IN,0.721,16.6,1.84,13,49102.82,2,4,19.4,4,0,0,0
PO005735,V0094,FINISH,CN,0.66,16.0,4.18,11,5142.01,5,4,17.2,3,0,1,0
PO005736,V0050,RAW,IN,0.638,7.8,3.79,16,8137.42,11,3,13.1,3,0,0,0
PO005737,V0037,RAW,DE,0.831,10.3,3.17,12,4894.3,5,2,6.5,5,0,0,1
PO005738,V0005,RAW,CN,0.66,11.8,2.76,10,4127.54,4,2,10.6,1,0,0,0
PO005739,V0099,FINISH,US,0.857,24.7,4.51,13,12870.6,3,3,25.3,4,0,1,0
PO005740,V0005,RAW,CN,0.66,11.8,2.76,10,27992.45,4,1,13.7,0,0,0,1
PO005741,V0051,FINISH,CN,0.637,24.5,4.23,13,10437.3,3,4,23.8,5,1,0,1
PO005742,V0049,RAW,US,0.878,7.5,2.28,20,6325.19,5,4,10.8,4,0,0,1
PO005743,V0021,FINISH,US,0.98,22.9,3.14,9,108804.3,6,3,21.2,2,0,0,0
PO005744,V0056,PACK,US,0.729,7.2,4.55,13,26428.79,3,3,4.9,5,0,1,1
PO005745,V0038,RAW,US,0.858,12.8,2.44,10,34900.73,3,3,13.9,1,0,1,1
PO005746,V0054,RAW,MX,0.782,9.2,4.8,24,1744.69,5,3,5.2,4,1,0,1
PO005747,V0056,PACK,US,0.729,7.2,4.55,13,2163.31,7,1,8.2,2,0,0,1
PO005748,V0007,RAW,CN,0.794,7.6,1.78,6,6938.02,4,1,11.4,3,0,0,1
PO005749,V0035,FINISH,CN,0.582,25.3,4.24,15,21217.3,5,5,29.5,4,0,0,1
PO005750,V0084,PACK,IN,0.592,5.4,3.15,16,6456.85,7,4,6.0,3,0,0,1
PO005751,V0093,SERVICE,DE,0.917,6.8,1.72,8,109839.15,6,1,6.1,2,0,0,1
PO005752,V0043,RAW,DE,0.98,7.1,1.46,6,7693.93,1,1,7.8,2,0,0,1
PO005753,V0002,SERVICE,US,0.98,6.3,1.85,11,2262.56,3,1,6.9,2,0,0,1
PO005754,V0066,PACK,CN,0.769,9.7,4.46,6,11087.75,4,2,7.5,5,1,0,0
PO005755,V0013,PACK,CN,0.729,6.6,3.03,21,8005.11,5,3,5.5,5,0,0,1
PO005756,V0062,FINISH,DE,0.881,22.2,4.6,6,71444.02,7,5,19.1,3,0,0,0
PO005757,V0041,RAW,DE,0.93,9.9,1.69,10,9915.9,6,2,11.2,5,0,0,1
PO005758,V0006,SERVICE,US,0.821,4.0,3.65,13,3014.63,2,2,3.1,1,0,0,0
PO005759,V0092,FINISH,US,0.855,24.6,3.38,15,2393.27,8,3,23.6,2,0,0,1
PO005760,V0043,RAW,DE,0.98,7.1,1.46,6,13406.02,3,3,5.9,0,1,0,1
PO005761,V0084,PACK,IN,0.592,5.4,3.15,16,15603.1,3,5,6.2,5,0,1,1
PO005762,V0053,SERVICE,US,0.98,4.3,4.58,14,1219.54,7,1,7.2,3,0,0,1
PO005763,V0015,FINISH,MX,0.872,25.3,1.75,21,2913.17,5,4,25.0,1,0,0,1
PO005764,V0091,PACK,US,0.785,6.7,1.54,13,3958.04,7,5,9.0,0,0,0,1
PO005765,V0064,RAW,CN,0.639,13.8,4.94,17,4875.97,11,4,14.2,2,0,0,0
PO005766,V0015,FINISH,MX,0.872,25.3,1.75,21,16424.79,4,5,26.0,2,0,0,1
PO005767,V0015,FINISH,MX,0.872,25.3,1.75,21,1498.75,4,4,22.9,1,0,0,1
PO005768,V0060,FINISH,US,0.834,24.4,3.33,25,4867.69,4,4,21.7,3,0,1,0
PO005769,V0077,PACK,IN,0.601,6.0,1.16,11,28588.34,4,2,7.3,3,0,0,1
PO005770,V0074,SERVICE,IN,0.772,3.6,4.71,15,10907.5,5,2,5.9,4,0,0,1
PO005771,V0003,PACK,DE,0.708,8.1,1.56,12,2324.04,5,3,6.0,5,1,0,1
PO005772,V0050,RAW,IN,0.638,7.8,3.79,16,6925.38,3,2,8.6,3,0,1,1
PO005773,V0060,FINISH,US,0.834,24.4,3.33,25,17915.63,6,4,26.5,5,0,1,0
PO005774,V0067,FINISH,DE,0.709,27.6,4.37,19,15405.08,4,3,28.5,4,0,0,0
PO005775,V0073,PACK,DE,0.853,7.6,4.13,14,2833.46,4,2,5.4,0,0,0,1
PO005776,V0056,PACK,US,0.729,7.2,4.55,13,57188.2,7,4,7.5,2,0,0,0
PO005777,V0015,FINISH,MX,0.872,25.3,1.75,21,79257.5,7,5,20.2,3,0,0,1
PO005778,V0092,FINISH,US,0.855,24.6,3.38,15,20659.07,5,4,27.2,6,1,1,0
PO005779,V0051,FINISH,CN,0.637,24.5,4.23,13,4046.69,9,3,23.3,3,0,0,0
PO005780,V0056,PACK,US,0.729,7.2,4.55,13,8468.49,8,3,6.3,3,0,0,1
PO005781,V0037,RAW,DE,0.831,10.3,3.17,12,1663.26,4,1,10.6,2,0,0,1
PO005782,V0056,PACK,US,0.729,7.2,4.55,13,18989.92,9,2,3.6,2,0,0,0
PO005783,V0073,PACK,DE,0.853,7.6,4.13,14,4422.17,5,3,8.6,3,1,1,1
PO005784,V0088,FINISH,MX,0.697,25.4,2.03,11,10414.89,9,5,26.6,4,0,0,1
PO005785,V0011,RAW,DE,0.769,12.1,3.55,21,9877.09,6,2,12.5,4,0,0,1
PO005786,V0029,FINISH,CN,0.802,15.3,2.47,12,815.91,4,3,15.4,4,0,1,0
PO005787,V0070,FINISH,US,0.901,21.3,4.09,15,2304.96,7,4,21.6,3,0,0,0
PO005788,V0048,PACK,MX,0.846,9.8,4.62,11,7787.62,2,5,8.5,2,0,0,1
PO005789,V0066,PACK,CN,0.769,9.7,4.46,6,1160.21,6,5,12.3,3,0,0,1
PO005790,V0025,PACK,IN,0.539,5.5,4.59,21,13229.09,5,3,1.9,0,1,0,0
PO005791,V0042,FINISH,CN,0.807,23.2,2.12,16,13249.23,7,3,25.8,2,0,1,1
PO005792,V0068,RAW,DE,0.98,7.4,4.46,20,4203.05,4,1,4.4,4,0,0,1
PO005793,V0086,RAW,US,0.712,8.7,1.64,11,8769.08,5,4,8.8,2,0,0,1
PO005794,V0020,PACK,US,0.98,9.9,1.97,17,5162.71,7,2,11.1,4,1,0,0
PO005795,V0021,FINISH,US,0.98,22.9,3.14,9,4058.82,12,4,27.7,6,1,0,0
PO005796,V0021,FINISH,US,0.98,22.9,3.14,9,2538.04,5,4,23.5,5,0,0,1
PO005797,V0045,PACK,US,0.98,8.2,1.18,13,3806.96,5,3,6.7,6,0,0,1
PO005798,V0072,RAW,CN,0.817,8.0,1.06,13,13987.99,4,2,6.9,2,0,0,1
PO005799,V0090,RAW,CN,0.774,7.8,3.44,12,22276.9,5,2,7.7,6,0,0,0
PO005800,V0059,PACK,IN,0.786,5.6,2.97,7,24626.61,6,2,6.6,1,0,0,1
PO005801,V0093,SERVICE,DE,0.917,6.8,1.72,8,3360.3,8,2,6.6,4,1,0,1
PO005802,V0018,RAW,MX,0.757,10.6,3.81,25,7195.35,4,3,9.8,4,0,0,1
PO005803,V0063,FINISH,MX,0.98,17.9,1.75,15,190601.78,7,4,16.9,2,0,1,1
PO005804,V0004,FINISH,DE,0.824,16.8,3.06,16,4667.62,7,3,15.2,3,0,0,1
PO005805,V0092,FINISH,US,0.855,24.6,3.38,15,48453.96,5,3,26.5,5,0,0,1
PO005806,V0026,RAW,DE,0.898,12.1,4.59,17,11685.77,9,2,13.0,6,0,0,1
PO005807,V0084,PACK,IN,0.592,5.4,3.15,16,81253.32,6,3,4.8,3,0,0,0
PO005808,V0032,SERVICE,MX,0.694,6.7,2.48,12,19160.53,11,2,8.0,4,0,0,1
PO005809,V0058,SERVICE,US,0.874,4.5,2.48,13,3038.01,5,2,1.9,3,0,0,0
PO005810,V0027,FINISH,US,0.879,14.1,1.64,15,64657.99,3,5,16.5,5,0,0,1
PO005811,V0041,RAW,DE,0.93,9.9,1.69,10,2509.09,0,1,6.8,1,0,1,1
PO005812,V0044,FINISH,IN,0.629,20.6,1.39,15,11977.94,1,5,20.1,4,1,0,0
PO005813,V0057,FINISH,US,0.768,15.2,3.8,17,4767.92,7,4,15.7,1,0,0,0
PO005814,V0033,RAW,IN,0.721,13.6,3.78,16,10844.91,5,5,9.8,3,0,0,1
PO005815,V0049,RAW,US,0.878,7.5,2.28,20,80377.36,10,1,6.6,5,0,0,1
PO005816,V0031,PACK,CN,0.783,6.4,1.1,17,3742.45,4,4,7.7,0,0,1,1
PO005817,V0089,PACK,MX,0.613,8.8,1.75,13,847.83,8,2,6.8,0,1,0,1
PO005818,V0043,RAW,DE,0.98,7.1,1.46,6,19523.6,5,1,8.2,4,0,0,1
PO005819,V0093,SERVICE,DE,0.917,6.8,1.72,8,14001.42,6,1,6.4,1,0,0,1
PO005820,V0087,FINISH,US,0.855,19.7,4.93,9,2011.61,4,5,16.9,0,0,0,0
PO005821,V0022,RAW,DE,0.74,7.3,3.36,17,5081.63,11,3,10.4,6,0,0,0
PO005822,V0005,RAW,CN,0.66,11.8,2.76,10,54986.86,5,2,9.0,3,1,1,0
PO005823,V0049,RAW,US,0.878,7.5,2.28,20,5508.52,5,4,5.9,2,0,0,1
PO005824,V0062,FINISH,DE,0.881,22.2,4.6,6,2350.89,6,5,22.1,5,1,0,1
PO005825,V0027,FINISH,US,0.879,14.1,1.64,15,4895.79,2,4,12.7,0,0,0,1
PO005826,V0088,FINISH,MX,0.697,25.4,2.03,11,4049.92,2,4,28.5,6,1,0,0
PO005827,V0028,RAW,CN,0.649,12.0,1.95,13,25771.45,0,1,15.3,5,0,0,1
PO005828,V0051,FINISH,CN,0.637,24.5,4.23,13,1861.37,7,4,26.8,2,0,0,1
PO005829,V0007,RAW,CN,0.794,7.6,1.78,6,17276.25,3,3,7.5,5,0,0,0
PO005830,V0023,RAW,CN,0.614,11.8,2.55,22,47729.28,7,3,10.9,3,0,1,0
PO005831,V0070,FINISH,US,0.901,21.3,4.09,15,10724.45,6,5,22.4,1,0,0,1
PO005832,V0025,PACK,IN,0.539,5.5,4.59,21,15412.89,10,2,5.5,3,0,0,0
PO005833,V0021,FINISH,US,0.98,22.9,3.14,9,2407.81,4,4,20.9,0,0,0,1
PO005834,V0041,RAW,DE,0.93,9.9,1.69,10,4093.57,5,2,8.2,0,0,1,1
PO005835,V0026,RAW,DE,0.898,12.1,4.59,17,3292.44,6,1,12.9,2,0,0,1
PO005836,V0044,FINISH,IN,0.629,20.6,1.39,15,6613.58,1,4,21.2,4,0,0,1
PO005837,V0047,PACK,US,0.861,6.9,3.57,14,4229.05,2,3,8.0,1,0,0,1
PO005838,V0071,PACK,CN,0.695,5.7,1.12,18,45977.2,14,3,7.4,0,0,0,1
PO005839,V0094,FINISH,CN,0.66,16.0,4.18,11,556.19,4,3,12.6,6,0,0,0
PO005840,V0059,PACK,IN,0.786,5.6,2.97,7,4932.22,4,1,6.5,0,0,0,1
PO005841,V0091,PACK,US,0.785,6.7,1.54,13,15371.6,6,5,7.0,2,0,0,0
PO005842,V0090,RAW,CN,0.774,7.8,3.44,12,11515.2,7,2,6.9,0,0,0,1
PO005843,V0019,RAW,DE,0.886,7.4,2.11,21,5666.2,6,2,6.7,1,0,0,1
PO005844,V0020,PACK,US,0.98,9.9,1.97,17,3466.74,2,2,9.4,1,0,0,1
PO005845,V0091,PACK,US,0.785,6.7,1.54,13,7966.81,4,2,5.3,3,0,0,1
PO005846,V0064,RAW,CN,0.639,13.8,4.94,17,2014.54,9,3,12.9,0,0,0,0
PO005847,V0062,FINISH,DE,0.881,22.2,4.6,6,13445.65,5,5,24.5,0,0,0,1
PO005848,V0002,SERVICE,US,0.98,6.3,1.85,11,15134.93,4,1,8.6,3,0,0,1
PO005849,V0068,RAW,DE,0.98,7.4,4.46,20,14163.49,5,2,7.6,6,0,0,1
PO005850,V0072,RAW,CN,0.817,8.0,1.06,13,35716.93,7,1,8.4,1,0,0,1
PO005851,V0037,RAW,DE,0.831,10.3,3.17,12,1249.28,5,3,8.9,4,0,0,0
PO005852,V0075,SERVICE,DE,0.673,5.5,1.96,8,22285.66,4,1,2.9,0,0,0,1
PO005853,V0024,RAW,DE,0.927,13.5,4.51,12,1661.45,3,3,10.1,6,0,0,1
PO005854,V0037,RAW,DE,0.831,10.3,3.17,12,2066.15,4,3,10.6,2,0,0,1
PO005855,V0065,FINISH,DE,0.79,26.8,4.29,23,4808.88,8,3,27.5,0,1,0,0
PO005856,V0039,RAW,IN,0.627,7.4,3.13,15,6608.27,4,3,9.5,2,0,0,1
PO005857,V0077,PACK,IN,0.601,6.0,1.16,11,37674.9,4,1,4.7,3,0,0,0
PO005858,V0022,RAW,DE,0.74,7.3,3.36,17,2707.13,7,2,6.9,0,0,0,1
PO005859,V0045,PACK,US,0.98,8.2,1.18,13,14136.32,7,1,10.1,5,0,0,1
PO005860,V0007,RAW,CN,0.794,7.6,1.78,6,723.96,2,4,9.5,4,1,0,1
PO005861,V0022,RAW,DE,0.74,7.3,3.36,17,21515.46,7,1,5.5,0,0,0,1
PO005862,V0019,RAW,DE,0.886,7.4,2.11,21,9375.68,4,4,9.0,4,1,0,0
PO005863,V0054,RAW,MX,0.782,9.2,4.8,24,143162.6,3,4,8.5,6,0,0,0
PO005864,V0086,RAW,US,0.712,8.7,1.64,11,37799.19,1,3,8.9,0,0,0,1
PO005865,V0092,FINISH,US,0.855,24.6,3.38,15,1278.74,9,5,26.4,5,0,1,0
PO005866,V0013,PACK,CN,0.729,6.6,3.03,21,18868.47,5,2,6.0,6,0,0,0
PO005867,V0062,FINISH,DE,0.881,22.2,4.6,6,3859.49,9,5,22.6,3,0,0,1
PO005868,V0055,PACK,CN,0.619,8.4,4.01,9,7315.34,3,3,6.9,1,0,0,1
PO005869,V0038,RAW,US,0.858,12.8,2.44,10,3196.99,4,1,14.9,1,0,0,1
PO005870,V0091,PACK,US,0.785,6.7,1.54,13,10813.62,0,4,8.6,5,1,1,1
PO005871,V0058,SERVICE,US,0.874,4.5,2.48,13,39490.19,4,1,6.5,6,0,0,1
PO005872,V0086,RAW,US,0.712,8.7,1.64,11,6067.18,4,3,5.6,5,0,1,0
PO005873,V0059,PACK,IN,0.786,5.6,2.97,7,10897.36,8,1,7.1,6,1,0,1
PO005874,V0019,RAW,DE,0.886,7.4,2.11,21,5620.02,2,1,11.0,4,0,0,1
PO005875,V0058,SERVICE,US,0.874,4.5,2.48,13,2235.67,6,1,6.4,2,0,0,1
PO005876,V0074,SERVICE,IN,0.772,3.6,4.71,15,5021.23,4,2,4.7,0,0,0,0
PO005877,V0076,RAW,US,0.841,8.0,3.56,11,21922.34,8,1,5.3,2,1,1,1
PO005878,V0093,SERVICE,DE,0.917,6.8,1.72,8,26503.84,6,2,5.8,6,0,0,1
PO005879,V0095,FINISH,US,0.879,19.0,4.51,14,14531.01,8,3,19.6,4,0,0,1
PO005880,V0085,RAW,DE,0.792,11.5,3.28,16,1881.91,0,1,9.9,1,0,0,1
PO005881,V0008,RAW,DE,0.897,12.8,2.43,12,29756.61,4,2,10.3,2,0,0,1
PO005882,V0045,PACK,US,0.98,8.2,1.18,13,6602.59,7,1,8.6,4,0,0,1
PO005883,V0022,RAW,DE,0.74,7.3,3.36,17,4587.69,4,2,7.8,4,0,1,1
PO005884,V0065,FINISH,DE,0.79,26.8,4.29,23,51005.14,7,4,24.5,0,0,0,1
PO005885,V0057,FINISH,US,0.768,15.2,3.8,17,30243.87,7,5,15.3,3,0,0,1
PO005886,V0091,PACK,US,0.785,6.7,1.54,13,3424.67,8,2,7.1,4,0,0,1
PO005887,V0030,PACK,MX,0.97,9.5,3.52,19,586.37,3,2,9.7,2,0,0,1
PO005888,V0051,FINISH,CN,0.637,24.5,4.23,13,26654.79,3,4,25.7,6,0,0,0
PO005889,V0011,RAW,DE,0.769,12.1,3.55,21,9254.2,7,3,7.4,4,0,1,0
PO005890,V0086,RAW,US,0.712,8.7,1.64,11,4879.86,6,3,11.5,3,0,0,1
PO005891,V0074,SERVICE,IN,0.772,3.6,4.71,15,4546.46,4,2,3.6,4,0,0,1
PO005892,V0072,RAW,CN,0.817,8.0,1.06,13,2725.32,6,5,7.8,1,0,0,1
PO005893,V0027,FINISH,US,0.879,14.1,1.64,15,3402.38,5,4,13.3,3,0,0,1
PO005894,V0055,PACK,CN,0.619,8.4,4.01,9,41665.96,3,4,11.4,0,0,0,0
PO005895,V0012,FINISH,US,0.73,24.7,3.25,18,7243.77,4,4,26.3,6,0,0,1
PO005896,V0022,RAW,DE,0.74,7.3,3.36,17,3389.41,2,2,5.5,1,0,0,1
PO005897,V0020,PACK,US,0.98,9.9,1.97,17,40342.04,8,4,10.1,4,0,0,0
PO005898,V0012,FINISH,US,0.73,24.7,3.25,18,5954.6,3,3,26.4,1,1,0,1
PO005899,V0026,RAW,DE,0.898,12.1,4.59,17,8802.32,5,3,11.2,2,0,0,1
PO005900,V0092,FINISH,US,0.855,24.6,3.38,15,25982.4,5,5,24.9,0,0,0,0
PO005901,V0013,PACK,CN,0.729,6.6,3.03,21,2473.96,7,1,4.6,5,0,0,0
PO005902,V0022,RAW,DE,0.74,7.3,3.36,17,2957.64,5,2,6.7,2,1,1,0
PO005903,V0054,RAW,MX,0.782,9.2,4.8,24,3759.9,6,5,10.4,0,1,1,1
PO005904,V0095,FINISH,US,0.879,19.0,4.51,14,5395.29,6,5,13.9,4,0,0,1
PO005905,V0005,RAW,CN,0.66,11.8,2.76,10,16013.22,7,1,11.6,3,0,1,0
PO005906,V0078,RAW,US,0.9,7.8,2.84,11,14078.79,4,3,7.2,1,0,0,1
PO005907,V0059,PACK,IN,0.786,5.6,2.97,7,19574.87,8,2,6.3,3,0,0,1
PO005908,V0065,FINISH,DE,0.79,26.8,4.29,23,14559.14,4,5,29.8,0,0,0,0
PO005909,V0058,SERVICE,US,0.874,4.5,2.48,13,4728.04,7,2,3.2,0,0,1,1
PO005910,V0058,SERVICE,US,0.874,4.5,2.48,13,49929.55,7,1,3.6,0,0,0,1
PO005911,V0019,RAW,DE,0.886,7.4,2.11,21,13046.39,5,5,2.6,4,1,0,1
PO005912,V0027,FINISH,US,0.879,14.1,1.64,15,2937.98,5,5,16.6,1,0,0,0
PO005913,V0068,RAW,DE,0.98,7.4,4.46,20,14241.24,2,3,9.2,6,0,0,1
PO005914,V0020,PACK,US,0.98,9.9,1.97,17,8356.39,10,3,8.5,2,0,0,1
PO005915,V0034,SERVICE,CN,0.595,3.6,3.07,20,12452.47,3,1,5.6,1,0,0,0
PO005916,V0036,FINISH,IN,0.606,23.8,4.18,21,31537.67,7,5,22.0,6,0,0,0
PO005917,V0048,PACK,MX,0.846,9.8,4.62,11,3511.86,7,2,9.5,5,0,0,1
PO005918,V0025,PACK,IN,0.539,5.5,4.59,21,2327.62,4,2,3.6,5,1,1,1
PO005919,V0052,SERVICE,DE,0.824,6.4,2.72,18,121086.71,2,1,4.5,2,0,0,0
PO005920,V0039,RAW,IN,0.627,7.4,3.13,15,2984.14,2,5,6.8,6,0,0,0
PO005921,V0064,RAW,CN,0.639,13.8,4.94,17,6053.14,7,1,11.6,6,0,0,1
PO005922,V0063,FINISH,MX,0.98,17.9,1.75,15,25745.3,4,5,22.0,6,0,0,1
PO005923,V0040,SERVICE,CN,0.742,5.1,2.29,19,12623.99,1,1,4.3,3,0,0,1
PO005924,V0072,RAW,CN,0.817,8.0,1.06,13,843.8,7,4,9.6,1,0,0,1
PO005925,V0060,FINISH,US,0.834,24.4,3.33,25,5528.59,5,3,26.7,5,1,0,0
PO005926,V0008,RAW,DE,0.897,12.8,2.43,12,3467.6,4,2,10.8,0,0,0,1
PO005927,V0067,FINISH,DE,0.709,27.6,4.37,19,4436.09,5,3,28.8,1,0,0,1
PO005928,V0011,RAW,DE,0.769,12.1,3.55,21,2663.72,7,4,13.7,4,0,0,0
PO005929,V0005,RAW,CN,0.66,11.8,2.76,10,36663.67,8,1,11.3,4,0,0,1
PO005930,V0050,RAW,IN,0.638,7.8,3.79,16,15122.25,5,3,6.7,1,0,0,1
PO005931,V0032,SERVICE,MX,0.694,6.7,2.48,12,61250.79,3,2,5.7,0,0,0,1
PO005932,V0086,RAW,US,0.712,8.7,1.64,11,3779.01,4,3,8.2,4,0,0,0
PO005933,V0049,RAW,US,0.878,7.5,2.28,20,1206.57,5,1,8.3,5,0,0,0
PO005934,V0067,FINISH,DE,0.709,27.6,4.37,19,7165.36,8,3,27.2,1,0,0,0
PO005935,V0027,FINISH,US,0.879,14.1,1.64,15,19472.6,6,5,14.5,3,0,0,1
PO005936,V0067,FINISH,DE,0.709,27.6,4.37,19,1344.95,3,3,29.3,1,0,0,1
PO005937,V0001,SERVICE,DE,0.945,3.6,1.62,16,4757.7,6,1,1.0,4,0,0,0
PO005938,V0009,FINISH,US,0.782,14.1,4.26,17,130365.33,5,3,15.2,1,0,0,1
PO005939,V0013,PACK,CN,0.729,6.6,3.03,21,3755.12,3,2,7.3,3,0,0,1
PO005940,V0073,PACK,DE,0.853,7.6,4.13,14,36643.7,8,4,7.6,0,0,0,1
PO005941,V0060,FINISH,US,0.834,24.4,3.33,25,15365.01,4,5,25.2,4,0,0,0
PO005942,V0071,PACK,CN,0.695,5.7,1.12,18,5478.64,5,2,4.0,3,0,0,0
PO005943,V0048,PACK,MX,0.846,9.8,4.62,11,14074.24,3,2,10.3,4,0,0,0
PO005944,V0068,RAW,DE,0.98,7.4,4.46,20,6627.57,3,2,7.9,0,1,0,1
PO005945,V0012,FINISH,US,0.73,24.7,3.25,18,3943.96,1,5,24.5,2,0,0,0
PO005946,V0031,PACK,CN,0.783,6.4,1.1,17,11622.03,5,2,3.8,5,0,0,0
PO005947,V0020,PACK,US,0.98,9.9,1.97,17,6504.29,1,2,10.2,3,0,1,0
PO005948,V0019,RAW,DE,0.886,7.4,2.11,21,18102.96,4,4,9.2,5,0,1,1
PO005949,V0003,PACK,DE,0.708,8.1,1.56,12,2642.17,3,3,10.0,5,0,0,1
PO005950,V0066,PACK,CN,0.769,9.7,4.46,6,1047.22,6,3,8.5,5,0,0,0
PO005951,V0064,RAW,CN,0.639,13.8,4.94,17,14177.41,6,4,13.3,1,0,0,1
PO005952,V0032,SERVICE,MX,0.694,6.7,2.48,12,11266.81,5,1,6.3,5,0,1,0
PO005953,V0043,RAW,DE,0.98,7.1,1.46,6,4409.65,5,3,8.8,6,0,0,1
PO005954,V0073,PACK,DE,0.853,7.6,4.13,14,3717.29,4,1,7.2,4,0,0,1
PO005955,V0035,FINISH,CN,0.582,25.3,4.24,15,5031.36,5,4,23.5,3,0,0,0
PO005956,V0015,FINISH,MX,0.872,25.3,1.75,21,1647.27,6,4,28.8,1,0,0,0
PO005957,V0079,FINISH,CN,0.65,26.2,4.68,7,4853.46,4,5,26.3,5,0,0,1
PO005958,V0039,RAW,IN,0.627,7.4,3.13,15,1505.13,9,1,6.2,2,0,0,1
PO005959,V0026,RAW,DE,0.898,12.1,4.59,17,3008.33,8,3,11.0,1,1,1,1
PO005960,V0049,RAW,US,0.878,7.5,2.28,20,9213.73,0,4,4.2,3,0,0,1
PO005961,V0017,FINISH,IN,0.701,19.8,1.89,10,9896.67,2,3,18.6,1,0,0,1
PO005962,V0070,FINISH,US,0.901,21.3,4.09,15,4727.81,4,3,20.0,1,0,0,1
PO005963,V0005,RAW,CN,0.66,11.8,2.76,10,7017.34,2,1,10.6,1,0,0,1
PO005964,V0083,RAW,US,0.785,7.8,4.56,16,1984.75,5,1,9.0,2,0,0,1
PO005965,V0051,FINISH,CN,0.637,24.5,4.23,13,640.71,4,4,24.2,5,0,0,1
PO005966,V0062,FINISH,DE,0.881,22.2,4.6,6,6354.03,1,3,22.6,2,0,0,0
PO005967,V0084,PACK,IN,0.592,5.4,3.15,16,3210.79,6,2,5.3,0,1,0,1
PO005968,V0067,FINISH,DE,0.709,27.6,4.37,19,20731.34,4,4,26.8,2,0,0,1
PO005969,V0067,FINISH,DE,0.709,27.6,4.37,19,26732.72,4,3,28.9,0,0,0,1
PO005970,V0096,PACK,DE,0.98,7.3,2.21,18,13046.42,5,1,9.2,4,0,0,1
PO005971,V0096,PACK,DE,0.98,7.3,2.21,18,3132.45,8,1,8.3,0,1,0,1
PO005972,V0002,SERVICE,US,0.98,6.3,1.85,11,23748.9,5,2,6.9,6,0,0,1
PO005973,V0005,RAW,CN,0.66,11.8,2.76,10,62711.25,3,2,13.8,0,1,0,1
PO005974,V0017,FINISH,IN,0.701,19.8,1.89,10,8677.17,6,3,20.1,2,0,0,1
PO005975,V0065,FINISH,DE,0.79,26.8,4.29,23,30142.97,6,3,27.0,3,0,0,0
PO005976,V0092,FINISH,US,0.855,24.6,3.38,15,8538.52,5,3,23.9,0,0,0,0
PO005977,V0066,PACK,CN,0.769,9.7,4.46,6,6240.61,5,3,12.2,3,0,0,1
PO005978,V0091,PACK,US,0.785,6.7,1.54,13,36497.01,5,1,8.2,6,1,0,1
PO005979,V0096,PACK,DE,0.98,7.3,2.21,18,1981.12,7,1,8.2,4,0,0,1
PO005980,V0066,PACK,CN,0.769,9.7,4.46,6,7539.18,6,4,7.9,5,0,0,1
PO005981,V0078,RAW,US,0.9,7.8,2.84,11,6986.17,2,4,5.4,0,0,0,1
PO005982,V0048,PACK,MX,0.846,9.8,4.62,11,2862.62,4,2,9.8,4,0,0,1
PO005983,V0013,PACK,CN,0.729,6.6,3.03,21,23180.87,7,3,5.0,1,0,0,1
PO005984,V0058,SERVICE,US,0.874,4.5,2.48,13,87564.84,2,1,5.0,6,1,0,1
PO005985,V0029,FINISH,CN,0.802,15.3,2.47,12,22456.24,12,4,18.4,0,0,1,1
PO005986,V0082,PACK,US,0.825,7.7,1.97,12,22233.0,5,1,6.0,3,0,0,1
PO005987,V0094,FINISH,CN,0.66,16.0,4.18,11,28330.21,3,4,14.4,5,0,0,0
PO005988,V0022,RAW,DE,0.74,7.3,3.36,17,5457.97,5,1,7.6,0,1,0,0
PO005989,V0090,RAW,CN,0.774,7.8,3.44,12,5449.85,6,4,5.5,4,0,0,1
PO005990,V0011,RAW,DE,0.769,12.1,3.55,21,8560.87,7,4,11.8,1,0,0,1
PO005991,V0031,PACK,CN,0.783,6.4,1.1,17,43428.65,4,2,8.2,1,1,0,1
PO005992,V0100,FINISH,US,0.802,15.8,2.59,19,31308.62,3,5,15.1,5,0,0,0
PO005993,V0072,RAW,CN,0.817,8.0,1.06,13,8954.49,6,1,5.6,5,0,0,0
PO005994,V0049,RAW,US,0.878,7.5,2.28,20,2135.49,5,2,5.9,2,0,1,1
PO005995,V0047,PACK,US,0.861,6.9,3.57,14,1008.95,5,4,6.7,6,0,0,1
PO005996,V0034,SERVICE,CN,0.595,3.6,3.07,20,12423.16,8,2,4.0,4,0,1,1
PO005997,V0045,PACK,US,0.98,8.2,1.18,13,3188.83,1,3,5.4,0,0,0,1
PO005998,V0024,RAW,DE,0.927,13.5,4.51,12,5070.03,5,2,12.7,5,0,1,0
PO005999,V0005,RAW,CN,0.66,11.8,2.76,10,770.41,1,1,9.6,5,0,0,0
PO006000,V0093,SERVICE,DE,0.917,6.8,1.72,8,3175.93,6,2,4.8,1,0,0,1
PO006001,V0096,PACK,DE,0.98,7.3,2.21,18,1819.79,4,4,5.2,2,0,0,1
PO006002,V0079,FINISH,CN,0.65,26.2,4.68,7,27030.91,7,3,23.9,2,0,0,0
PO006003,V0068,RAW,DE,0.98,7.4,4.46,20,7092.67,3,4,9.4,5,0,0,1
PO006004,V0065,FINISH,DE,0.79,26.8,4.29,23,10074.22,4,4,28.3,4,1,0,0
PO006005,V0083,RAW,US,0.785,7.8,4.56,16,2514.75,7,5,4.9,5,0,0,0
PO006006,V0006,SERVICE,US,0.821,4.0,3.65,13,1604.8,6,2,1.8,4,0,0,0
PO006007,V0076,RAW,US,0.841,8.0,3.56,11,2955.63,5,3,9.3,6,0,0,1
PO006008,V0054,RAW,MX,0.782,9.2,4.8,24,10466.69,5,4,5.7,1,1,1,1
PO006009,V0015,FINISH,MX,0.872,25.3,1.75,21,67344.64,5,3,23.2,3,0,0,1
PO006010,V0033,RAW,IN,0.721,13.6,3.78,16,8749.7,3,1,12.9,2,0,0,1
PO006011,V0049,RAW,US,0.878,7.5,2.28,20,21507.05,5,3,4.3,3,0,0,1
PO006012,V0063,FINISH,MX,0.98,17.9,1.75,15,2265.5,9,4,19.3,0,0,1,1
PO006013,V0016,FINISH,IN,0.733,18.5,1.44,12,529.33,6,5,18.1,4,0,0,0
PO006014,V0095,FINISH,US,0.879,19.0,4.51,14,20500.33,3,5,16.6,4,0,0,0
PO006015,V0047,PACK,US,0.861,6.9,3.57,14,7695.31,6,2,8.4,6,0,1,0
PO006016,V0085,RAW,DE,0.792,11.5,3.28,16,38877.9,6,2,11.0,0,0,0,0
PO006017,V0062,FINISH,DE,0.881,22.2,4.6,6,2950.07,7,3,22.0,1,0,0,1
PO006018,V0005,RAW,CN,0.66,11.8,2.76,10,19555.06,4,3,13.0,3,0,0,1
PO006019,V0010,RAW,IN,0.761,9.5,1.46,20,71472.16,5,5,11.0,5,1,1,0
PO006020,V0097,FINISH,US,0.933,26.7,3.5,16,3774.6,5,5,25.1,6,0,0,1
PO006021,V0048,PACK,MX,0.846,9.8,4.62,11,1465.76,8,2,11.3,1,0,0,0
PO006022,V0013,PACK,CN,0.729,6.6,3.03,21,34459.99,5,1,4.6,3,1,0,1
PO006023,V0053,SERVICE,US,0.98,4.3,4.58,14,4626.07,2,1,3.0,2,0,1,0
PO006024,V0025,PACK,IN,0.539,5.5,4.59,21,1289.19,6,2,1.0,1,0,0,0
PO006025,V0043,RAW,DE,0.98,7.1,1.46,6,26846.23,7,3,8.2,0,0,0,1
PO006026,V0022,RAW,DE,0.74,7.3,3.36,17,50495.57,5,5,6.8,3,0,0,1
PO006027,V0083,RAW,US,0.785,7.8,4.56,16,862.76,11,2,9.6,1,0,0,1
PO006028,V0045,PACK,US,0.98,8.2,1.18,13,8301.39,1,3,7.7,3,0,0,1
PO006029,V0024,RAW,DE,0.927,13.5,4.51,12,3158.56,3,3,13.7,5,0,0,1
PO006030,V0005,RAW,CN,0.66,11.8,2.76,10,4623.43,3,3,9.9,4,0,0,0
PO006031,V0098,FINISH,US,0.629,22.7,3.13,10,38508.43,4,3,27.2,5,0,0,0
PO006032,V0021,FINISH,US,0.98,22.9,3.14,9,3906.19,5,4,25.6,4,1,1,0
PO006033,V0064,RAW,CN,0.639,13.8,4.94,17,11773.07,8,3,17.1,2,0,0,1
PO006034,V0088,FINISH,MX,0.697,25.4,2.03,11,2585.97,3,3,28.2,2,0,0,1
PO006035,V0038,RAW,US,0.858,12.8,2.44,10,4979.93,7,3,12.4,5,0,0,1
PO006036,V0064,RAW,CN,0.639,13.8,4.94,17,5004.36,7,3,14.1,0,0,0,0
PO006037,V0020,PACK,US,0.98,9.9,1.97,17,10799.02,7,3,8.1,1,0,0,1
PO006038,V0001,SERVICE,DE,0.945,3.6,1.62,16,10114.33,4,2,1.0,6,0,1,0
PO006039,V0025,PACK,IN,0.539,5.5,4.59,21,5436.73,5,3,5.7,6,0,1,1
PO006040,V0046,FINISH,CN,0.577,23.2,1.65,8,14251.85,4,3,23.0,4,0,0,1
PO006041,V0018,RAW,MX,0.757,10.6,3.81,25,11045.66,1,2,12.9,4,0,0,1
PO006042,V0052,SERVICE,DE,0.824,6.4,2.72,18,27224.45,2,2,6.2,5,0,0,0
PO006043,V0045,PACK,US,0.98,8.2,1.18,13,36947.41,7,2,6.9,2,0,0,1
PO006044,V0055,PACK,CN,0.619,8.4,4.01,9,11614.43,3,1,8.8,1,0,0,0
PO006045,V0009,FINISH,US,0.782,14.1,4.26,17,97544.1,5,5,16.9,4,0,1,1
PO006046,V0010,RAW,IN,0.761,9.5,1.46,20,42286.5,4,3,12.4,5,0,0,1
PO006047,V0058,SERVICE,US,0.874,4.5,2.48,13,52804.71,3,1,5.2,0,0,1,1
PO006048,V0018,RAW,MX,0.757,10.6,3.81,25,64079.47,4,1,11.2,3,0,0,1
PO006049,V0051,FINISH,CN,0.637,24.5,4.23,13,7809.53,5,4,24.0,2,0,1,1
PO006050,V0095,FINISH,US,0.879,19.0,4.51,14,16348.62,5,4,19.5,1,0,0,0
PO006051,V0098,FINISH,US,0.629,22.7,3.13,10,11245.36,4,3,23.5,6,1,0,0
PO006052,V0047,PACK,US,0.861,6.9,3.57,14,70703.71,3,3,7.3,0,0,0,1
PO006053,V0078,RAW,US,0.9,7.8,2.84,11,799.04,6,4,3.7,5,0,0,1
PO006054,V0038,RAW,US,0.858,12.8,2.44,10,1084.97,10,1,11.0,6,1,0,0
PO006055,V0023,RAW,CN,0.614,11.8,2.55,22,59129.9,6,3,8.9,6,0,0,1
PO006056,V0044,FINISH,IN,0.629,20.6,1.39,15,6899.71,8,4,20.7,5,0,1,0
PO006057,V0088,FINISH,MX,0.697,25.4,2.03,11,3340.4,4,3,27.1,1,1,1,1
PO006058,V0028,RAW,CN,0.649,12.0,1.95,13,22625.83,5,3,10.8,0,0,0,1
PO006059,V0015,FINISH,MX,0.872,25.3,1.75,21,6274.96,6,4,24.2,4,1,0,0
PO006060,V0053,SERVICE,US,0.98,4.3,4.58,14,989.53,8,2,1.5,0,0,0,0
PO006061,V0035,FINISH,CN,0.582,25.3,4.24,15,6734.1,8,4,24.6,6,0,0,0
PO006062,V0066,PACK,CN,0.769,9.7,4.46,6,2937.04,10,3,6.8,1,0,0,1
PO006063,V0039,RAW,IN,0.627,7.4,3.13,15,2880.91,2,2,8.6,4,1,0,0
PO006064,V0004,FINISH,DE,0.824,16.8,3.06,16,9546.03,4,4,19.0,3,0,0,1
PO006065,V0050,RAW,IN,0.638,7.8,3.79,16,6871.26,4,1,7.3,6,0,0,0
PO006066,V0094,FINISH,CN,0.66,16.0,4.18,11,1122.76,10,4,16.0,6,1,0,0
PO006067,V0018,RAW,MX,0.757,10.6,3.81,25,7292.49,5,5,10.2,6,1,1,0
PO006068,V0096,PACK,DE,0.98,7.3,2.21,18,4478.78,7,4,9.1,6,0,0,0
PO006069,V0053,SERVICE,US,0.98,4.3,4.58,14,7972.51,7,1,6.0,4,0,0,1
PO006070,V0030,PACK,MX,0.97,9.5,3.52,19,1657.63,4,2,12.0,3,0,0,1
PO006071,V0061,FINISH,US,0.872,15.0,3.22,16,21533.58,5,4,14.8,3,0,0,1
PO006072,V0076,RAW,US,0.841,8.0,3.56,11,3923.31,4,2,9.8,4,0,0,1
PO006073,V0043,RAW,DE,0.98,7.1,1.46,6,6397.14,1,4,6.1,3,0,1,1
PO006074,V0040,SERVICE,CN,0.742,5.1,2.29,19,34644.26,5,1,6.5,6,0,0,1
PO006075,V0082,PACK,US,0.825,7.7,1.97,12,8306.28,4,2,3.8,2,0,1,1
PO006076,V0024,RAW,DE,0.927,13.5,4.51,12,13786.55,7,2,13.9,5,0,0,1
PO006077,V0009,FINISH,US,0.782,14.1,4.26,17,2316.86,5,3,16.5,6,0,0,0
PO006078,V0054,RAW,MX,0.782,9.2,4.8,24,28263.34,7,3,7.3,1,1,0,1
PO006079,V0054,RAW,MX,0.782,9.2,4.8,24,4543.01,7,1,10.3,0,0,0,1
PO006080,V0032,SERVICE,MX,0.694,6.7,2.48,12,6340.33,6,2,5.1,5,0,0,1
PO006081,V0100,FINISH,US,0.802,15.8,2.59,19,18922.61,7,3,17.7,2,0,0,1
PO006082,V0054,RAW,MX,0.782,9.2,4.8,24,3250.22,5,4,11.0,6,0,0,1
PO006083,V0009,FINISH,US,0.782,14.1,4.26,17,3344.37,7,3,17.0,3,1,0,1
PO006084,V0070,FINISH,US,0.901,21.3,4.09,15,6833.8,2,5,19.6,2,0,0,1
PO006085,V0001,SERVICE,DE,0.945,3.6,1.62,16,24299.31,7,2,3.2,2,0,0,1
PO006086,V0095,FINISH,US,0.879,19.0,4.51,14,4039.64,7,4,17.1,3,0,0,0
PO006087,V0058,SERVICE,US,0.874,4.5,2.48,13,70187.65,5,2,5.2,5,0,0,1
PO006088,V0034,SERVICE,CN,0.595,3.6,3.07,20,14870.28,7,2,4.6,3,0,0,0
PO006089,V0021,FINISH,US,0.98,22.9,3.14,9,5977.87,8,5,23.0,1,1,0,0
PO006090,V0075,SERVICE,DE,0.673,5.5,1.96,8,25526.81,4,1,5.0,1,0,0,1
PO006091,V0045,PACK,US,0.98,8.2,1.18,13,1531.5,4,1,8.8,6,0,0,1
PO006092,V0013,PACK,CN,0.729,6.6,3.03,21,19910.51,7,2,8.6,1,0,0,1
PO006093,V0085,RAW,DE,0.792,11.5,3.28,16,11362.86,4,3,10.8,3,0,1,1
PO006094,V0092,FINISH,US,0.855,24.6,3.38,15,12397.1,6,3,26.9,0,0,0,1
PO006095,V0057,FINISH,US,0.768,15.2,3.8,17,5521.84,5,5,12.7,3,0,0,0
PO006096,V0055,PACK,CN,0.619,8.4,4.01,9,37009.29,5,2,9.9,0,0,0,1
PO006097,V0020,PACK,US,0.98,9.9,1.97,17,8867.07,2,3,13.7,2,0,0,1
PO006098,V0095,FINISH,US,0.879,19.0,4.51,14,5029.05,7,5,19.0,6,0,0,1
PO006099,V0052,SERVICE,DE,0.824,6.4,2.72,18,10306.84,4,2,3.1,3,0,0,1
PO006100,V0071,PACK,CN,0.695,5.7,1.12,18,15721.16,4,1,3.8,4,0,0,1
PO006101,V0043,RAW,DE,0.98,7.1,1.46,6,4295.72,12,3,8.7,0,0,0,1
PO006102,V0084,PACK,IN,0.592,5.4,3.15,16,28759.27,4,2,7.6,5,0,0,1
PO006103,V0011,RAW,DE,0.769,12.1,3.55,21,5921.86,8,3,13.2,2,0,0,1
PO006104,V0025,PACK,IN,0.539,5.5,4.59,21,16032.76,7,4,5.4,6,0,0,1
PO006105,V0019,RAW,DE,0.886,7.4,2.11,21,5596.94,6,2,9.7,5,0,0,1
PO006106,V0085,RAW,DE,0.792,11.5,3.28,16,2915.65,7,2,16.0,5,1,0,0
PO006107,V0089,PACK,MX,0.613,8.8,1.75,13,9076.2,6,2,7.4,3,0,0,0
PO006108,V0059,PACK,IN,0.786,5.6,2.97,7,31864.79,6,1,5.9,6,0,0,0
PO006109,V0075,SERVICE,DE,0.673,5.5,1.96,8,9852.65,8,1,5.3,3,0,0,0
PO006110,V0019,RAW,DE,0.886,7.4,2.11,21,13264.41,10,2,11.3,1,0,1,1
PO006111,V0010,RAW,IN,0.761,9.5,1.46,20,3807.04,7,3,12.1,2,1,1,1
PO006112,V0030,PACK,MX,0.97,9.5,3.52,19,4665.43,5,2,8.4,1,1,0,1
PO006113,V0085,RAW,DE,0.792,11.5,3.28,16,11525.86,6,1,16.0,0,0,0,1
PO006114,V0095,FINISH,US,0.879,19.0,4.51,14,13455.6,2,4,18.8,6,0,0,0
PO006115,V0003,PACK,DE,0.708,8.1,1.56,12,8343.35,2,2,6.3,5,0,0,0
PO006116,V0067,FINISH,DE,0.709,27.6,4.37,19,337.79,6,5,29.6,3,0,0,0
PO006117,V0073,PACK,DE,0.853,7.6,4.13,14,13173.64,4,3,6.4,5,1,0,0
PO006118,V0039,RAW,IN,0.627,7.4,3.13,15,21766.61,0,4,5.3,4,0,0,0
PO006119,V0037,RAW,DE,0.831,10.3,3.17,12,8047.82,4,4,10.3,6,0,0,1
PO006120,V0061,FINISH,US,0.872,15.0,3.22,16,4158.25,4,3,16.2,2,0,0,1
PO006121,V0068,RAW,DE,0.98,7.4,4.46,20,35009.0,5,1,4.2,6,0,0,0
PO006122,V0080,FINISH,IN,0.721,16.6,1.84,13,5949.83,3,3,18.7,3,0,0,1
PO006123,V0055,PACK,CN,0.619,8.4,4.01,9,18555.22,4,4,7.3,5,0,0,0
PO006124,V0040,SERVICE,CN,0.742,5.1,2.29,19,2987.02,2,2,5.9,2,0,0,0
PO006125,V0014,FINISH,DE,0.85,17.2,1.31,12,10694.33,4,3,12.2,5,0,0,1
PO006126,V0090,RAW,CN,0.774,7.8,3.44,12,9652.09,2,3,6.1,4,0,0,0
PO006127,V0086,RAW,US,0.712,8.7,1.64,11,46003.86,6,5,14.8,1,0,0,0
PO006128,V0047,PACK,US,0.861,6.9,3.57,14,3593.93,3,3,7.3,0,1,0,1
PO006129,V0094,FINISH,CN,0.66,16.0,4.18,11,3187.19,4,3,12.7,5,1,0,0
PO006130,V0009,FINISH,US,0.782,14.1,4.26,17,54341.05,6,4,14.6,6,0,0,0
PO006131,V0036,FINISH,IN,0.606,23.8,4.18,21,14133.91,8,4,21.5,3,0,0,1
PO006132,V0088,FINISH,MX,0.697,25.4,2.03,11,10906.91,5,5,23.9,3,0,0,0
PO006133,V0020,PACK,US,0.98,9.9,1.97,17,9460.34,4,2,10.0,3,0,0,1
PO006134,V0052,SERVICE,DE,0.824,6.4,2.72,18,18461.08,4,2,7.1,2,0,0,1
PO006135,V0071,PACK,CN,0.695,5.7,1.12,18,7462.91,6,2,4.4,1,0,0,0
PO006136,V0034,SERVICE,CN,0.595,3.6,3.07,20,7510.33,4,2,1.5,4,0,0,0
PO006137,V0072,RAW,CN,0.817,8.0,1.06,13,38160.58,7,3,8.1,6,0,0,1
PO006138,V0001,SERVICE,DE,0.945,3.6,1.62,16,51087.77,4,1,1.6,5,0,1,1
PO006139,V0033,RAW,IN,0.721,13.6,3.78,16,1479.53,6,1,12.0,3,0,0,1
PO006140,V0018,RAW,MX,0.757,10.6,3.81,25,23305.12,7,3,10.1,3,0,0,0
PO006141,V0047,PACK,US,0.861,6.9,3.57,14,54809.56,4,1,10.5,2,0,0,1
PO006142,V0073,PACK,DE,0.853,7.6,4.13,14,11417.05,8,1,9.3,3,0,0,1
PO006143,V0046,FINISH,CN,0.577,23.2,1.65,8,1877.36,4,4,20.3,5,0,0,0
PO006144,V0092,FINISH,US,0.855,24.6,3.38,15,22834.23,1,5,24.1,4,0,0,1
PO006145,V0071,PACK,CN,0.695,5.7,1.12,18,4494.8,3,2,4.9,0,0,0,1
PO006146,V0012,FINISH,US,0.73,24.7,3.25,18,13121.41,4,3,25.0,2,1,0,1
PO006147,V0069,RAW,DE,0.892,8.6,3.69,16,22072.25,5,2,9.3,3,0,1,1
PO006148,V0085,RAW,DE,0.792,11.5,3.28,16,931.23,2,5,10.1,4,0,0,0
PO006149,V0035,FINISH,CN,0.582,25.3,4.24,15,44207.9,5,3,27.5,3,0,0,1
PO006150,V0069,RAW,DE,0.892,8.6,3.69,16,9100.91,6,2,6.8,4,1,0,1
PO006151,V0076,RAW,US,0.841,8.0,3.56,11,5566.42,7,3,5.0,6,0,1,1
PO006152,V0004,FINISH,DE,0.824,16.8,3.06,16,87527.37,2,3,14.9,5,0,1,0
PO006153,V0031,PACK,CN,0.783,6.4,1.1,17,12197.69,9,3,5.5,6,0,0,0
PO006154,V0013,PACK,CN,0.729,6.6,3.03,21,4152.97,7,2,5.4,2,0,0,1
PO006155,V0066,PACK,CN,0.769,9.7,4.46,6,45677.03,6,3,11.7,2,0,1,1
PO006156,V0041,RAW,DE,0.93,9.9,1.69,10,6540.01,7,2,6.9,6,0,0,1
PO006157,V0026,RAW,DE,0.898,12.1,4.59,17,12869.19,4,1,11.9,2,0,0,1
PO006158,V0079,FINISH,CN,0.65,26.2,4.68,7,17175.19,9,4,25.1,5,0,0,0
PO006159,V0030,PACK,MX,0.97,9.5,3.52,19,3585.16,6,1,10.5,3,0,0,1
PO006160,V0079,FINISH,CN,0.65,26.2,4.68,7,15884.3,2,3,26.8,3,0,0,1
PO006161,V0077,PACK,IN,0.601,6.0,1.16,11,2283.53,6,1,8.6,2,0,0,0
PO006162,V0001,SERVICE,DE,0.945,3.6,1.62,16,24817.8,8,2,3.1,4,0,0,1
PO006163,V0030,PACK,MX,0.97,9.5,3.52,19,900.92,8,4,9.7,0,0,0,1
PO006164,V0033,RAW,IN,0.721,13.6,3.78,16,10705.47,10,4,15.3,1,1,0,1
PO006165,V0026,RAW,DE,0.898,12.1,4.59,17,1546.1,4,2,10.3,0,0,1,1
PO006166,V0034,SERVICE,CN,0.595,3.6,3.07,20,6760.27,5,2,2.9,6,0,1,1
PO006167,V0011,RAW,DE,0.769,12.1,3.55,21,27128.27,4,2,14.2,0,0,0,0
PO006168,V0040,SERVICE,CN,0.742,5.1,2.29,19,7767.77,3,2,3.1,3,0,1,1
PO006169,V0091,PACK,US,0.785,6.7,1.54,13,22586.32,6,1,4.9,6,0,0,0
PO006170,V0074,SERVICE,IN,0.772,3.6,4.71,15,15046.39,2,1,3.3,5,0,0,1
PO006171,V0035,FINISH,CN,0.582,25.3,4.24,15,1201.19,2,3,29.6,4,0,0,0
PO006172,V0085,RAW,DE,0.792,11.5,3.28,16,24375.38,4,3,11.7,5,0,0,0
PO006173,V0057,FINISH,US,0.768,15.2,3.8,17,4524.25,6,5,9.8,2,0,0,1
PO006174,V0099,FINISH,US,0.857,24.7,4.51,13,8074.3,6,5,26.2,5,0,0,0
PO006175,V0032,SERVICE,MX,0.694,6.7,2.48,12,570.74,4,2,4.5,3,0,0,1
PO006176,V0048,PACK,MX,0.846,9.8,4.62,11,6019.47,4,1,9.5,1,1,1,1
PO006177,V0050,RAW,IN,0.638,7.8,3.79,16,1225.45,4,5,7.9,6,0,0,1
PO006178,V0040,SERVICE,CN,0.742,5.1,2.29,19,9100.12,8,1,8.3,1,0,0,0
PO006179,V0015,FINISH,MX,0.872,25.3,1.75,21,20510.19,5,3,26.8,0,0,1,1
PO006180,V0077,PACK,IN,0.601,6.0,1.16,11,30492.45,3,1,10.7,6,0,0,1
PO006181,V0062,FINISH,DE,0.881,22.2,4.6,6,2287.27,6,3,23.2,5,0,0,1
PO006182,V0006,SERVICE,US,0.821,4.0,3.65,13,10496.72,3,1,7.5,6,0,0,0
PO006183,V0044,FINISH,IN,0.629,20.6,1.39,15,2331.19,8,5,19.3,2,1,0,1
PO006184,V0088,FINISH,MX,0.697,25.4,2.03,11,9665.68,6,5,26.3,5,0,0,1
PO006185,V0006,SERVICE,US,0.821,4.0,3.65,13,93229.9,1,1,3.9,3,0,1,1
PO006186,V0076,RAW,US,0.841,8.0,3.56,11,26031.57,7,3,10.4,2,0,0,1
PO006187,V0057,FINISH,US,0.768,15.2,3.8,17,19400.8,6,3,12.4,5,0,1,1
PO006188,V0024,RAW,DE,0.927,13.5,4.51,12,1231.9,3,1,9.0,4,0,1,1
PO006189,V0055,PACK,CN,0.619,8.4,4.01,9,5572.0,5,5,10.2,5,0,0,0
PO006190,V0014,FINISH,DE,0.85,17.2,1.31,12,31662.1,7,4,15.3,0,0,0,1
PO006191,V0070,FINISH,US,0.901,21.3,4.09,15,2122.78,7,5,20.0,2,0,0,1
PO006192,V0050,RAW,IN,0.638,7.8,3.79,16,7655.29,3,1,6.6,3,0,0,0
PO006193,V0038,RAW,US,0.858,12.8,2.44,10,5338.27,8,2,7.7,1,1,0,1
PO006194,V0087,FINISH,US,0.855,19.7,4.93,9,1909.54,4,3,18.3,1,0,0,0
PO006195,V0055,PACK,CN,0.619,8.4,4.01,9,4478.89,3,2,9.2,5,1,0,0
PO006196,V0069,RAW,DE,0.892,8.6,3.69,16,13374.75,7,2,8.0,2,0,0,1
PO006197,V0092,FINISH,US,0.855,24.6,3.38,15,73974.0,5,3,23.3,5,0,1,1
PO006198,V0058,SERVICE,US,0.874,4.5,2.48,13,10142.39,7,2,4.5,4,0,0,1
PO006199,V0051,FINISH,CN,0.637,24.5,4.23,13,3353.46,4,5,21.4,3,0,0,0
PO006200,V0071,PACK,CN,0.695,5.7,1.12,18,24196.77,4,3,6.2,2,1,1,0
PO006201,V0086,RAW,US,0.712,8.7,1.64,11,25703.16,3,5,7.7,2,0,0,0
PO006202,V0046,FINISH,CN,0.577,23.2,1.65,8,5065.23,4,4,26.7,4,0,0,0
PO006203,V0090,RAW,CN,0.774,7.8,3.44,12,9469.52,5,2,6.9,6,0,0,1
PO006204,V0036,FINISH,IN,0.606,23.8,4.18,21,5491.54,6,5,21.1,2,0,0,0
PO006205,V0047,PACK,US,0.861,6.9,3.57,14,21280.4,4,2,8.5,5,0,1,1
PO006206,V0046,FINISH,CN,0.577,23.2,1.65,8,60272.68,3,4,23.6,5,0,0,0
PO006207,V0051,FINISH,CN,0.637,24.5,4.23,13,4523.89,6,3,24.8,2,0,0,0
PO006208,V0047,PACK,US,0.861,6.9,3.57,14,8899.74,4,2,1.7,2,0,1,1
PO006209,V0092,FINISH,US,0.855,24.6,3.38,15,2227.04,6,3,27.2,3,0,0,0
PO006210,V0039,RAW,IN,0.627,7.4,3.13,15,11099.09,5,2,8.6,2,0,1,0
PO006211,V0048,PACK,MX,0.846,9.8,4.62,11,24685.33,3,2,9.3,3,0,0,1
PO006212,V0053,SERVICE,US,0.98,4.3,4.58,14,8708.44,3,1,5.1,4,0,0,1
PO006213,V0081,PACK,CN,0.884,5.2,2.01,15,1568.99,4,2,3.9,0,0,0,1
PO006214,V0014,FINISH,DE,0.85,17.2,1.31,12,9048.28,5,4,19.4,0,0,0,1
PO006215,V0060,FINISH,US,0.834,24.4,3.33,25,888.34,3,4,25.7,5,0,1,1
PO006216,V0100,FINISH,US,0.802,15.8,2.59,19,3908.26,4,4,17.1,5,0,0,1
PO006217,V0081,PACK,CN,0.884,5.2,2.01,15,2837.47,8,1,3.0,5,0,0,1
PO006218,V0056,PACK,US,0.729,7.2,4.55,13,5265.84,7,2,8.5,3,0,0,1
PO006219,V0050,RAW,IN,0.638,7.8,3.79,16,5302.64,4,4,9.5,0,1,0,1
PO006220,V0079,FINISH,CN,0.65,26.2,4.68,7,7826.11,4,5,25.7,6,1,0,0
PO006221,V0045,PACK,US,0.98,8.2,1.18,13,16754.96,10,2,9.6,6,0,0,1
PO006222,V0093,SERVICE,DE,0.917,6.8,1.72,8,21522.28,7,1,7.6,1,0,0,1
PO006223,V0100,FINISH,US,0.802,15.8,2.59,19,22118.01,3,5,12.6,4,0,0,1
PO006224,V0018,RAW,MX,0.757,10.6,3.81,25,11606.17,4,4,9.8,3,0,0,1
PO006225,V0004,FINISH,DE,0.824,16.8,3.06,16,2308.84,5,3,18.0,1,1,0,0
PO006226,V0077,PACK,IN,0.601,6.0,1.16,11,13314.65,6,4,5.0,0,0,0,0
PO006227,V0028,RAW,CN,0.649,12.0,1.95,13,1952.18,5,4,9.0,0,0,0,1
PO006228,V0018,RAW,MX,0.757,10.6,3.81,25,96292.6,4,2,9.3,1,0,0,0
PO006229,V0018,RAW,MX,0.757,10.6,3.81,25,30311.22,7,2,12.1,4,0,0,0
PO006230,V0064,RAW,CN,0.639,13.8,4.94,17,21508.71,3,2,11.4,5,0,0,0
PO006231,V0044,FINISH,IN,0.629,20.6,1.39,15,40356.92,10,5,22.4,5,0,1,0
PO006232,V0032,SERVICE,MX,0.694,6.7,2.48,12,5305.67,6,2,6.8,0,0,0,1
PO006233,V0032,SERVICE,MX,0.694,6.7,2.48,12,4185.21,5,2,4.2,0,0,0,1
PO006234,V0079,FINISH,CN,0.65,26.2,4.68,7,1925.92,8,3,26.8,5,0,0,0
PO006235,V0040,SERVICE,CN,0.742,5.1,2.29,19,18267.89,1,1,4.5,6,0,0,1
PO006236,V0003,PACK,DE,0.708,8.1,1.56,12,9990.31,5,2,5.7,1,0,0,1
PO006237,V0051,FINISH,CN,0.637,24.5,4.23,13,2624.13,7,4,23.0,5,0,0,0
PO006238,V0080,FINISH,IN,0.721,16.6,1.84,13,25139.89,2,4,15.4,6,0,1,1
PO006239,V0031,PACK,CN,0.783,6.4,1.1,17,12290.31,4,2,9.6,0,0,0,1
PO006240,V0081,PACK,CN,0.884,5.2,2.01,15,7911.92,8,3,8.9,2,0,0,0
PO006241,V0086,RAW,US,0.712,8.7,1.64,11,4711.98,6,4,10.1,3,0,0,0
PO006242,V0067,FINISH,DE,0.709,27.6,4.37,19,5816.14,4,4,28.6,0,0,0,0
PO006243,V0088,FINISH,MX,0.697,25.4,2.03,11,4499.71,5,4,22.2,4,0,0,0
PO006244,V0065,FINISH,DE,0.79,26.8,4.29,23,2284.19,3,5,24.2,2,0,0,0
PO006245,V0044,FINISH,IN,0.629,20.6,1.39,15,19939.08,8,5,20.3,1,0,0,0
PO006246,V0078,RAW,US,0.9,7.8,2.84,11,13232.24,2,1,5.7,3,0,0,1
PO006247,V0046,FINISH,CN,0.577,23.2,1.65,8,8403.95,7,4,20.6,6,1,1,0
PO006248,V0099,FINISH,US,0.857,24.7,4.51,13,9933.05,8,5,21.1,3,0,0,1
PO006249,V0056,PACK,US,0.729,7.2,4.55,13,2077.9,6,1,7.9,2,0,1,1
PO006250,V0042,FINISH,CN,0.807,23.2,2.12,16,5880.27,5,3,21.1,5,0,0,1
PO006251,V0033,RAW,IN,0.721,13.6,3.78,16,1829.22,7,4,14.2,3,0,0,1
PO006252,V0066,PACK,CN,0.769,9.7,4.46,6,5941.48,9,3,9.2,3,0,0,1
PO006253,V0044,FINISH,IN,0.629,20.6,1.39,15,436.88,4,3,20.3,1,0,1,0
PO006254,V0066,PACK,CN,0.769,9.7,4.46,6,50299.41,2,3,9.4,1,0,0,0
PO006255,V0058,SERVICE,US,0.874,4.5,2.48,13,30432.66,5,1,3.3,1,0,0,1
PO006256,V0055,PACK,CN,0.619,8.4,4.01,9,17651.1,5,1,11.4,0,0,0,1
PO006257,V0001,SERVICE,DE,0.945,3.6,1.62,16,3555.98,3,1,2.6,6,0,0,1
PO006258,V0091,PACK,US,0.785,6.7,1.54,13,1994.62,5,5,6.6,5,0,1,1
PO006259,V0065,FINISH,DE,0.79,26.8,4.29,23,9006.02,2,4,26.5,4,0,0,1
PO006260,V0061,FINISH,US,0.872,15.0,3.22,16,907.99,7,5,12.6,1,0,0,1
PO006261,V0055,PACK,CN,0.619,8.4,4.01,9,885.12,5,3,5.7,0,1,0,1
PO006262,V0014,FINISH,DE,0.85,17.2,1.31,12,14533.4,6,3,17.1,1,0,0,0
PO006263,V0005,RAW,CN,0.66,11.8,2.76,10,2127.81,1,3,9.5,3,0,1,0
PO006264,V0046,FINISH,CN,0.577,23.2,1.65,8,26860.16,4,5,22.5,1,1,1,1
PO006265,V0017,FINISH,IN,0.701,19.8,1.89,10,8995.72,6,4,21.3,2,0,1,0
PO006266,V0028,RAW,CN,0.649,12.0,1.95,13,3176.68,6,5,13.0,3,0,0,1
PO006267,V0031,PACK,CN,0.783,6.4,1.1,17,29311.45,8,1,7.7,5,1,0,1
PO006268,V0039,RAW,IN,0.627,7.4,3.13,15,150284.15,2,3,7.3,2,0,1,1
PO006269,V0049,RAW,US,0.878,7.5,2.28,20,7702.23,1,3,5.5,3,0,1,1
PO006270,V0013,PACK,CN,0.729,6.6,3.03,21,13426.09,7,1,7.2,3,0,1,1
PO006271,V0014,FINISH,DE,0.85,17.2,1.31,12,2412.42,7,3,19.3,4,0,0,1
PO006272,V0070,FINISH,US,0.901,21.3,4.09,15,15784.2,7,3,21.3,3,1,0,1
PO006273,V0012,FINISH,US,0.73,24.7,3.25,18,8379.17,4,5,25.2,0,0,0,1
PO006274,V0036,FINISH,IN,0.606,23.8,4.18,21,15094.33,6,4,23.1,6,0,0,0
PO006275,V0054,RAW,MX,0.782,9.2,4.8,24,10683.72,4,1,8.8,6,0,1,0
PO006276,V0052,SERVICE,DE,0.824,6.4,2.72,18,5820.82,4,2,6.9,2,0,0,1
PO006277,V0071,PACK,CN,0.695,5.7,1.12,18,63697.93,5,2,6.2,4,0,0,0
PO006278,V0007,RAW,CN,0.794,7.6,1.78,6,633.55,2,5,6.7,3,0,0,0
PO006279,V0047,PACK,US,0.861,6.9,3.57,14,7868.57,4,4,8.3,3,1,0,0
PO006280,V0076,RAW,US,0.841,8.0,3.56,11,5759.4,5,3,5.1,0,0,0,1
PO006281,V0012,FINISH,US,0.73,24.7,3.25,18,2999.75,8,3,24.7,6,0,0,0
PO006282,V0084,PACK,IN,0.592,5.4,3.15,16,12242.96,10,2,4.1,6,0,0,1
PO006283,V0052,SERVICE,DE,0.824,6.4,2.72,18,5840.71,1,2,4.4,0,0,0,1
PO006284,V0064,RAW,CN,0.639,13.8,4.94,17,10219.6,5,3,13.4,6,0,0,0
PO006285,V0093,SERVICE,DE,0.917,6.8,1.72,8,7608.46,6,1,5.3,2,0,0,1
PO006286,V0011,RAW,DE,0.769,12.1,3.55,21,42766.22,7,1,9.2,3,0,0,1
PO006287,V0098,FINISH,US,0.629,22.7,3.13,10,13940.29,7,5,26.9,0,0,0,1
PO006288,V0046,FINISH,CN,0.577,23.2,1.65,8,11632.21,4,3,23.5,5,0,0,0
PO006289,V0015,FINISH,MX,0.872,25.3,1.75,21,8064.56,4,4,28.2,6,1,1,1
PO006290,V0054,RAW,MX,0.782,9.2,4.8,24,9454.57,3,2,11.0,0,0,0,1
PO006291,V0099,FINISH,US,0.857,24.7,4.51,13,2252.44,1,5,23.0,0,0,0,1
PO006292,V0043,RAW,DE,0.98,7.1,1.46,6,1805.81,6,2,10.2,6,1,0,1
PO006293,V0071,PACK,CN,0.695,5.7,1.12,18,990.94,2,3,4.8,4,1,0,1
PO006294,V0019,RAW,DE,0.886,7.4,2.11,21,4576.4,5,3,4.6,5,1,1,0
PO006295,V0009,FINISH,US,0.782,14.1,4.26,17,10875.74,6,4,14.1,5,0,0,0
PO006296,V0048,PACK,MX,0.846,9.8,4.62,11,3318.08,8,4,11.7,6,0,0,1
PO006297,V0084,PACK,IN,0.592,5.4,3.15,16,8084.54,7,1,7.3,4,0,0,0
PO006298,V0065,FINISH,DE,0.79,26.8,4.29,23,8568.32,7,3,27.5,5,1,1,1
PO006299,V0091,PACK,US,0.785,6.7,1.54,13,1312.4,4,1,7.8,4,0,0,1
PO006300,V0031,PACK,CN,0.783,6.4,1.1,17,14637.69,2,3,6.5,0,0,1,1
PO006301,V0015,FINISH,MX,0.872,25.3,1.75,21,30161.49,9,4,21.1,0,0,0,1
PO006302,V0035,FINISH,CN,0.582,25.3,4.24,15,7116.97,3,4,26.5,1,0,0,0
PO006303,V0017,FINISH,IN,0.701,19.8,1.89,10,12905.6,5,4,20.5,2,0,0,0
PO006304,V0063,FINISH,MX,0.98,17.9,1.75,15,1527.34,6,3,15.0,6,0,0,1
PO006305,V0078,RAW,US,0.9,7.8,2.84,11,20893.64,2,4,7.5,3,0,0,0
PO006306,V0007,RAW,CN,0.794,7.6,1.78,6,3363.97,6,2,5.9,1,0,0,1
PO006307,V0042,FINISH,CN,0.807,23.2,2.12,16,6275.07,5,3,22.2,3,1,0,1
PO006308,V0065,FINISH,DE,0.79,26.8,4.29,23,18628.21,8,4,25.0,5,0,0,0
PO006309,V0090,RAW,CN,0.774,7.8,3.44,12,2265.09,5,1,8.7,2,0,0,1
PO006310,V0036,FINISH,IN,0.606,23.8,4.18,21,11592.2,1,4,22.6,4,0,0,0
PO006311,V0059,PACK,IN,0.786,5.6,2.97,7,1283.86,4,5,8.5,4,0,0,1
PO006312,V0087,FINISH,US,0.855,19.7,4.93,9,11822.28,6,3,20.3,6,0,0,1
PO006313,V0086,RAW,US,0.712,8.7,1.64,11,9464.07,3,4,7.6,3,0,1,1
PO006314,V0038,RAW,US,0.858,12.8,2.44,10,19541.47,2,4,11.3,1,0,1,1
PO006315,V0043,RAW,DE,0.98,7.1,1.46,6,2522.03,7,3,6.7,2,1,1,1
PO006316,V0060,FINISH,US,0.834,24.4,3.33,25,6282.86,4,4,22.9,6,0,0,1
PO006317,V0057,FINISH,US,0.768,15.2,3.8,17,2731.02,4,3,13.7,6,0,0,0
PO006318,V0007,RAW,CN,0.794,7.6,1.78,6,21412.89,4,3,9.3,0,0,0,0
PO006319,V0088,FINISH,MX,0.697,25.4,2.03,11,11484.78,4,3,25.7,6,0,0,1
PO006320,V0045,PACK,US,0.98,8.2,1.18,13,30708.09,5,3,8.6,0,0,1,1
PO006321,V0007,RAW,CN,0.794,7.6,1.78,6,28666.04,7,2,10.1,0,0,0,1
PO006322,V0042,FINISH,CN,0.807,23.2,2.12,16,26703.58,6,4,24.1,6,0,0,1
PO006323,V0023,RAW,CN,0.614,11.8,2.55,22,3160.55,6,5,13.4,4,0,0,0
PO006324,V0077,PACK,IN,0.601,6.0,1.16,11,2569.89,4,1,4.3,4,0,0,0
PO006325,V0059,PACK,IN,0.786,5.6,2.97,7,15700.32,4,1,6.9,1,0,0,1
PO006326,V0035,FINISH,CN,0.582,25.3,4.24,15,2454.93,8,5,25.4,0,0,0,0
PO006327,V0038,RAW,US,0.858,12.8,2.44,10,1481.93,8,2,10.7,6,0,0,1
PO006328,V0065,FINISH,DE,0.79,26.8,4.29,23,5717.56,3,4,21.8,6,1,0,0
PO006329,V0037,RAW,DE,0.831,10.3,3.17,12,107720.36,4,1,10.8,0,0,1,1
PO006330,V0067,FINISH,DE,0.709,27.6,4.37,19,5238.65,3,4,31.3,2,0,0,0
PO006331,V0084,PACK,IN,0.592,5.4,3.15,16,182727.64,4,3,5.9,1,1,1,0
PO006332,V0095,FINISH,US,0.879,19.0,4.51,14,5084.43,4,4,19.4,6,0,0,1
PO006333,V0081,PACK,CN,0.884,5.2,2.01,15,6703.13,11,1,6.9,5,0,0,0
PO006334,V0090,RAW,CN,0.774,7.8,3.44,12,9924.22,3,3,7.4,1,0,0,1
PO006335,V0014,FINISH,DE,0.85,17.2,1.31,12,3128.41,4,4,15.9,3,0,1,1
PO006336,V0011,RAW,DE,0.769,12.1,3.55,21,1262.31,1,2,8.8,4,0,0,1
PO006337,V0094,FINISH,CN,0.66,16.0,4.18,11,11026.52,9,3,15.0,5,0,0,0
PO006338,V0033,RAW,IN,0.721,13.6,3.78,16,872.38,11,3,14.2,1,0,0,0
PO006339,V0019,RAW,DE,0.886,7.4,2.11,21,13341.77,4,4,9.5,5,0,0,1
PO006340,V0095,FINISH,US,0.879,19.0,4.51,14,2955.74,3,3,17.0,3,0,0,0
PO006341,V0020,PACK,US,0.98,9.9,1.97,17,3411.76,6,1,12.3,1,0,0,1
PO006342,V0076,RAW,US,0.841,8.0,3.56,11,528.88,6,3,4.4,5,0,0,1
PO006343,V0045,PACK,US,0.98,8.2,1.18,13,8533.24,3,4,5.5,0,0,0,1
PO006344,V0049,RAW,US,0.878,7.5,2.28,20,67523.39,6,5,9.6,1,0,0,0
PO006345,V0066,PACK,CN,0.769,9.7,4.46,6,6271.4,11,1,11.4,0,0,0,1
PO006346,V0061,FINISH,US,0.872,15.0,3.22,16,2500.2,3,3,16.5,3,0,0,1
PO006347,V0078,RAW,US,0.9,7.8,2.84,11,141987.99,3,2,8.1,1,0,0,1
PO006348,V0085,RAW,DE,0.792,11.5,3.28,16,10745.3,6,3,14.3,5,0,0,1
PO006349,V0038,RAW,US,0.858,12.8,2.44,10,48347.34,8,4,14.4,3,0,1,1
PO006350,V0049,RAW,US,0.878,7.5,2.28,20,8442.7,7,1,7.1,6,0,0,1
PO006351,V0034,SERVICE,CN,0.595,3.6,3.07,20,1196.0,1,1,4.2,2,0,0,1
PO006352,V0045,PACK,US,0.98,8.2,1.18,13,15520.77,6,4,9.7,6,0,0,1
PO006353,V0019,RAW,DE,0.886,7.4,2.11,21,1233.46,0,1,8.6,3,1,0,1
PO006354,V0033,RAW,IN,0.721,13.6,3.78,16,33097.84,6,2,15.9,6,0,0,1
PO006355,V0015,FINISH,MX,0.872,25.3,1.75,21,8269.86,2,4,27.1,1,0,0,0
PO006356,V0078,RAW,US,0.9,7.8,2.84,11,1752.13,8,1,7.7,6,0,0,0
PO006357,V0074,SERVICE,IN,0.772,3.6,4.71,15,10130.4,5,1,4.2,0,1,0,0
PO006358,V0010,RAW,IN,0.761,9.5,1.46,20,3921.81,4,3,13.0,6,0,1,1
PO006359,V0034,SERVICE,CN,0.595,3.6,3.07,20,26816.13,6,1,8.5,2,0,0,0
PO006360,V0042,FINISH,CN,0.807,23.2,2.12,16,317976.21,5,3,26.2,6,0,0,0
PO006361,V0067,FINISH,DE,0.709,27.6,4.37,19,21906.77,8,4,27.3,5,0,0,0
PO006362,V0020,PACK,US,0.98,9.9,1.97,17,4355.67,6,2,6.9,6,0,0,1
PO006363,V0008,RAW,DE,0.897,12.8,2.43,12,4866.92,0,1,13.8,1,0,0,1
PO006364,V0049,RAW,US,0.878,7.5,2.28,20,13381.9,3,3,4.8,1,0,0,1
PO006365,V0071,PACK,CN,0.695,5.7,1.12,18,2810.86,2,1,7.4,3,1,0,1
PO006366,V0077,PACK,IN,0.601,6.0,1.16,11,1415.98,4,4,5.6,6,0,0,1
PO006367,V0023,RAW,CN,0.614,11.8,2.55,22,13173.28,7,5,10.6,0,0,0,0
PO006368,V0087,FINISH,US,0.855,19.7,4.93,9,63002.78,0,4,20.9,6,0,0,0
PO006369,V0009,FINISH,US,0.782,14.1,4.26,17,9312.44,5,4,16.4,4,0,0,0
PO006370,V0045,PACK,US,0.98,8.2,1.18,13,10655.45,4,2,4.3,1,0,0,1
PO006371,V0044,FINISH,IN,0.629,20.6,1.39,15,4342.76,3,5,14.8,4,0,0,1
PO006372,V0081,PACK,CN,0.884,5.2,2.01,15,20794.63,7,4,2.3,3,0,0,1
PO006373,V0060,FINISH,US,0.834,24.4,3.33,25,3597.19,7,5,22.6,0,0,0,1
PO006374,V0035,FINISH,CN,0.582,25.3,4.24,15,3310.51,3,5,26.8,3,0,1,0
PO006375,V0023,RAW,CN,0.614,11.8,2.55,22,3898.07,4,1,12.7,5,0,0,1
PO006376,V0063,FINISH,MX,0.98,17.9,1.75,15,10132.16,8,5,16.1,1,0,0,1
PO006377,V0038,RAW,US,0.858,12.8,2.44,10,6594.4,4,1,9.6,2,0,0,1
PO006378,V0040,SERVICE,CN,0.742,5.1,2.29,19,3480.36,4,2,9.0,2,0,0,1
PO006379,V0037,RAW,DE,0.831,10.3,3.17,12,2131.69,4,1,8.8,1,0,0,1
PO006380,V0061,FINISH,US,0.872,15.0,3.22,16,11537.73,6,4,15.2,0,0,1,0
PO006381,V0060,FINISH,US,0.834,24.4,3.33,25,6817.78,4,4,25.2,5,1,0,0
PO006382,V0047,PACK,US,0.861,6.9,3.57,14,42629.86,7,2,7.4,0,0,0,1
PO006383,V0033,RAW,IN,0.721,13.6,3.78,16,11660.8,7,1,10.7,0,0,0,1
PO006384,V0016,FINISH,IN,0.733,18.5,1.44,12,79534.12,2,3,16.7,6,0,0,0
PO006385,V0063,FINISH,MX,0.98,17.9,1.75,15,1899.53,4,4,18.3,5,1,1,1
PO006386,V0006,SERVICE,US,0.821,4.0,3.65,13,83073.57,6,1,4.9,5,1,0,1
PO006387,V0055,PACK,CN,0.619,8.4,4.01,9,12353.31,2,3,7.5,1,0,0,0
PO006388,V0031,PACK,CN,0.783,6.4,1.1,17,14302.69,5,2,9.9,4,0,0,0
PO006389,V0024,RAW,DE,0.927,13.5,4.51,12,34335.06,8,4,13.3,5,0,0,1
PO006390,V0006,SERVICE,US,0.821,4.0,3.65,13,12182.17,7,1,3.3,3,0,0,1
PO006391,V0089,PACK,MX,0.613,8.8,1.75,13,5916.25,2,2,9.9,0,0,1,0
PO006392,V0026,RAW,DE,0.898,12.1,4.59,17,19915.7,6,1,14.5,3,0,1,1
PO006393,V0069,RAW,DE,0.892,8.6,3.69,16,2149.9,5,5,11.8,6,0,0,1
PO006394,V0045,PACK,US,0.98,8.2,1.18,13,4229.12,5,5,9.8,6,0,0,1
PO006395,V0081,PACK,CN,0.884,5.2,2.01,15,8162.64,6,1,7.4,0,0,0,1
PO006396,V0073,PACK,DE,0.853,7.6,4.13,14,212.6,1,3,8.6,0,0,0,1
PO006397,V0053,SERVICE,US,0.98,4.3,4.58,14,5624.09,6,2,3.0,5,0,0,1
PO006398,V0075,SERVICE,DE,0.673,5.5,1.96,8,11858.4,6,2,6.3,0,0,0,1
PO006399,V0015,FINISH,MX,0.872,25.3,1.75,21,19630.62,9,4,24.8,5,0,0,0
PO006400,V0045,PACK,US,0.98,8.2,1.18,13,4982.12,3,1,9.8,5,1,0,1
PO006401,V0012,FINISH,US,0.73,24.7,3.25,18,39375.01,4,3,24.2,5,0,1,0
PO006402,V0032,SERVICE,MX,0.694,6.7,2.48,12,21761.3,2,1,7.4,6,0,0,1
PO006403,V0019,RAW,DE,0.886,7.4,2.11,21,21851.62,5,4,8.9,6,0,0,1
PO006404,V0007,RAW,CN,0.794,7.6,1.78,6,8047.48,3,4,10.3,6,0,0,1
PO006405,V0042,FINISH,CN,0.807,23.2,2.12,16,1879.46,4,4,21.0,5,1,1,1
PO006406,V0070,FINISH,US,0.901,21.3,4.09,15,15072.58,2,5,23.3,6,0,0,0
PO006407,V0021,FINISH,US,0.98,22.9,3.14,9,193.33,6,5,22.6,5,0,0,0
PO006408,V0052,SERVICE,DE,0.824,6.4,2.72,18,59313.78,6,2,5.9,5,1,0,1
PO006409,V0017,FINISH,IN,0.701,19.8,1.89,10,16573.62,6,5,17.2,0,0,0,0
PO006410,V0047,PACK,US,0.861,6.9,3.57,14,13508.28,6,1,6.7,0,0,0,0
PO006411,V0054,RAW,MX,0.782,9.2,4.8,24,2521.58,5,2,6.6,4,0,0,1
PO006412,V0055,PACK,CN,0.619,8.4,4.01,9,14645.47,6,3,7.8,4,0,0,1
PO006413,V0075,SERVICE,DE,0.673,5.5,1.96,8,27096.0,3,1,8.3,3,1,0,0
PO006414,V0046,FINISH,CN,0.577,23.2,1.65,8,42236.88,7,3,25.1,5,0,0,0
PO006415,V0079,FINISH,CN,0.65,26.2,4.68,7,58845.41,6,4,27.1,5,0,0,0
PO006416,V0013,PACK,CN,0.729,6.6,3.03,21,9661.06,8,2,6.1,4,0,0,1
PO006417,V0060,FINISH,US,0.834,24.4,3.33,25,6415.24,6,5,23.3,0,0,0,0
PO006418,V0099,FINISH,US,0.857,24.7,4.51,13,2660.14,3,3,24.1,0,0,0,0
PO006419,V0017,FINISH,IN,0.701,19.8,1.89,10,16820.5,7,5,20.7,1,0,0,1
PO006420,V0094,FINISH,CN,0.66,16.0,4.18,11,14431.61,4,4,16.7,1,0,0,1
PO006421,V0012,FINISH,US,0.73,24.7,3.25,18,13188.22,4,5,22.4,1,0,0,0
PO006422,V0080,FINISH,IN,0.721,16.6,1.84,13,20706.39,7,5,16.5,1,0,0,0
PO006423,V0063,FINISH,MX,0.98,17.9,1.75,15,8052.04,2,3,17.6,6,0,0,0
PO006424,V0031,PACK,CN,0.783,6.4,1.1,17,24240.06,6,2,5.5,2,0,0,1
PO006425,V0081,PACK,CN,0.884,5.2,2.01,15,10177.96,7,1,5.2,1,0,0,1
PO006426,V0003,PACK,DE,0.708,8.1,1.56,12,15675.38,3,4,10.3,0,0,1,0
PO006427,V0043,RAW,DE,0.98,7.1,1.46,6,5602.28,5,2,7.2,0,0,0,1
PO006428,V0096,PACK,DE,0.98,7.3,2.21,18,29982.28,7,1,4.6,3,0,0,1
PO006429,V0074,SERVICE,IN,0.772,3.6,4.71,15,11636.88,8,1,7.4,4,0,1,0
PO006430,V0011,RAW,DE,0.769,12.1,3.55,21,2088.13,5,2,13.2,2,0,0,0
PO006431,V0080,FINISH,IN,0.721,16.6,1.84,13,17141.73,1,5,17.5,0,0,0,0
PO006432,V0028,RAW,CN,0.649,12.0,1.95,13,8694.09,6,3,10.4,6,0,1,0
PO006433,V0050,RAW,IN,0.638,7.8,3.79,16,5721.07,4,3,8.6,2,0,0,1
PO006434,V0073,PACK,DE,0.853,7.6,4.13,14,2675.41,8,2,7.3,6,0,0,1
PO006435,V0053,SERVICE,US,0.98,4.3,4.58,14,31502.53,3,2,11.7,3,0,0,1
PO006436,V0001,SERVICE,DE,0.945,3.6,1.62,16,3660.16,3,1,2.6,0,0,0,0
PO006437,V0042,FINISH,CN,0.807,23.2,2.12,16,34249.2,7,4,23.5,0,0,0,1
PO006438,V0014,FINISH,DE,0.85,17.2,1.31,12,5335.79,4,5,16.8,5,0,0,0
PO006439,V0062,FINISH,DE,0.881,22.2,4.6,6,18564.12,7,5,22.8,6,0,0,1
PO006440,V0039,RAW,IN,0.627,7.4,3.13,15,34710.74,2,4,4.1,1,0,0,0
PO006441,V0011,RAW,DE,0.769,12.1,3.55,21,8612.52,2,2,9.3,6,0,0,1
PO006442,V0006,SERVICE,US,0.821,4.0,3.65,13,8105.6,7,2,2.9,1,0,0,0
PO006443,V0051,FINISH,CN,0.637,24.5,4.23,13,2793.35,0,4,24.2,0,0,1,0
PO006444,V0050,RAW,IN,0.638,7.8,3.79,16,10291.96,4,2,7.2,5,1,1,0
PO006445,V0025,PACK,IN,0.539,5.5,4.59,21,2442.04,3,1,6.5,2,0,0,1
PO006446,V0071,PACK,CN,0.695,5.7,1.12,18,11597.34,6,1,3.2,6,0,1,1
PO006447,V0090,RAW,CN,0.774,7.8,3.44,12,2143.51,5,3,7.7,6,1,0,1
PO006448,V0044,FINISH,IN,0.629,20.6,1.39,15,1535.25,8,4,17.7,0,0,0,0
PO006449,V0056,PACK,US,0.729,7.2,4.55,13,1496.77,3,3,10.5,3,0,0,1
PO006450,V0030,PACK,MX,0.97,9.5,3.52,19,2169.73,5,1,11.0,5,0,1,1
PO006451,V0002,SERVICE,US,0.98,6.3,1.85,11,5159.82,7,2,8.2,4,1,0,1
PO006452,V0045,PACK,US,0.98,8.2,1.18,13,7271.26,7,3,8.2,6,0,0,1
PO006453,V0008,RAW,DE,0.897,12.8,2.43,12,42393.92,8,3,13.2,4,1,0,1
PO006454,V0020,PACK,US,0.98,9.9,1.97,17,5863.47,5,1,12.1,6,0,1,1
PO006455,V0094,FINISH,CN,0.66,16.0,4.18,11,4587.62,4,5,14.1,6,0,0,1
PO006456,V0020,PACK,US,0.98,9.9,1.97,17,6335.27,3,4,9.2,0,0,0,1
PO006457,V0086,RAW,US,0.712,8.7,1.64,11,273.96,9,4,5.9,5,0,0,1
PO006458,V0004,FINISH,DE,0.824,16.8,3.06,16,8696.55,5,5,17.7,6,0,0,1
PO006459,V0007,RAW,CN,0.794,7.6,1.78,6,2999.07,6,3,8.8,6,0,0,1
PO006460,V0018,RAW,MX,0.757,10.6,3.81,25,32254.64,6,3,12.7,3,0,0,1
PO006461,V0042,FINISH,CN,0.807,23.2,2.12,16,2157.55,1,5,23.9,2,1,0,1
PO006462,V0014,FINISH,DE,0.85,17.2,1.31,12,2461.33,7,4,18.7,4,0,0,1
PO006463,V0069,RAW,DE,0.892,8.6,3.69,16,2107.85,6,2,7.9,6,0,0,1
PO006464,V0071,PACK,CN,0.695,5.7,1.12,18,8104.62,5,3,6.0,5,0,0,1
PO006465,V0070,FINISH,US,0.901,21.3,4.09,15,2086.06,6,3,19.9,2,0,0,1
PO006466,V0003,PACK,DE,0.708,8.1,1.56,12,3576.19,4,2,8.3,4,0,0,0
PO006467,V0068,RAW,DE,0.98,7.4,4.46,20,5831.67,3,2,10.4,0,0,0,1
PO006468,V0069,RAW,DE,0.892,8.6,3.69,16,209376.86,13,2,9.1,4,0,0,1
PO006469,V0081,PACK,CN,0.884,5.2,2.01,15,27646.37,8,3,4.4,3,0,0,0
PO006470,V0033,RAW,IN,0.721,13.6,3.78,16,16777.52,6,4,15.5,0,0,0,0
PO006471,V0038,RAW,US,0.858,12.8,2.44,10,5577.51,4,1,12.2,0,0,0,1
PO006472,V0053,SERVICE,US,0.98,4.3,4.58,14,11241.47,5,1,8.9,2,0,1,1
PO006473,V0093,SERVICE,DE,0.917,6.8,1.72,8,4825.08,4,2,5.0,3,0,0,1
PO006474,V0071,PACK,CN,0.695,5.7,1.12,18,20754.2,6,3,8.2,2,0,0,1
PO006475,V0039,RAW,IN,0.627,7.4,3.13,15,9378.21,8,3,10.9,6,0,0,0
PO006476,V0004,FINISH,DE,0.824,16.8,3.06,16,5046.62,4,4,19.7,6,0,0,1
PO006477,V0045,PACK,US,0.98,8.2,1.18,13,7359.09,6,4,10.2,4,1,0,1
PO006478,V0055,PACK,CN,0.619,8.4,4.01,9,37995.33,8,2,7.9,4,0,0,0
PO006479,V0018,RAW,MX,0.757,10.6,3.81,25,8089.04,7,4,13.3,4,0,0,0
PO006480,V0040,SERVICE,CN,0.742,5.1,2.29,19,46006.6,8,1,2.6,6,1,1,0
PO006481,V0070,FINISH,US,0.901,21.3,4.09,15,495.62,5,4,23.2,6,0,0,1
PO006482,V0042,FINISH,CN,0.807,23.2,2.12,16,44546.53,2,4,23.7,0,0,0,0
PO006483,V0066,PACK,CN,0.769,9.7,4.46,6,8858.48,5,2,8.4,6,0,1,0
PO006484,V0082,PACK,US,0.825,7.7,1.97,12,32827.77,3,5,9.0,3,0,0,1
PO006485,V0027,FINISH,US,0.879,14.1,1.64,15,3842.47,9,4,15.1,6,0,0,0
PO006486,V0092,FINISH,US,0.855,24.6,3.38,15,10644.62,10,4,24.1,4,0,0,1
PO006487,V0017,FINISH,IN,0.701,19.8,1.89,10,7839.49,2,5,19.9,0,0,0,1
PO006488,V0076,RAW,US,0.841,8.0,3.56,11,125689.89,2,1,5.9,4,0,0,1
PO006489,V0066,PACK,CN,0.769,9.7,4.46,6,5332.9,10,3,10.3,5,0,0,1
PO006490,V0068,RAW,DE,0.98,7.4,4.46,20,35309.36,5,3,4.7,6,1,0,1
PO006491,V0021,FINISH,US,0.98,22.9,3.14,9,18773.19,4,4,22.6,6,0,0,1
PO006492,V0068,RAW,DE,0.98,7.4,4.46,20,66599.0,2,2,8.6,1,1,1,1
PO006493,V0018,RAW,MX,0.757,10.6,3.81,25,12508.69,5,2,9.6,1,0,0,0
PO006494,V0086,RAW,US,0.712,8.7,1.64,11,328.17,3,4,7.9,4,1,0,1
PO006495,V0091,PACK,US,0.785,6.7,1.54,13,3596.57,2,1,3.9,4,0,0,0
PO006496,V0086,RAW,US,0.712,8.7,1.64,11,983.82,7,5,11.6,3,0,0,0
PO006497,V0019,RAW,DE,0.886,7.4,2.11,21,915.56,4,4,5.6,5,0,0,1
PO006498,V0085,RAW,DE,0.792,11.5,3.28,16,2140.94,6,2,14.1,6,0,0,1
PO006499,V0100,FINISH,US,0.802,15.8,2.59,19,9812.92,6,4,16.1,1,0,0,1
PO006500,V0068,RAW,DE,0.98,7.4,4.46,20,1582.69,4,1,12.1,1,0,0,1
PO006501,V0079,FINISH,CN,0.65,26.2,4.68,7,14459.69,7,5,29.4,4,0,0,0
PO006502,V0057,FINISH,US,0.768,15.2,3.8,17,17735.73,7,4,14.6,2,0,1,0
PO006503,V0005,RAW,CN,0.66,11.8,2.76,10,16155.19,8,3,12.5,3,0,0,0
PO006504,V0067,FINISH,DE,0.709,27.6,4.37,19,10912.95,5,4,24.7,5,0,0,0
PO006505,V0080,FINISH,IN,0.721,16.6,1.84,13,2793.5,7,4,15.6,5,0,0,0
PO006506,V0074,SERVICE,IN,0.772,3.6,4.71,15,8501.08,7,2,3.7,5,1,0,0
PO006507,V0045,PACK,US,0.98,8.2,1.18,13,33891.76,4,5,9.4,2,0,0,1
PO006508,V0035,FINISH,CN,0.582,25.3,4.24,15,14662.15,5,5,25.2,5,1,0,1
PO006509,V0058,SERVICE,US,0.874,4.5,2.48,13,17810.86,3,1,2.6,3,0,0,1
PO006510,V0017,FINISH,IN,0.701,19.8,1.89,10,4605.03,4,3,20.4,3,0,0,0
PO006511,V0040,SERVICE,CN,0.742,5.1,2.29,19,4208.99,8,2,5.5,5,0,0,1
PO006512,V0096,PACK,DE,0.98,7.3,2.21,18,12683.04,7,4,5.1,5,0,1,1
PO006513,V0023,RAW,CN,0.614,11.8,2.55,22,9918.82,4,3,7.9,6,1,1,0
PO006514,V0012,FINISH,US,0.73,24.7,3.25,18,7957.06,2,3,27.4,3,0,0,0
PO006515,V0061,FINISH,US,0.872,15.0,3.22,16,47727.04,9,3,11.0,0,0,1,0
PO006516,V0074,SERVICE,IN,0.772,3.6,4.71,15,5514.09,3,2,4.4,0,0,0,0
PO006517,V0003,PACK,DE,0.708,8.1,1.56,12,2765.85,4,1,10.0,5,0,0,1
PO006518,V0017,FINISH,IN,0.701,19.8,1.89,10,5549.57,3,3,22.4,3,0,0,1
PO006519,V0002,SERVICE,US,0.98,6.3,1.85,11,28287.68,5,2,6.3,0,0,0,1
PO006520,V0040,SERVICE,CN,0.742,5.1,2.29,19,14269.15,6,2,7.1,0,0,0,1
PO006521,V0098,FINISH,US,0.629,22.7,3.13,10,1678.06,6,5,19.4,5,0,0,1
PO006522,V0037,RAW,DE,0.831,10.3,3.17,12,23598.21,2,3,8.0,4,0,0,0
PO006523,V0094,FINISH,CN,0.66,16.0,4.18,11,2765.18,7,5,14.5,5,0,0,1
PO006524,V0044,FINISH,IN,0.629,20.6,1.39,15,44600.53,3,3,18.2,4,1,0,0
PO006525,V0002,SERVICE,US,0.98,6.3,1.85,11,11874.89,5,2,4.4,6,0,0,1
PO006526,V0014,FINISH,DE,0.85,17.2,1.31,12,11593.03,7,5,14.2,0,0,1,1
PO006527,V0063,FINISH,MX,0.98,17.9,1.75,15,3489.03,3,4,20.3,2,0,0,1
PO006528,V0018,RAW,MX,0.757,10.6,3.81,25,2408.29,5,1,9.1,4,0,0,1
PO006529,V0015,FINISH,MX,0.872,25.3,1.75,21,3015.16,9,5,24.9,5,0,0,0
PO006530,V0076,RAW,US,0.841,8.0,3.56,11,3082.94,2,4,6.1,5,0,0,1
PO006531,V0072,RAW,CN,0.817,8.0,1.06,13,471.78,9,2,5.0,0,0,0,1
PO006532,V0035,FINISH,CN,0.582,25.3,4.24,15,9080.65,8,5,26.4,0,1,0,0
PO006533,V0046,FINISH,CN,0.577,23.2,1.65,8,7852.7,4,3,21.6,3,0,0,1
PO006534,V0043,RAW,DE,0.98,7.1,1.46,6,95344.91,11,5,5.8,6,0,0,1
PO006535,V0026,RAW,DE,0.898,12.1,4.59,17,9431.09,1,1,12.3,4,0,0,1
PO006536,V0007,RAW,CN,0.794,7.6,1.78,6,10501.7,6,1,9.0,6,0,0,0
PO006537,V0023,RAW,CN,0.614,11.8,2.55,22,6334.72,3,3,11.1,4,0,0,0
PO006538,V0031,PACK,CN,0.783,6.4,1.1,17,39969.06,3,4,8.2,4,0,0,0
PO006539,V0097,FINISH,US,0.933,26.7,3.5,16,13457.5,4,4,27.3,3,0,0,1
PO006540,V0007,RAW,CN,0.794,7.6,1.78,6,13421.45,5,3,11.8,4,1,1,0
PO006541,V0061,FINISH,US,0.872,15.0,3.22,16,2644.82,5,4,12.7,4,0,0,0
PO006542,V0030,PACK,MX,0.97,9.5,3.52,19,21452.38,4,2,8.2,0,0,0,1
PO006543,V0049,RAW,US,0.878,7.5,2.28,20,51992.02,4,4,9.2,4,0,0,0
PO006544,V0028,RAW,CN,0.649,12.0,1.95,13,939.06,3,2,10.4,2,0,0,1
PO006545,V0095,FINISH,US,0.879,19.0,4.51,14,25275.85,3,3,18.8,3,0,0,1
PO006546,V0050,RAW,IN,0.638,7.8,3.79,16,5772.04,8,3,7.3,1,0,1,0
PO006547,V0027,FINISH,US,0.879,14.1,1.64,15,810.84,5,4,15.1,0,0,0,1
PO006548,V0080,FINISH,IN,0.721,16.6,1.84,13,17735.74,3,3,14.8,6,0,1,1
PO006549,V0045,PACK,US,0.98,8.2,1.18,13,57665.78,7,1,10.4,5,0,0,1
PO006550,V0092,FINISH,US,0.855,24.6,3.38,15,42212.99,2,5,21.7,5,0,0,1
PO006551,V0035,FINISH,CN,0.582,25.3,4.24,15,33715.24,7,3,25.4,0,0,0,0
PO006552,V0028,RAW,CN,0.649,12.0,1.95,13,21412.67,7,1,12.5,4,0,0,0
PO006553,V0087,FINISH,US,0.855,19.7,4.93,9,27244.19,2,5,21.3,0,0,1,1
PO006554,V0012,FINISH,US,0.73,24.7,3.25,18,5602.78,5,4,28.7,4,0,0,0
PO006555,V0036,FINISH,IN,0.606,23.8,4.18,21,105607.89,5,4,25.4,1,0,0,0
PO006556,V0013,PACK,CN,0.729,6.6,3.03,21,10134.07,3,3,8.6,1,0,0,1
PO006557,V0055,PACK,CN,0.619,8.4,4.01,9,1405.82,1,1,8.2,1,0,0,1
PO006558,V0036,FINISH,IN,0.606,23.8,4.18,21,3431.73,2,5,23.7,5,0,0,0
PO006559,V0072,RAW,CN,0.817,8.0,1.06,13,21753.47,8,1,8.0,2,0,0,1
PO006560,V0003,PACK,DE,0.708,8.1,1.56,12,38148.81,2,4,6.4,3,0,0,0
PO006561,V0023,RAW,CN,0.614,11.8,2.55,22,3428.35,3,3,11.9,0,0,0,1
PO006562,V0072,RAW,CN,0.817,8.0,1.06,13,15431.15,5,2,6.5,2,0,0,1
PO006563,V0029,FINISH,CN,0.802,15.3,2.47,12,43842.8,6,4,16.5,6,0,0,0
PO006564,V0081,PACK,CN,0.884,5.2,2.01,15,5600.79,4,2,4.2,5,0,0,1
PO006565,V0063,FINISH,MX,0.98,17.9,1.75,15,2404.94,7,4,17.7,1,0,0,0
PO006566,V0075,SERVICE,DE,0.673,5.5,1.96,8,3281.87,5,2,3.1,1,0,0,1
PO006567,V0045,PACK,US,0.98,8.2,1.18,13,287.09,4,4,8.7,4,0,1,1
PO006568,V0077,PACK,IN,0.601,6.0,1.16,11,27000.29,2,4,6.3,1,0,0,1
PO006569,V0044,FINISH,IN,0.629,20.6,1.39,15,32767.79,6,3,20.9,5,0,0,1
PO006570,V0097,FINISH,US,0.933,26.7,3.5,16,13979.42,7,5,29.3,2,1,0,0
PO006571,V0063,FINISH,MX,0.98,17.9,1.75,15,611.44,3,3,16.4,5,1,0,0
PO006572,V0072,RAW,CN,0.817,8.0,1.06,13,19641.65,4,4,5.0,0,0,0,0
PO006573,V0028,RAW,CN,0.649,12.0,1.95,13,13321.39,8,2,11.2,1,0,0,1
PO006574,V0070,FINISH,US,0.901,21.3,4.09,15,3272.04,3,3,19.1,4,0,0,1
PO006575,V0005,RAW,CN,0.66,11.8,2.76,10,3071.13,4,1,15.4,6,0,0,1
PO006576,V0080,FINISH,IN,0.721,16.6,1.84,13,988.76,7,3,15.0,3,0,0,1
PO006577,V0059,PACK,IN,0.786,5.6,2.97,7,7214.42,7,1,7.0,1,0,1,1
PO006578,V0080,FINISH,IN,0.721,16.6,1.84,13,9369.0,4,4,20.5,4,0,0,1
PO006579,V0043,RAW,DE,0.98,7.1,1.46,6,27168.91,3,3,6.6,3,0,1,1
PO006580,V0096,PACK,DE,0.98,7.3,2.21,18,4721.04,6,1,6.8,1,0,0,1
PO006581,V0020,PACK,US,0.98,9.9,1.97,17,1941.28,3,2,10.2,4,0,0,1
PO006582,V0027,FINISH,US,0.879,14.1,1.64,15,6779.24,5,3,13.6,0,1,1,1
PO006583,V0080,FINISH,IN,0.721,16.6,1.84,13,15180.83,6,4,13.1,2,0,0,1
PO006584,V0030,PACK,MX,0.97,9.5,3.52,19,48733.08,11,3,6.9,4,1,1,1
PO006585,V0061,FINISH,US,0.872,15.0,3.22,16,890.2,3,3,16.6,2,0,0,0
PO006586,V0040,SERVICE,CN,0.742,5.1,2.29,19,8177.03,4,2,4.9,5,0,0,1
PO006587,V0058,SERVICE,US,0.874,4.5,2.48,13,3170.59,4,1,6.8,6,1,0,1
PO006588,V0002,SERVICE,US,0.98,6.3,1.85,11,1146.62,6,1,7.7,6,0,0,1
PO006589,V0052,SERVICE,DE,0.824,6.4,2.72,18,38506.99,4,2,6.2,3,0,0,1
PO006590,V0014,FINISH,DE,0.85,17.2,1.31,12,9252.1,7,5,21.3,6,0,0,1
PO006591,V0007,RAW,CN,0.794,7.6,1.78,6,11840.64,5,3,4.2,3,0,0,1
PO006592,V0071,PACK,CN,0.695,5.7,1.12,18,2474.35,4,3,6.1,3,0,0,0
PO006593,V0036,FINISH,IN,0.606,23.8,4.18,21,21660.22,5,4,22.3,2,0,0,1
PO006594,V0022,RAW,DE,0.74,7.3,3.36,17,8253.77,6,2,6.8,5,0,0,1
PO006595,V0023,RAW,CN,0.614,11.8,2.55,22,4051.69,7,4,11.9,1,0,0,1
PO006596,V0035,FINISH,CN,0.582,25.3,4.24,15,3512.02,2,3,25.6,0,0,1,0
PO006597,V0032,SERVICE,MX,0.694,6.7,2.48,12,55848.93,5,2,7.9,1,0,1,0
PO006598,V0001,SERVICE,DE,0.945,3.6,1.62,16,5368.35,8,1,3.3,3,1,0,0
PO006599,V0027,FINISH,US,0.879,14.1,1.64,15,126452.2,4,4,15.0,3,0,0,0
PO006600,V0098,FINISH,US,0.629,22.7,3.13,10,3221.83,7,4,17.0,2,0,0,1
PO006601,V0007,RAW,CN,0.794,7.6,1.78,6,25536.18,3,2,4.4,4,0,0,0
PO006602,V0087,FINISH,US,0.855,19.7,4.93,9,23838.76,8,3,20.5,5,0,0,0
PO006603,V0044,FINISH,IN,0.629,20.6,1.39,15,10199.71,4,3,22.8,6,1,0,1
PO006604,V0032,SERVICE,MX,0.694,6.7,2.48,12,7166.15,3,2,6.8,5,0,1,0
PO006605,V0077,PACK,IN,0.601,6.0,1.16,11,14855.79,9,2,4.8,3,0,0,0
PO006606,V0080,FINISH,IN,0.721,16.6,1.84,13,4840.29,3,3,19.7,2,0,0,1
PO006607,V0053,SERVICE,US,0.98,4.3,4.58,14,42414.93,3,1,3.3,2,0,0,1
PO006608,V0100,FINISH,US,0.802,15.8,2.59,19,1144.51,4,3,16.1,0,0,0,1
PO006609,V0049,RAW,US,0.878,7.5,2.28,20,6024.09,8,1,9.5,6,0,0,1
PO006610,V0086,RAW,US,0.712,8.7,1.64,11,667.24,4,1,9.6,2,0,0,0
PO006611,V0092,FINISH,US,0.855,24.6,3.38,15,4260.14,6,4,25.8,0,0,0,0
PO006612,V0098,FINISH,US,0.629,22.7,3.13,10,819.51,7,3,22.4,0,0,0,0
PO006613,V0090,RAW,CN,0.774,7.8,3.44,12,40276.1,3,3,10.8,4,0,0,1
PO006614,V0034,SERVICE,CN,0.595,3.6,3.07,20,7866.02,6,1,1.8,5,0,1,1
PO006615,V0062,FINISH,DE,0.881,22.2,4.6,6,33986.92,4,4,18.8,3,0,0,0
PO006616,V0092,FINISH,US,0.855,24.6,3.38,15,18245.06,10,5,23.6,6,0,0,1
PO006617,V0026,RAW,DE,0.898,12.1,4.59,17,7724.6,7,1,11.1,0,0,1,1
PO006618,V0069,RAW,DE,0.892,8.6,3.69,16,16448.64,6,1,10.1,6,0,0,1
PO006619,V0018,RAW,MX,0.757,10.6,3.81,25,6651.06,5,5,15.3,1,1,0,0
PO006620,V0028,RAW,CN,0.649,12.0,1.95,13,88574.61,4,2,13.0,0,0,0,1
PO006621,V0064,RAW,CN,0.639,13.8,4.94,17,7527.8,5,3,11.7,1,0,0,0
PO006622,V0032,SERVICE,MX,0.694,6.7,2.48,12,851.38,7,1,4.1,3,0,0,1
PO006623,V0098,FINISH,US,0.629,22.7,3.13,10,1220.95,5,4,23.0,4,0,0,0
PO006624,V0093,SERVICE,DE,0.917,6.8,1.72,8,3206.1,3,1,7.7,1,0,0,0
PO006625,V0015,FINISH,MX,0.872,25.3,1.75,21,8229.42,4,5,26.4,6,0,0,1
PO006626,V0005,RAW,CN,0.66,11.8,2.76,10,1817.38,5,2,12.1,0,1,0,0
PO006627,V0033,RAW,IN,0.721,13.6,3.78,16,3844.99,5,3,11.8,5,0,1,0
PO006628,V0040,SERVICE,CN,0.742,5.1,2.29,19,8228.55,5,2,5.4,0,0,0,0
PO006629,V0075,SERVICE,DE,0.673,5.5,1.96,8,13798.32,1,2,4.6,1,0,0,0
PO006630,V0004,FINISH,DE,0.824,16.8,3.06,16,38402.7,3,4,16.7,6,0,0,0
PO006631,V0099,FINISH,US,0.857,24.7,4.51,13,16969.04,4,4,25.7,1,0,0,1
PO006632,V0059,PACK,IN,0.786,5.6,2.97,7,33586.39,6,2,3.0,0,0,1,1
PO006633,V0059,PACK,IN,0.786,5.6,2.97,7,17599.12,4,5,8.4,1,0,0,1
PO006634,V0045,PACK,US,0.98,8.2,1.18,13,6564.4,4,1,8.2,6,1,0,0
PO006635,V0057,FINISH,US,0.768,15.2,3.8,17,6271.86,7,5,17.8,6,0,1,1
PO006636,V0085,RAW,DE,0.792,11.5,3.28,16,13597.57,4,2,11.6,4,1,1,1
PO006637,V0096,PACK,DE,0.98,7.3,2.21,18,13218.45,4,3,7.9,6,0,0,0
PO006638,V0095,FINISH,US,0.879,19.0,4.51,14,24387.96,3,4,19.6,6,0,0,1
PO006639,V0013,PACK,CN,0.729,6.6,3.03,21,4010.54,6,2,5.2,4,0,0,0
PO006640,V0017,FINISH,IN,0.701,19.8,1.89,10,1307.26,2,3,20.2,0,0,0,1
PO006641,V0096,PACK,DE,0.98,7.3,2.21,18,7349.59,9,1,7.9,1,0,0,1
PO006642,V0033,RAW,IN,0.721,13.6,3.78,16,2014.34,8,2,13.8,5,0,1,1
PO006643,V0092,FINISH,US,0.855,24.6,3.38,15,4708.84,2,4,24.9,2,0,0,0
PO006644,V0085,RAW,DE,0.792,11.5,3.28,16,1385.66,5,1,12.4,4,0,0,1
PO006645,V0070,FINISH,US,0.901,21.3,4.09,15,24253.14,6,4,22.4,1,0,0,1
PO006646,V0039,RAW,IN,0.627,7.4,3.13,15,6194.69,6,5,6.7,1,0,0,0
PO006647,V0041,RAW,DE,0.93,9.9,1.69,10,2828.98,11,1,9.0,1,1,0,1
PO006648,V0099,FINISH,US,0.857,24.7,4.51,13,4338.81,5,3,22.8,0,1,0,1
PO006649,V0075,SERVICE,DE,0.673,5.5,1.96,8,451.59,3,1,5.1,4,0,0,1
PO006650,V0036,FINISH,IN,0.606,23.8,4.18,21,20538.33,3,4,19.1,5,0,0,1
PO006651,V0059,PACK,IN,0.786,5.6,2.97,7,5951.63,4,3,6.6,5,0,0,1
PO006652,V0036,FINISH,IN,0.606,23.8,4.18,21,7844.56,6,5,20.8,4,0,0,0
PO006653,V0014,FINISH,DE,0.85,17.2,1.31,12,15578.83,2,5,16.7,2,1,0,0
PO006654,V0043,RAW,DE,0.98,7.1,1.46,6,741.06,4,3,5.9,5,0,0,1
PO006655,V0076,RAW,US,0.841,8.0,3.56,11,3936.34,6,1,6.6,5,0,0,0
PO006656,V0047,PACK,US,0.861,6.9,3.57,14,1887.34,4,2,12.8,6,0,0,1
PO006657,V0082,PACK,US,0.825,7.7,1.97,12,26257.37,4,2,8.5,4,0,0,1
PO006658,V0003,PACK,DE,0.708,8.1,1.56,12,7524.97,5,1,7.1,0,1,0,0
PO006659,V0011,RAW,DE,0.769,12.1,3.55,21,3158.69,4,3,11.5,4,0,0,1
PO006660,V0005,RAW,CN,0.66,11.8,2.76,10,5126.06,7,4,10.1,3,0,0,1
PO006661,V0050,RAW,IN,0.638,7.8,3.79,16,2860.89,5,4,10.3,5,0,0,1
PO006662,V0058,SERVICE,US,0.874,4.5,2.48,13,24247.87,6,2,5.6,0,0,0,1
PO006663,V0032,SERVICE,MX,0.694,6.7,2.48,12,3473.25,4,2,9.1,2,0,0,1
PO006664,V0080,FINISH,IN,0.721,16.6,1.84,13,1370.98,7,4,17.5,6,0,0,1
PO006665,V0018,RAW,MX,0.757,10.6,3.81,25,7642.79,5,3,12.0,3,0,0,1
PO006666,V0013,PACK,CN,0.729,6.6,3.03,21,5184.47,3,3,5.7,1,0,0,1
PO006667,V0093,SERVICE,DE,0.917,6.8,1.72,8,14513.51,4,1,8.5,6,0,0,1
PO006668,V0006,SERVICE,US,0.821,4.0,3.65,13,17657.71,5,2,5.3,6,0,0,1
PO006669,V0027,FINISH,US,0.879,14.1,1.64,15,41377.4,6,5,12.7,1,0,0,1
PO006670,V0090,RAW,CN,0.774,7.8,3.44,12,2076.41,3,3,8.7,6,0,0,0
PO006671,V0027,FINISH,US,0.879,14.1,1.64,15,9790.26,4,5,12.0,0,0,0,1
PO006672,V0058,SERVICE,US,0.874,4.5,2.48,13,744.07,6,1,2.9,4,0,0,1
PO006673,V0047,PACK,US,0.861,6.9,3.57,14,849.74,3,2,3.9,6,0,0,1
PO006674,V0098,FINISH,US,0.629,22.7,3.13,10,5045.38,4,5,21.7,6,0,0,0
PO006675,V0004,FINISH,DE,0.824,16.8,3.06,16,9812.16,7,5,18.9,4,0,0,1
PO006676,V0014,FINISH,DE,0.85,17.2,1.31,12,1828.61,4,4,19.2,0,0,1,1
PO006677,V0083,RAW,US,0.785,7.8,4.56,16,6442.43,4,2,7.6,4,0,0,1
PO006678,V0032,SERVICE,MX,0.694,6.7,2.48,12,6746.31,13,1,1.8,6,0,0,1
PO006679,V0071,PACK,CN,0.695,5.7,1.12,18,80301.44,10,1,3.2,5,0,1,0
PO006680,V0011,RAW,DE,0.769,12.1,3.55,21,573.76,6,1,11.0,4,0,0,0
PO006681,V0083,RAW,US,0.785,7.8,4.56,16,13505.33,6,2,6.5,1,0,0,1
PO006682,V0088,FINISH,MX,0.697,25.4,2.03,11,21766.29,8,5,25.4,6,1,0,0
PO006683,V0098,FINISH,US,0.629,22.7,3.13,10,664.63,6,3,22.2,0,0,0,1
PO006684,V0065,FINISH,DE,0.79,26.8,4.29,23,353.52,7,5,24.9,5,1,0,0
PO006685,V0029,FINISH,CN,0.802,15.3,2.47,12,10611.21,3,4,13.4,3,0,0,1
PO006686,V0058,SERVICE,US,0.874,4.5,2.48,13,2753.01,4,2,4.8,5,0,0,0
PO006687,V0033,RAW,IN,0.721,13.6,3.78,16,2851.5,6,1,14.6,4,0,0,0
PO006688,V0021,FINISH,US,0.98,22.9,3.14,9,2619.51,4,4,21.7,2,1,1,1
PO006689,V0054,RAW,MX,0.782,9.2,4.8,24,4008.65,2,2,9.3,2,1,1,1
PO006690,V0010,RAW,IN,0.761,9.5,1.46,20,6092.05,4,2,9.0,5,0,0,1
PO006691,V0095,FINISH,US,0.879,19.0,4.51,14,1491.09,2,5,17.7,2,0,0,1
PO006692,V0022,RAW,DE,0.74,7.3,3.36,17,4794.42,5,5,10.1,4,0,0,1
PO006693,V0013,PACK,CN,0.729,6.6,3.03,21,1490.49,4,2,7.5,4,0,0,0
PO006694,V0019,RAW,DE,0.886,7.4,2.11,21,31568.96,6,5,6.0,6,0,0,1
PO006695,V0070,FINISH,US,0.901,21.3,4.09,15,1464.07,4,4,20.5,6,0,1,0
PO006696,V0078,RAW,US,0.9,7.8,2.84,11,2890.11,5,2,12.5,4,0,0,1
PO006697,V0073,PACK,DE,0.853,7.6,4.13,14,58205.35,5,1,1.9,0,0,1,1
PO006698,V0042,FINISH,CN,0.807,23.2,2.12,16,10181.14,7,4,23.3,4,0,0,0
PO006699,V0050,RAW,IN,0.638,7.8,3.79,16,4049.38,9,1,9.5,6,0,1,0
PO006700,V0068,RAW,DE,0.98,7.4,4.46,20,3780.69,4,1,7.2,3,0,0,1
PO006701,V0082,PACK,US,0.825,7.7,1.97,12,16826.02,5,2,6.9,5,0,0,1
PO006702,V0058,SERVICE,US,0.874,4.5,2.48,13,6556.59,7,2,2.8,0,0,0,1
PO006703,V0064,RAW,CN,0.639,13.8,4.94,17,6859.02,3,3,15.0,0,0,0,1
PO006704,V0058,SERVICE,US,0.874,4.5,2.48,13,8469.03,5,2,1.0,5,0,0,1
PO006705,V0082,PACK,US,0.825,7.7,1.97,12,3504.77,10,1,13.5,0,0,0,1
PO006706,V0019,RAW,DE,0.886,7.4,2.11,21,25734.79,6,4,6.5,0,0,0,1
PO006707,V0053,SERVICE,US,0.98,4.3,4.58,14,6541.29,4,1,4.8,3,0,0,1
PO006708,V0009,FINISH,US,0.782,14.1,4.26,17,10505.0,4,3,13.3,6,0,0,1
PO006709,V0038,RAW,US,0.858,12.8,2.44,10,3858.84,5,2,12.3,3,0,0,1
PO006710,V0069,RAW,DE,0.892,8.6,3.69,16,8475.75,7,3,8.9,6,0,0,0
PO006711,V0022,RAW,DE,0.74,7.3,3.36,17,9984.56,3,1,8.3,6,0,0,1
PO006712,V0073,PACK,DE,0.853,7.6,4.13,14,2670.51,3,1,7.2,0,0,0,1
PO006713,V0051,FINISH,CN,0.637,24.5,4.23,13,16960.38,6,4,28.2,0,1,1,1
PO006714,V0041,RAW,DE,0.93,9.9,1.69,10,5251.83,7,1,5.9,0,0,0,1
PO006715,V0023,RAW,CN,0.614,11.8,2.55,22,8756.37,3,3,11.3,5,0,0,1
PO006716,V0084,PACK,IN,0.592,5.4,3.15,16,18621.73,5,4,4.8,6,0,0,1
PO006717,V0007,RAW,CN,0.794,7.6,1.78,6,11242.7,4,2,9.8,6,1,0,1
PO006718,V0036,FINISH,IN,0.606,23.8,4.18,21,2886.9,4,4,20.4,4,0,0,0
PO006719,V0053,SERVICE,US,0.98,4.3,4.58,14,27702.87,2,2,2.5,1,1,0,1
PO006720,V0024,RAW,DE,0.927,13.5,4.51,12,42666.55,7,3,13.4,5,0,1,1
PO006721,V0054,RAW,MX,0.782,9.2,4.8,24,5164.51,3,3,8.4,6,0,0,1
PO006722,V0016,FINISH,IN,0.733,18.5,1.44,12,33725.33,5,3,18.4,0,0,0,1
PO006723,V0019,RAW,DE,0.886,7.4,2.11,21,6463.68,3,1,9.5,2,0,1,1
PO006724,V0099,FINISH,US,0.857,24.7,4.51,13,4502.86,4,4,26.3,5,0,0,0
PO006725,V0077,PACK,IN,0.601,6.0,1.16,11,856.16,4,3,5.5,0,0,0,1
PO006726,V0056,PACK,US,0.729,7.2,4.55,13,3087.76,7,2,9.9,5,0,0,1
PO006727,V0076,RAW,US,0.841,8.0,3.56,11,16251.08,6,2,11.5,6,0,1,1
PO006728,V0044,FINISH,IN,0.629,20.6,1.39,15,25893.42,8,4,22.8,5,0,0,0
PO006729,V0048,PACK,MX,0.846,9.8,4.62,11,4127.25,5,5,14.7,5,0,0,1
PO006730,V0083,RAW,US,0.785,7.8,4.56,16,7970.91,5,2,6.4,4,0,0,1
PO006731,V0031,PACK,CN,0.783,6.4,1.1,17,1241.21,3,3,6.0,1,0,0,0
PO006732,V0072,RAW,CN,0.817,8.0,1.06,13,2106.45,8,1,7.2,6,0,0,1
PO006733,V0080,FINISH,IN,0.721,16.6,1.84,13,10354.8,3,3,15.2,3,0,1,1
PO006734,V0008,RAW,DE,0.897,12.8,2.43,12,2685.49,7,2,15.0,4,0,1,1
PO006735,V0073,PACK,DE,0.853,7.6,4.13,14,4864.87,8,1,7.1,1,0,0,0
PO006736,V0079,FINISH,CN,0.65,26.2,4.68,7,16708.15,2,3,25.1,4,0,0,1
PO006737,V0016,FINISH,IN,0.733,18.5,1.44,12,20376.65,12,3,16.7,2,0,0,1
PO006738,V0097,FINISH,US,0.933,26.7,3.5,16,45062.42,6,5,23.6,4,0,0,1
PO006739,V0051,FINISH,CN,0.637,24.5,4.23,13,32306.05,5,5,24.8,4,0,0,0
PO006740,V0092,FINISH,US,0.855,24.6,3.38,15,5013.56,6,5,23.4,6,0,0,0
PO006741,V0059,PACK,IN,0.786,5.6,2.97,7,3578.27,3,1,6.0,1,0,0,0
PO006742,V0008,RAW,DE,0.897,12.8,2.43,12,375.07,4,2,13.8,1,0,0,0
PO006743,V0023,RAW,CN,0.614,11.8,2.55,22,136304.09,1,2,10.0,2,0,0,1
PO006744,V0067,FINISH,DE,0.709,27.6,4.37,19,6212.13,12,3,28.0,3,0,0,1
PO006745,V0044,FINISH,IN,0.629,20.6,1.39,15,8693.98,4,3,21.8,4,0,1,0
PO006746,V0020,PACK,US,0.98,9.9,1.97,17,6432.24,3,4,10.3,2,0,0,0
PO006747,V0039,RAW,IN,0.627,7.4,3.13,15,1286.38,4,5,8.6,4,0,0,0
PO006748,V0076,RAW,US,0.841,8.0,3.56,11,8250.57,6,3,8.4,1,0,1,0
PO006749,V0059,PACK,IN,0.786,5.6,2.97,7,3844.8,1,2,6.4,2,0,0,1
PO006750,V0098,FINISH,US,0.629,22.7,3.13,10,20740.34,5,5,24.9,6,0,0,1
PO006751,V0090,RAW,CN,0.774,7.8,3.44,12,7733.62,2,2,5.5,4,0,1,1
PO006752,V0050,RAW,IN,0.638,7.8,3.79,16,12477.19,6,5,9.0,3,0,0,0
PO006753,V0083,RAW,US,0.785,7.8,4.56,16,18010.67,7,3,11.5,3,0,0,1
PO006754,V0083,RAW,US,0.785,7.8,4.56,16,33817.07,4,1,8.8,2,0,0,0
PO006755,V0018,RAW,MX,0.757,10.6,3.81,25,9292.84,4,3,12.2,1,0,0,1
PO006756,V0007,RAW,CN,0.794,7.6,1.78,6,11949.42,2,1,10.7,2,0,0,1
PO006757,V0092,FINISH,US,0.855,24.6,3.38,15,6757.53,3,5,25.3,0,0,0,1
PO006758,V0053,SERVICE,US,0.98,4.3,4.58,14,5178.1,3,1,10.8,6,0,0,1
PO006759,V0093,SERVICE,DE,0.917,6.8,1.72,8,10471.56,7,1,5.4,1,0,0,1
PO006760,V0019,RAW,DE,0.886,7.4,2.11,21,986.98,6,1,8.7,5,0,0,0
PO006761,V0017,FINISH,IN,0.701,19.8,1.89,10,1452.23,5,4,20.1,2,0,0,0
PO006762,V0027,FINISH,US,0.879,14.1,1.64,15,3434.24,4,5,11.8,6,0,1,0
PO006763,V0098,FINISH,US,0.629,22.7,3.13,10,939.46,5,3,23.5,2,0,0,0
PO006764,V0011,RAW,DE,0.769,12.1,3.55,21,9571.9,8,3,17.9,1,0,0,1
PO006765,V0045,PACK,US,0.98,8.2,1.18,13,6131.75,3,4,6.9,2,0,0,1
PO006766,V0001,SERVICE,DE,0.945,3.6,1.62,16,6851.12,5,1,3.1,4,0,0,1
PO006767,V0007,RAW,CN,0.794,7.6,1.78,6,7649.08,7,5,3.5,5,0,0,1
PO006768,V0019,RAW,DE,0.886,7.4,2.11,21,2516.33,4,1,6.7,2,0,1,1
PO006769,V0055,PACK,CN,0.619,8.4,4.01,9,8988.93,1,1,8.0,0,0,0,1
PO006770,V0052,SERVICE,DE,0.824,6.4,2.72,18,37453.03,2,2,6.2,5,0,0,1
PO006771,V0066,PACK,CN,0.769,9.7,4.46,6,8633.32,3,4,10.8,2,0,0,1
PO006772,V0043,RAW,DE,0.98,7.1,1.46,6,14813.0,4,1,6.7,3,0,0,1
PO006773,V0006,SERVICE,US,0.821,4.0,3.65,13,10149.63,5,1,3.0,2,1,0,0
PO006774,V0053,SERVICE,US,0.98,4.3,4.58,14,24664.93,7,1,4.1,6,0,1,1
PO006775,V0047,PACK,US,0.861,6.9,3.57,14,3194.88,2,3,8.1,1,0,0,1
PO006776,V0053,SERVICE,US,0.98,4.3,4.58,14,4990.61,7,2,5.9,6,0,0,1
PO006777,V0033,RAW,IN,0.721,13.6,3.78,16,7478.67,4,2,11.9,2,0,0,0
PO006778,V0082,PACK,US,0.825,7.7,1.97,12,1785.51,7,2,6.6,0,0,0,1
PO006779,V0073,PACK,DE,0.853,7.6,4.13,14,266.78,2,2,9.4,0,0,0,1
PO006780,V0048,PACK,MX,0.846,9.8,4.62,11,1960.24,11,2,5.8,3,0,0,1
PO006781,V0052,SERVICE,DE,0.824,6.4,2.72,18,29235.55,7,2,3.8,2,0,0,1
PO006782,V0089,PACK,MX,0.613,8.8,1.75,13,7445.04,2,3,11.7,6,0,0,1
PO006783,V0077,PACK,IN,0.601,6.0,1.16,11,14287.34,4,3,4.7,2,0,0,1
PO006784,V0038,RAW,US,0.858,12.8,2.44,10,3674.53,3,1,14.8,2,0,0,1
PO006785,V0020,PACK,US,0.98,9.9,1.97,17,3497.23,2,4,8.1,1,0,0,1
PO006786,V0037,RAW,DE,0.831,10.3,3.17,12,17691.87,6,1,5.8,5,0,1,0
PO006787,V0083,RAW,US,0.785,7.8,4.56,16,9427.37,5,1,5.7,2,0,1,1
PO006788,V0038,RAW,US,0.858,12.8,2.44,10,3000.64,4,3,11.7,3,0,0,1
PO006789,V0001,SERVICE,DE,0.945,3.6,1.62,16,9746.28,7,1,4.0,4,0,0,1
PO006790,V0037,RAW,DE,0.831,10.3,3.17,12,67161.52,5,1,11.3,1,0,0,1
PO006791,V0027,FINISH,US,0.879,14.1,1.64,15,5270.72,4,3,14.1,0,0,0,1
PO006792,V0026,RAW,DE,0.898,12.1,4.59,17,15547.15,4,3,15.0,4,0,1,0
PO006793,V0036,FINISH,IN,0.606,23.8,4.18,21,1963.58,3,3,23.6,3,0,1,0
PO006794,V0046,FINISH,CN,0.577,23.2,1.65,8,12981.77,4,5,19.4,2,0,0,1
PO006795,V0098,FINISH,US,0.629,22.7,3.13,10,34790.25,5,4,24.5,1,0,0,1
PO006796,V0069,RAW,DE,0.892,8.6,3.69,16,4014.71,1,3,8.6,5,0,0,1
PO006797,V0012,FINISH,US,0.73,24.7,3.25,18,2443.33,5,4,28.0,1,0,0,0
PO006798,V0082,PACK,US,0.825,7.7,1.97,12,36034.45,9,3,7.3,3,1,1,0
PO006799,V0054,RAW,MX,0.782,9.2,4.8,24,7311.47,6,1,5.8,2,0,0,1
PO006800,V0004,FINISH,DE,0.824,16.8,3.06,16,2845.27,7,4,12.8,3,0,0,0
PO006801,V0093,SERVICE,DE,0.917,6.8,1.72,8,15365.75,5,2,6.2,5,0,1,1
PO006802,V0099,FINISH,US,0.857,24.7,4.51,13,22733.75,5,5,27.7,3,0,0,0
PO006803,V0011,RAW,DE,0.769,12.1,3.55,21,5025.71,0,1,11.0,4,0,0,0
PO006804,V0071,PACK,CN,0.695,5.7,1.12,18,7403.76,3,2,3.8,6,0,0,0
PO006805,V0095,FINISH,US,0.879,19.0,4.51,14,8584.22,1,5,19.5,4,0,0,1
PO006806,V0002,SERVICE,US,0.98,6.3,1.85,11,16086.54,4,1,6.4,5,0,1,1
PO006807,V0095,FINISH,US,0.879,19.0,4.51,14,10572.89,2,5,19.2,5,0,0,1
PO006808,V0067,FINISH,DE,0.709,27.6,4.37,19,10143.3,7,5,27.6,6,1,0,0
PO006809,V0036,FINISH,IN,0.606,23.8,4.18,21,2475.55,7,5,22.0,0,1,0,1
PO006810,V0081,PACK,CN,0.884,5.2,2.01,15,4674.38,9,4,7.2,6,0,0,1
PO006811,V0100,FINISH,US,0.802,15.8,2.59,19,20056.67,2,3,16.6,0,0,0,1
PO006812,V0098,FINISH,US,0.629,22.7,3.13,10,6397.76,5,4,22.7,4,0,1,0
PO006813,V0063,FINISH,MX,0.98,17.9,1.75,15,2748.15,2,5,22.2,4,0,0,1
PO006814,V0062,FINISH,DE,0.881,22.2,4.6,6,8431.11,5,5,21.1,5,0,0,1
PO006815,V0038,RAW,US,0.858,12.8,2.44,10,890.13,6,2,13.1,6,0,0,1
PO006816,V0082,PACK,US,0.825,7.7,1.97,12,46708.01,4,5,9.3,3,0,0,0
PO006817,V0039,RAW,IN,0.627,7.4,3.13,15,9235.89,8,3,7.8,3,0,1,0
PO006818,V0043,RAW,DE,0.98,7.1,1.46,6,4586.69,7,4,7.0,4,0,0,0
PO006819,V0073,PACK,DE,0.853,7.6,4.13,14,31131.42,6,3,5.1,4,0,0,0
PO006820,V0063,FINISH,MX,0.98,17.9,1.75,15,4238.3,5,4,16.6,6,1,0,1
PO006821,V0021,FINISH,US,0.98,22.9,3.14,9,12623.05,7,5,21.0,0,0,0,1
PO006822,V0032,SERVICE,MX,0.694,6.7,2.48,12,21251.86,11,2,6.6,1,0,0,0
PO006823,V0065,FINISH,DE,0.79,26.8,4.29,23,42469.4,5,4,28.2,2,0,0,1
PO006824,V0039,RAW,IN,0.627,7.4,3.13,15,19407.75,4,2,9.7,2,0,0,1
PO006825,V0012,FINISH,US,0.73,24.7,3.25,18,30693.27,5,3,26.1,4,0,0,1
PO006826,V0098,FINISH,US,0.629,22.7,3.13,10,34194.1,4,5,22.9,2,0,0,1
PO006827,V0018,RAW,MX,0.757,10.6,3.81,25,735.19,5,1,9.6,6,0,1,0
PO006828,V0033,RAW,IN,0.721,13.6,3.78,16,7060.32,2,3,14.1,5,0,0,1
PO006829,V0058,SERVICE,US,0.874,4.5,2.48,13,46467.86,5,1,6.9,3,0,0,1
PO006830,V0089,PACK,MX,0.613,8.8,1.75,13,26557.79,7,3,9.2,2,0,0,0
PO006831,V0085,RAW,DE,0.792,11.5,3.28,16,15140.2,4,2,12.7,2,0,0,0
PO006832,V0067,FINISH,DE,0.709,27.6,4.37,19,40714.43,5,3,27.6,1,1,0,0
PO006833,V0051,FINISH,CN,0.637,24.5,4.23,13,68917.97,3,4,25.9,1,0,0,0
PO006834,V0077,PACK,IN,0.601,6.0,1.16,11,24653.75,8,2,1.3,4,0,0,1
PO006835,V0091,PACK,US,0.785,6.7,1.54,13,6807.9,6,1,9.7,5,0,0,1
PO006836,V0029,FINISH,CN,0.802,15.3,2.47,12,1929.13,5,5,14.4,5,0,0,0
PO006837,V0079,FINISH,CN,0.65,26.2,4.68,7,5380.62,15,3,27.1,1,0,0,1
PO006838,V0069,RAW,DE,0.892,8.6,3.69,16,8864.87,4,1,11.0,2,0,0,1
PO006839,V0006,SERVICE,US,0.821,4.0,3.65,13,49707.68,6,2,5.7,4,0,0,0
PO006840,V0084,PACK,IN,0.592,5.4,3.15,16,8315.78,4,2,4.2,5,0,0,0
PO006841,V0053,SERVICE,US,0.98,4.3,4.58,14,13480.33,5,1,3.4,5,1,0,1
PO006842,V0040,SERVICE,CN,0.742,5.1,2.29,19,5771.96,3,1,3.0,1,0,0,1
PO006843,V0075,SERVICE,DE,0.673,5.5,1.96,8,2907.9,6,1,3.2,5,0,0,0
PO006844,V0080,FINISH,IN,0.721,16.6,1.84,13,2891.77,5,3,19.6,2,0,0,0
PO006845,V0053,SERVICE,US,0.98,4.3,4.58,14,3939.47,4,2,2.3,5,0,0,1
PO006846,V0026,RAW,DE,0.898,12.1,4.59,17,30651.34,8,5,14.7,3,1,0,0
PO006847,V0096,PACK,DE,0.98,7.3,2.21,18,30575.12,6,4,4.4,3,0,0,1
PO006848,V0015,FINISH,MX,0.872,25.3,1.75,21,23749.33,4,3,23.5,0,0,1,1
PO006849,V0050,RAW,IN,0.638,7.8,3.79,16,8750.68,7,4,4.8,1,0,1,1
PO006850,V0084,PACK,IN,0.592,5.4,3.15,16,26329.88,4,2,4.0,0,0,0,1
PO006851,V0086,RAW,US,0.712,8.7,1.64,11,2406.89,5,3,9.5,4,0,0,1
PO006852,V0075,SERVICE,DE,0.673,5.5,1.96,8,755.96,2,2,7.1,4,0,0,1
PO006853,V0005,RAW,CN,0.66,11.8,2.76,10,25374.35,6,3,10.9,4,1,1,1
PO006854,V0066,PACK,CN,0.769,9.7,4.46,6,6228.73,4,1,10.5,1,0,0,1
PO006855,V0080,FINISH,IN,0.721,16.6,1.84,13,2118.82,4,4,15.6,3,0,0,1
PO006856,V0096,PACK,DE,0.98,7.3,2.21,18,10643.19,5,1,5.5,1,0,0,1
PO006857,V0036,FINISH,IN,0.606,23.8,4.18,21,34206.09,7,3,23.9,5,1,0,0
PO006858,V0023,RAW,CN,0.614,11.8,2.55,22,2952.09,6,2,11.0,6,0,1,1
PO006859,V0032,SERVICE,MX,0.694,6.7,2.48,12,6767.88,6,1,4.8,5,0,1,1
PO006860,V0008,RAW,DE,0.897,12.8,2.43,12,29393.86,5,1,10.6,1,0,0,1
PO006861,V0007,RAW,CN,0.794,7.6,1.78,6,6241.19,3,3,9.4,3,0,0,0
PO006862,V0062,FINISH,DE,0.881,22.2,4.6,6,24994.98,6,5,22.3,5,0,0,0
PO006863,V0083,RAW,US,0.785,7.8,4.56,16,50311.62,5,1,8.7,4,0,0,0
PO006864,V0026,RAW,DE,0.898,12.1,4.59,17,3052.29,5,3,11.7,0,1,0,1
PO006865,V0046,FINISH,CN,0.577,23.2,1.65,8,9665.58,4,5,26.1,6,0,0,0
PO006866,V0081,PACK,CN,0.884,5.2,2.01,15,8008.77,5,5,4.3,5,0,0,1
PO006867,V0038,RAW,US,0.858,12.8,2.44,10,41778.55,8,5,14.7,5,0,0,1
PO006868,V0056,PACK,US,0.729,7.2,4.55,13,21856.7,6,1,5.7,5,0,0,1
PO006869,V0058,SERVICE,US,0.874,4.5,2.48,13,2157.27,5,1,3.3,5,0,0,1
PO006870,V0049,RAW,US,0.878,7.5,2.28,20,16038.54,5,1,10.1,5,0,1,1
PO006871,V0096,PACK,DE,0.98,7.3,2.21,18,5187.68,6,1,8.3,1,0,0,1
PO006872,V0033,RAW,IN,0.721,13.6,3.78,16,17758.53,5,1,11.1,2,0,0,1
PO006873,V0017,FINISH,IN,0.701,19.8,1.89,10,12605.15,9,5,20.6,5,1,0,0
PO006874,V0096,PACK,DE,0.98,7.3,2.21,18,3005.79,2,1,6.0,4,1,0,0
PO006875,V0080,FINISH,IN,0.721,16.6,1.84,13,2789.73,8,5,16.5,0,0,0,0
PO006876,V0063,FINISH,MX,0.98,17.9,1.75,15,8159.96,2,4,20.6,1,0,0,1
PO006877,V0075,SERVICE,DE,0.673,5.5,1.96,8,7208.56,3,2,1.0,5,0,0,1
PO006878,V0036,FINISH,IN,0.606,23.8,4.18,21,2718.6,4,5,27.2,5,0,0,0
PO006879,V0070,FINISH,US,0.901,21.3,4.09,15,7274.23,6,4,20.2,1,0,0,1
PO006880,V0011,RAW,DE,0.769,12.1,3.55,21,40313.55,5,2,10.4,4,0,0,0
PO006881,V0091,PACK,US,0.785,6.7,1.54,13,46099.85,11,3,6.3,2,0,0,1
PO006882,V0033,RAW,IN,0.721,13.6,3.78,16,94.59,4,3,15.1,6,0,1,1
PO006883,V0010,RAW,IN,0.761,9.5,1.46,20,12412.74,1,3,8.6,0,0,0,0
PO006884,V0066,PACK,CN,0.769,9.7,4.46,6,4143.87,1,5,7.8,4,0,0,0
PO006885,V0033,RAW,IN,0.721,13.6,3.78,16,1958.85,6,1,11.7,3,0,1,0
PO006886,V0047,PACK,US,0.861,6.9,3.57,14,272932.91,6,1,4.9,3,0,0,1
PO006887,V0084,PACK,IN,0.592,5.4,3.15,16,12682.83,3,3,2.4,4,0,0,0
PO006888,V0049,RAW,US,0.878,7.5,2.28,20,4234.4,5,2,8.2,4,0,0,0
PO006889,V0009,FINISH,US,0.782,14.1,4.26,17,558.96,5,4,12.2,1,0,0,1
PO006890,V0013,PACK,CN,0.729,6.6,3.03,21,104359.91,6,4,7.3,3,0,0,1
PO006891,V0032,SERVICE,MX,0.694,6.7,2.48,12,39504.64,6,2,9.4,3,0,0,0
PO006892,V0085,RAW,DE,0.792,11.5,3.28,16,8965.88,5,1,12.2,6,1,0,1
PO006893,V0019,RAW,DE,0.886,7.4,2.11,21,5800.37,10,2,9.0,1,0,0,1
PO006894,V0072,RAW,CN,0.817,8.0,1.06,13,13729.25,5,3,7.5,6,0,0,0
PO006895,V0036,FINISH,IN,0.606,23.8,4.18,21,621.54,3,3,23.9,6,0,0,0
PO006896,V0017,FINISH,IN,0.701,19.8,1.89,10,11999.24,3,5,21.1,5,0,0,0
PO006897,V0015,FINISH,MX,0.872,25.3,1.75,21,7543.41,2,5,23.5,4,0,1,0
PO006898,V0093,SERVICE,DE,0.917,6.8,1.72,8,4833.82,1,1,7.3,0,0,0,1
PO006899,V0019,RAW,DE,0.886,7.4,2.11,21,1748.04,5,1,7.2,0,1,0,0
PO006900,V0070,FINISH,US,0.901,21.3,4.09,15,11593.23,4,3,21.6,1,0,0,1
PO006901,V0066,PACK,CN,0.769,9.7,4.46,6,67451.1,5,2,8.1,0,0,0,0
PO006902,V0089,PACK,MX,0.613,8.8,1.75,13,2153.12,4,2,11.3,6,1,0,1
PO006903,V0047,PACK,US,0.861,6.9,3.57,14,202356.35,2,3,7.1,3,0,0,0
PO006904,V0084,PACK,IN,0.592,5.4,3.15,16,8902.06,8,3,4.0,6,0,0,0
PO006905,V0006,SERVICE,US,0.821,4.0,3.65,13,40937.12,4,2,2.5,5,0,0,1
PO006906,V0022,RAW,DE,0.74,7.3,3.36,17,23074.24,4,1,4.9,3,0,0,1
PO006907,V0079,FINISH,CN,0.65,26.2,4.68,7,27270.5,2,3,23.4,2,0,0,0
PO006908,V0089,PACK,MX,0.613,8.8,1.75,13,14759.0,4,2,7.9,0,1,0,0
PO006909,V0049,RAW,US,0.878,7.5,2.28,20,2805.84,1,3,3.7,2,0,0,0
PO006910,V0036,FINISH,IN,0.606,23.8,4.18,21,158908.1,4,3,20.1,5,0,0,1
PO006911,V0059,PACK,IN,0.786,5.6,2.97,7,8354.8,9,1,6.5,2,1,1,1
PO006912,V0025,PACK,IN,0.539,5.5,4.59,21,4243.12,1,2,6.2,2,0,0,0
PO006913,V0008,RAW,DE,0.897,12.8,2.43,12,3267.82,4,4,13.0,0,0,0,1
PO006914,V0097,FINISH,US,0.933,26.7,3.5,16,8398.28,2,4,30.3,2,0,0,1
PO006915,V0072,RAW,CN,0.817,8.0,1.06,13,164217.02,6,1,7.2,0,0,1,0
PO006916,V0062,FINISH,DE,0.881,22.2,4.6,6,21654.41,3,4,21.3,5,0,0,1
PO006917,V0032,SERVICE,MX,0.694,6.7,2.48,12,10739.31,5,2,7.1,4,0,1,1
PO006918,V0020,PACK,US,0.98,9.9,1.97,17,50716.42,5,1,9.8,1,0,0,1
PO006919,V0002,SERVICE,US,0.98,6.3,1.85,11,3843.04,3,1,6.4,1,1,0,1
PO006920,V0042,FINISH,CN,0.807,23.2,2.12,16,71487.33,3,5,22.2,4,0,0,0
PO006921,V0070,FINISH,US,0.901,21.3,4.09,15,27507.48,7,5,21.7,6,0,0,0
PO006922,V0046,FINISH,CN,0.577,23.2,1.65,8,4091.78,8,3,21.2,2,0,1,1
PO006923,V0042,FINISH,CN,0.807,23.2,2.12,16,21526.17,4,4,22.6,6,0,0,0
PO006924,V0049,RAW,US,0.878,7.5,2.28,20,66689.07,4,2,7.2,6,0,0,1
PO006925,V0023,RAW,CN,0.614,11.8,2.55,22,3763.1,7,1,9.5,4,0,1,1
PO006926,V0004,FINISH,DE,0.824,16.8,3.06,16,1631.98,5,4,19.2,4,0,0,1
PO006927,V0098,FINISH,US,0.629,22.7,3.13,10,14305.83,4,3,22.7,2,0,0,0
PO006928,V0086,RAW,US,0.712,8.7,1.64,11,3148.08,9,4,6.8,4,0,0,0
PO006929,V0087,FINISH,US,0.855,19.7,4.93,9,9337.38,8,5,17.7,6,1,0,0
PO006930,V0066,PACK,CN,0.769,9.7,4.46,6,30883.42,6,5,11.0,5,1,0,0
PO006931,V0083,RAW,US,0.785,7.8,4.56,16,4735.01,3,2,5.2,1,0,0,1
PO006932,V0051,FINISH,CN,0.637,24.5,4.23,13,24113.55,5,5,29.1,0,0,1,0
PO006933,V0078,RAW,US,0.9,7.8,2.84,11,5836.3,3,1,8.1,0,0,0,1
PO006934,V0065,FINISH,DE,0.79,26.8,4.29,23,77768.4,3,3,27.1,1,0,0,1
PO006935,V0037,RAW,DE,0.831,10.3,3.17,12,9108.74,8,4,11.0,0,0,1,0
PO006936,V0044,FINISH,IN,0.629,20.6,1.39,15,26261.64,3,5,20.1,0,0,0,0
PO006937,V0026,RAW,DE,0.898,12.1,4.59,17,5278.17,8,4,12.4,2,0,0,1
PO006938,V0069,RAW,DE,0.892,8.6,3.69,16,18403.99,4,3,10.7,0,0,0,1
PO006939,V0066,PACK,CN,0.769,9.7,4.46,6,4303.97,4,1,12.1,2,0,0,1
PO006940,V0086,RAW,US,0.712,8.7,1.64,11,11131.08,10,3,10.0,5,0,0,1
PO006941,V0054,RAW,MX,0.782,9.2,4.8,24,7727.71,8,2,8.3,4,0,0,0
PO006942,V0044,FINISH,IN,0.629,20.6,1.39,15,2970.23,4,4,21.9,1,0,1,0
PO006943,V0077,PACK,IN,0.601,6.0,1.16,11,2488.95,5,3,6.7,3,0,0,1
PO006944,V0099,FINISH,US,0.857,24.7,4.51,13,20945.84,2,3,24.5,3,0,0,0
PO006945,V0032,SERVICE,MX,0.694,6.7,2.48,12,8848.8,5,2,9.0,1,1,1,1
PO006946,V0014,FINISH,DE,0.85,17.2,1.31,12,31177.27,6,4,15.8,1,0,1,1
PO006947,V0045,PACK,US,0.98,8.2,1.18,13,2830.2,2,3,4.2,2,0,0,1
PO006948,V0068,RAW,DE,0.98,7.4,4.46,20,2247.78,5,2,7.9,3,0,0,1
PO006949,V0071,PACK,CN,0.695,5.7,1.12,18,16083.18,2,2,9.3,0,0,0,0
PO006950,V0020,PACK,US,0.98,9.9,1.97,17,5983.17,4,1,11.4,5,0,0,1
PO006951,V0026,RAW,DE,0.898,12.1,4.59,17,7251.95,2,2,11.6,4,0,0,1
PO006952,V0017,FINISH,IN,0.701,19.8,1.89,10,28494.68,5,3,23.0,2,0,0,1
PO006953,V0012,FINISH,US,0.73,24.7,3.25,18,9619.49,6,4,28.1,1,0,0,0
PO006954,V0002,SERVICE,US,0.98,6.3,1.85,11,6518.84,10,2,1.8,5,0,0,1
PO006955,V0062,FINISH,DE,0.881,22.2,4.6,6,50575.28,4,3,20.8,3,0,1,1
PO006956,V0088,FINISH,MX,0.697,25.4,2.03,11,5879.95,8,3,26.4,4,0,0,1
PO006957,V0055,PACK,CN,0.619,8.4,4.01,9,2384.26,5,4,8.6,5,0,0,0
PO006958,V0058,SERVICE,US,0.874,4.5,2.48,13,12289.04,0,1,3.1,3,0,0,1
PO006959,V0030,PACK,MX,0.97,9.5,3.52,19,49969.42,5,2,12.2,3,0,0,1
PO006960,V0084,PACK,IN,0.592,5.4,3.15,16,70281.48,6,5,4.8,3,0,0,1
PO006961,V0049,RAW,US,0.878,7.5,2.28,20,1269.09,6,2,9.0,4,1,0,1
PO006962,V0048,PACK,MX,0.846,9.8,4.62,11,62530.5,5,4,9.8,4,1,0,1
PO006963,V0022,RAW,DE,0.74,7.3,3.36,17,23487.9,2,3,12.2,1,0,0,0
PO006964,V0002,SERVICE,US,0.98,6.3,1.85,11,1069.35,5,2,7.3,6,0,0,1
PO006965,V0099,FINISH,US,0.857,24.7,4.51,13,2918.88,3,5,25.9,2,0,1,0
PO006966,V0037,RAW,DE,0.831,10.3,3.17,12,15462.44,3,5,11.5,2,0,0,1
PO006967,V0016,FINISH,IN,0.733,18.5,1.44,12,4013.39,8,3,21.2,3,0,0,0
PO006968,V0072,RAW,CN,0.817,8.0,1.06,13,965.95,8,2,2.4,2,0,0,1
PO006969,V0076,RAW,US,0.841,8.0,3.56,11,4634.22,9,1,7.3,0,0,0,1
PO006970,V0026,RAW,DE,0.898,12.1,4.59,17,3948.9,7,1,16.7,1,0,0,1
PO006971,V0030,PACK,MX,0.97,9.5,3.52,19,12228.21,5,2,10.6,2,0,0,1
PO006972,V0053,SERVICE,US,0.98,4.3,4.58,14,89244.69,4,2,4.9,4,0,0,0
PO006973,V0076,RAW,US,0.841,8.0,3.56,11,7605.76,4,2,8.8,0,0,0,1
PO006974,V0025,PACK,IN,0.539,5.5,4.59,21,11236.86,8,5,6.8,0,0,0,1
PO006975,V0084,PACK,IN,0.592,5.4,3.15,16,4127.39,7,2,4.1,3,0,0,1
PO006976,V0100,FINISH,US,0.802,15.8,2.59,19,37286.16,6,4,15.1,2,0,0,1
PO006977,V0015,FINISH,MX,0.872,25.3,1.75,21,57788.3,5,5,26.2,5,0,0,1
PO006978,V0083,RAW,US,0.785,7.8,4.56,16,2827.16,2,3,7.9,5,1,1,1
PO006979,V0098,FINISH,US,0.629,22.7,3.13,10,2039.86,7,3,19.4,2,0,0,0
PO006980,V0066,PACK,CN,0.769,9.7,4.46,6,4838.46,3,3,10.5,1,0,1,1
PO006981,V0092,FINISH,US,0.855,24.6,3.38,15,9116.6,4,5,27.1,5,1,0,1
PO006982,V0084,PACK,IN,0.592,5.4,3.15,16,2831.52,3,2,3.3,2,0,1,1
PO006983,V0052,SERVICE,DE,0.824,6.4,2.72,18,25103.01,6,1,1.2,2,0,0,1
PO006984,V0045,PACK,US,0.98,8.2,1.18,13,45560.44,7,2,7.0,4,0,0,1
PO006985,V0085,RAW,DE,0.792,11.5,3.28,16,20434.36,7,2,14.1,3,0,0,1
PO006986,V0023,RAW,CN,0.614,11.8,2.55,22,6097.14,6,3,12.0,4,0,0,0
PO006987,V0069,RAW,DE,0.892,8.6,3.69,16,1943.2,5,2,6.3,1,0,0,1
PO006988,V0013,PACK,CN,0.729,6.6,3.03,21,6008.19,6,2,5.7,1,0,0,1
PO006989,V0098,FINISH,US,0.629,22.7,3.13,10,2929.25,5,5,22.4,6,0,0,1
PO006990,V0096,PACK,DE,0.98,7.3,2.21,18,13508.78,5,1,6.4,6,0,0,1
PO006991,V0004,FINISH,DE,0.824,16.8,3.06,16,4239.63,8,5,16.2,3,0,0,1
PO006992,V0043,RAW,DE,0.98,7.1,1.46,6,19594.85,5,3,6.2,1,1,0,1
PO006993,V0004,FINISH,DE,0.824,16.8,3.06,16,10845.99,8,3,15.2,5,0,0,0
PO006994,V0002,SERVICE,US,0.98,6.3,1.85,11,23919.81,9,1,3.7,1,0,1,1
PO006995,V0047,PACK,US,0.861,6.9,3.57,14,26256.15,9,3,7.8,0,0,1,0
PO006996,V0043,RAW,DE,0.98,7.1,1.46,6,9998.33,2,3,8.8,6,0,0,1
PO006997,V0011,RAW,DE,0.769,12.1,3.55,21,10800.93,7,3,10.0,5,1,1,0
PO006998,V0057,FINISH,US,0.768,15.2,3.8,17,35663.76,7,3,17.3,2,0,0,1
PO006999,V0041,RAW,DE,0.93,9.9,1.69,10,13910.15,4,1,7.4,0,0,0,1
PO007000,V0031,PACK,CN,0.783,6.4,1.1,17,6921.23,5,3,7.8,1,0,0,1
PO007001,V0035,FINISH,CN,0.582,25.3,4.24,15,5414.41,7,4,25.3,0,0,1,0
PO007002,V0044,FINISH,IN,0.629,20.6,1.39,15,7727.38,6,5,16.2,0,1,0,0
PO007003,V0090,RAW,CN,0.774,7.8,3.44,12,15673.28,4,3,7.1,2,0,0,1
PO007004,V0042,FINISH,CN,0.807,23.2,2.12,16,23678.68,0,3,21.2,6,0,1,1
PO007005,V0057,FINISH,US,0.768,15.2,3.8,17,1160.32,5,3,16.1,1,0,0,1
PO007006,V0038,RAW,US,0.858,12.8,2.44,10,28297.01,5,1,11.6,4,0,0,0
PO007007,V0016,FINISH,IN,0.733,18.5,1.44,12,13444.27,5,3,14.9,1,0,1,0
PO007008,V0007,RAW,CN,0.794,7.6,1.78,6,12684.98,4,3,7.5,0,0,0,0
PO007009,V0043,RAW,DE,0.98,7.1,1.46,6,2016.55,4,3,4.1,4,0,0,1
PO007010,V0095,FINISH,US,0.879,19.0,4.51,14,3987.07,3,5,15.9,2,0,1,0
PO007011,V0006,SERVICE,US,0.821,4.0,3.65,13,5476.33,3,2,4.8,0,0,1,1
PO007012,V0089,PACK,MX,0.613,8.8,1.75,13,7990.02,6,1,10.9,3,0,0,1
PO007013,V0094,FINISH,CN,0.66,16.0,4.18,11,1528.79,6,4,14.4,4,0,0,0
PO007014,V0026,RAW,DE,0.898,12.1,4.59,17,84957.7,2,1,10.4,5,0,0,1
PO007015,V0078,RAW,US,0.9,7.8,2.84,11,3412.8,7,3,6.0,5,0,1,0
PO007016,V0064,RAW,CN,0.639,13.8,4.94,17,14431.87,8,3,15.5,6,0,1,1
PO007017,V0008,RAW,DE,0.897,12.8,2.43,12,9787.52,7,2,12.9,1,0,0,1
PO007018,V0022,RAW,DE,0.74,7.3,3.36,17,1290.54,2,3,8.6,4,0,0,0
PO007019,V0038,RAW,US,0.858,12.8,2.44,10,7080.47,8,3,12.3,5,0,0,1
PO007020,V0048,PACK,MX,0.846,9.8,4.62,11,16069.43,3,2,8.2,1,1,0,1
PO007021,V0100,FINISH,US,0.802,15.8,2.59,19,6173.11,7,4,18.5,1,0,0,1
PO007022,V0040,SERVICE,CN,0.742,5.1,2.29,19,863.94,3,1,2.3,2,0,0,1
PO007023,V0069,RAW,DE,0.892,8.6,3.69,16,46299.05,4,2,7.5,5,0,0,1
PO007024,V0052,SERVICE,DE,0.824,6.4,2.72,18,5137.73,5,1,7.4,0,0,0,0
PO007025,V0086,RAW,US,0.712,8.7,1.64,11,3118.6,6,2,7.6,2,1,0,1
PO007026,V0017,FINISH,IN,0.701,19.8,1.89,10,2213.87,5,3,23.9,0,0,0,0
PO007027,V0084,PACK,IN,0.592,5.4,3.15,16,3416.93,8,3,4.1,3,0,0,1
PO007028,V0057,FINISH,US,0.768,15.2,3.8,17,9374.32,8,5,15.7,1,0,0,1
PO007029,V0004,FINISH,DE,0.824,16.8,3.06,16,15089.0,4,3,14.4,1,0,0,1
PO007030,V0067,FINISH,DE,0.709,27.6,4.37,19,73146.67,6,5,26.6,5,1,1,0
PO007031,V0083,RAW,US,0.785,7.8,4.56,16,27198.38,4,2,4.9,1,0,1,1
PO007032,V0010,RAW,IN,0.761,9.5,1.46,20,4120.32,6,2,8.8,3,0,0,1
PO007033,V0065,FINISH,DE,0.79,26.8,4.29,23,4606.56,7,4,25.7,4,0,0,0
PO007034,V0076,RAW,US,0.841,8.0,3.56,11,4239.02,3,2,9.9,0,0,1,1
PO007035,V0034,SERVICE,CN,0.595,3.6,3.07,20,5094.99,6,2,4.8,6,0,1,1
PO007036,V0036,FINISH,IN,0.606,23.8,4.18,21,9034.26,5,3,21.8,4,0,0,0
PO007037,V0024,RAW,DE,0.927,13.5,4.51,12,4190.01,3,4,12.5,1,0,0,1
PO007038,V0068,RAW,DE,0.98,7.4,4.46,20,11897.05,5,4,8.7,6,1,0,1
PO007039,V0035,FINISH,CN,0.582,25.3,4.24,15,33767.54,9,5,24.3,4,0,0,0
PO007040,V0049,RAW,US,0.878,7.5,2.28,20,8596.52,3,2,7.5,5,0,0,1
PO007041,V0081,PACK,CN,0.884,5.2,2.01,15,1704.99,6,2,6.7,5,0,0,1
PO007042,V0067,FINISH,DE,0.709,27.6,4.37,19,13666.69,4,5,28.3,1,0,0,1
PO007043,V0055,PACK,CN,0.619,8.4,4.01,9,5630.87,2,2,8.4,5,0,0,1
PO007044,V0055,PACK,CN,0.619,8.4,4.01,9,40141.04,10,1,7.1,4,1,0,1
PO007045,V0066,PACK,CN,0.769,9.7,4.46,6,1342.1,7,3,11.3,2,0,0,1
PO007046,V0097,FINISH,US,0.933,26.7,3.5,16,6240.31,1,5,27.7,4,1,0,1
PO007047,V0088,FINISH,MX,0.697,25.4,2.03,11,5754.3,4,4,27.5,0,0,0,0
PO007048,V0009,FINISH,US,0.782,14.1,4.26,17,36395.99,2,5,14.8,4,0,0,0
PO007049,V0004,FINISH,DE,0.824,16.8,3.06,16,4243.52,1,4,16.2,2,0,1,1
PO007050,V0028,RAW,CN,0.649,12.0,1.95,13,49162.49,5,1,14.2,3,0,1,1
PO007051,V0067,FINISH,DE,0.709,27.6,4.37,19,2834.59,3,5,25.9,5,1,0,0
PO007052,V0037,RAW,DE,0.831,10.3,3.17,12,10392.31,7,2,8.2,3,0,0,1
PO007053,V0087,FINISH,US,0.855,19.7,4.93,9,6585.4,6,4,19.3,6,0,1,1
PO007054,V0072,RAW,CN,0.817,8.0,1.06,13,3696.36,7,3,9.0,4,0,0,0
PO007055,V0081,PACK,CN,0.884,5.2,2.01,15,11092.75,7,4,7.2,3,0,0,0
PO007056,V0003,PACK,DE,0.708,8.1,1.56,12,704.88,4,2,5.4,1,0,0,0
PO007057,V0089,PACK,MX,0.613,8.8,1.75,13,33221.98,2,1,9.9,6,0,0,1
PO007058,V0080,FINISH,IN,0.721,16.6,1.84,13,15083.81,3,5,17.0,1,0,0,1
PO007059,V0021,FINISH,US,0.98,22.9,3.14,9,1209.8,0,4,24.2,1,0,0,1
PO007060,V0078,RAW,US,0.9,7.8,2.84,11,6109.41,4,2,8.0,5,0,0,1
PO007061,V0021,FINISH,US,0.98,22.9,3.14,9,2717.11,7,4,22.6,6,0,0,0
PO007062,V0028,RAW,CN,0.649,12.0,1.95,13,10049.7,4,2,14.0,5,0,0,0
PO007063,V0030,PACK,MX,0.97,9.5,3.52,19,6043.05,4,3,9.5,3,0,0,1
PO007064,V0087,FINISH,US,0.855,19.7,4.93,9,3957.91,3,5,18.6,5,0,0,1
PO007065,V0076,RAW,US,0.841,8.0,3.56,11,2142.23,4,2,5.5,3,0,1,0
PO007066,V0059,PACK,IN,0.786,5.6,2.97,7,14342.33,7,2,3.3,0,0,0,0
PO007067,V0064,RAW,CN,0.639,13.8,4.94,17,18370.57,8,5,14.1,4,1,0,0
PO007068,V0031,PACK,CN,0.783,6.4,1.1,17,28350.79,5,2,5.6,4,0,0,0
PO007069,V0092,FINISH,US,0.855,24.6,3.38,15,17160.14,4,5,24.0,1,0,0,1
PO007070,V0082,PACK,US,0.825,7.7,1.97,12,9207.39,1,2,10.4,6,0,0,1
PO007071,V0035,FINISH,CN,0.582,25.3,4.24,15,21870.55,5,3,22.7,4,0,0,0
PO007072,V0066,PACK,CN,0.769,9.7,4.46,6,13940.32,6,4,4.9,6,0,0,1
PO007073,V0100,FINISH,US,0.802,15.8,2.59,19,126395.38,7,4,16.2,0,0,0,0
PO007074,V0058,SERVICE,US,0.874,4.5,2.48,13,4510.25,6,2,3.6,4,1,0,0
PO007075,V0091,PACK,US,0.785,6.7,1.54,13,1539.35,8,3,4.5,6,0,0,1
PO007076,V0030,PACK,MX,0.97,9.5,3.52,19,8008.86,7,4,8.6,1,1,0,1
PO007077,V0033,RAW,IN,0.721,13.6,3.78,16,11308.77,6,2,9.7,5,0,0,1
PO007078,V0100,FINISH,US,0.802,15.8,2.59,19,1474.01,4,4,15.1,5,0,0,0
PO007079,V0055,PACK,CN,0.619,8.4,4.01,9,1751.24,11,3,6.0,6,1,0,1
PO007080,V0014,FINISH,DE,0.85,17.2,1.31,12,11422.5,4,5,15.7,1,0,0,1
PO007081,V0010,RAW,IN,0.761,9.5,1.46,20,14329.2,7,5,9.4,3,0,0,1
PO007082,V0040,SERVICE,CN,0.742,5.1,2.29,19,16714.32,3,2,6.2,2,0,0,0
PO007083,V0006,SERVICE,US,0.821,4.0,3.65,13,47769.19,2,2,2.7,6,0,0,1
PO007084,V0005,RAW,CN,0.66,11.8,2.76,10,3478.03,5,1,11.1,2,0,0,1
PO007085,V0074,SERVICE,IN,0.772,3.6,4.71,15,7129.41,6,2,1.9,5,1,0,1
PO007086,V0069,RAW,DE,0.892,8.6,3.69,16,16109.71,4,1,10.9,2,0,0,1
PO007087,V0057,FINISH,US,0.768,15.2,3.8,17,1721.0,8,3,12.0,4,0,0,0
PO007088,V0036,FINISH,IN,0.606,23.8,4.18,21,13058.29,6,4,24.2,3,0,0,1
PO007089,V0046,FINISH,CN,0.577,23.2,1.65,8,3043.4,6,5,24.0,1,1,0,0
PO007090,V0034,SERVICE,CN,0.595,3.6,3.07,20,40204.93,2,2,5.1,5,0,0,0
PO007091,V0076,RAW,US,0.841,8.0,3.56,11,5460.31,8,2,6.7,5,0,0,1
PO007092,V0037,RAW,DE,0.831,10.3,3.17,12,26094.84,3,4,12.6,3,0,1,0
PO007093,V0022,RAW,DE,0.74,7.3,3.36,17,4505.97,7,2,7.9,0,0,0,1
PO007094,V0081,PACK,CN,0.884,5.2,2.01,15,60706.79,4,1,8.2,3,0,0,1
PO007095,V0040,SERVICE,CN,0.742,5.1,2.29,19,29584.44,4,2,4.6,3,0,0,0
PO007096,V0037,RAW,DE,0.831,10.3,3.17,12,5072.32,3,1,10.1,1,0,0,1
PO007097,V0035,FINISH,CN,0.582,25.3,4.24,15,2209.37,6,3,23.8,5,0,0,0
PO007098,V0009,FINISH,US,0.782,14.1,4.26,17,16540.27,3,3,16.9,1,0,0,1
PO007099,V0093,SERVICE,DE,0.917,6.8,1.72,8,279.22,5,1,5.3,2,0,0,0
PO007100,V0051,FINISH,CN,0.637,24.5,4.23,13,12177.03,4,5,25.8,1,0,0,0
PO007101,V0059,PACK,IN,0.786,5.6,2.97,7,2252.02,7,3,6.7,2,0,0,1
PO007102,V0042,FINISH,CN,0.807,23.2,2.12,16,857.48,4,4,18.7,6,0,0,1
PO007103,V0088,FINISH,MX,0.697,25.4,2.03,11,8551.43,3,5,26.6,5,0,0,1
PO007104,V0009,FINISH,US,0.782,14.1,4.26,17,449730.48,6,3,16.3,3,0,0,1
PO007105,V0085,RAW,DE,0.792,11.5,3.28,16,2422.7,3,3,13.7,1,0,0,1
PO007106,V0017,FINISH,IN,0.701,19.8,1.89,10,3551.55,7,4,21.0,5,0,0,1
PO007107,V0046,FINISH,CN,0.577,23.2,1.65,8,1721.44,7,3,18.9,5,0,0,1
PO007108,V0075,SERVICE,DE,0.673,5.5,1.96,8,8592.22,6,1,7.9,6,1,0,0
PO007109,V0045,PACK,US,0.98,8.2,1.18,13,32079.03,3,4,9.1,0,0,0,1
PO007110,V0002,SERVICE,US,0.98,6.3,1.85,11,2291.84,5,1,11.0,1,0,0,0
PO007111,V0008,RAW,DE,0.897,12.8,2.43,12,8345.43,4,5,10.3,6,0,1,0
PO007112,V0003,PACK,DE,0.708,8.1,1.56,12,107053.06,3,3,8.2,0,0,0,1
PO007113,V0098,FINISH,US,0.629,22.7,3.13,10,1679.7,7,3,24.3,3,0,0,1
PO007114,V0094,FINISH,CN,0.66,16.0,4.18,11,61873.75,3,3,13.4,4,0,0,0
PO007115,V0006,SERVICE,US,0.821,4.0,3.65,13,6500.09,5,1,3.1,3,0,0,0
PO007116,V0081,PACK,CN,0.884,5.2,2.01,15,30414.7,3,2,5.8,0,0,0,1
PO007117,V0051,FINISH,CN,0.637,24.5,4.23,13,2788.54,7,4,23.1,0,0,0,0
PO007118,V0070,FINISH,US,0.901,21.3,4.09,15,4362.1,8,5,24.4,5,0,0,1
PO007119,V0020,PACK,US,0.98,9.9,1.97,17,1705.27,6,2,13.1,1,0,1,1
PO007120,V0003,PACK,DE,0.708,8.1,1.56,12,7588.0,6,1,6.0,3,0,0,0
PO007121,V0036,FINISH,IN,0.606,23.8,4.18,21,12698.3,5,5,24.9,5,0,0,0
PO007122,V0076,RAW,US,0.841,8.0,3.56,11,1434.64,6,3,6.6,6,0,0,1
PO007123,V0086,RAW,US,0.712,8.7,1.64,11,170413.9,8,2,8.2,5,0,1,1
PO007124,V0052,SERVICE,DE,0.824,6.4,2.72,18,2097.29,4,1,10.1,2,0,0,1
PO007125,V0018,RAW,MX,0.757,10.6,3.81,25,10993.76,10,1,14.7,2,0,0,1
PO007126,V0003,PACK,DE,0.708,8.1,1.56,12,6803.01,6,3,10.5,6,0,0,1
PO007127,V0030,PACK,MX,0.97,9.5,3.52,19,3034.05,5,3,8.8,4,0,0,1
PO007128,V0067,FINISH,DE,0.709,27.6,4.37,19,65159.86,5,4,27.5,0,1,1,0
PO007129,V0054,RAW,MX,0.782,9.2,4.8,24,59741.87,3,1,9.0,0,0,0,1
PO007130,V0002,SERVICE,US,0.98,6.3,1.85,11,4785.36,4,2,5.5,3,0,0,1
PO007131,V0070,FINISH,US,0.901,21.3,4.09,15,18079.5,5,4,22.5,2,0,1,0
PO007132,V0069,RAW,DE,0.892,8.6,3.69,16,1373.77,8,1,9.6,2,0,0,1
PO007133,V0003,PACK,DE,0.708,8.1,1.56,12,1231.96,4,1,8.5,0,0,0,0
PO007134,V0025,PACK,IN,0.539,5.5,4.59,21,5157.42,3,5,4.4,4,0,1,0
PO007135,V0037,RAW,DE,0.831,10.3,3.17,12,20654.62,5,3,13.2,2,0,0,1
PO007136,V0044,FINISH,IN,0.629,20.6,1.39,15,57541.51,3,3,18.9,1,1,0,0
PO007137,V0077,PACK,IN,0.601,6.0,1.16,11,28318.5,7,3,1.6,5,0,1,1
PO007138,V0080,FINISH,IN,0.721,16.6,1.84,13,22202.38,4,3,17.2,0,0,0,0
PO007139,V0021,FINISH,US,0.98,22.9,3.14,9,2268.82,4,4,24.3,5,0,1,1
PO007140,V0004,FINISH,DE,0.824,16.8,3.06,16,12155.01,4,5,15.7,1,0,1,0
PO007141,V0093,SERVICE,DE,0.917,6.8,1.72,8,9716.38,6,1,4.1,4,0,1,1
PO007142,V0008,RAW,DE,0.897,12.8,2.43,12,8041.52,5,2,10.1,1,0,0,1
PO007143,V0013,PACK,CN,0.729,6.6,3.03,21,2947.3,3,5,5.1,6,1,0,1
PO007144,V0014,FINISH,DE,0.85,17.2,1.31,12,7476.41,7,4,17.9,5,0,0,1
PO007145,V0043,RAW,DE,0.98,7.1,1.46,6,3517.62,8,1,8.1,6,1,0,0
PO007146,V0100,FINISH,US,0.802,15.8,2.59,19,2407.81,4,3,15.7,5,1,0,1
PO007147,V0087,FINISH,US,0.855,19.7,4.93,9,33873.97,6,3,17.8,1,0,0,1
PO007148,V0030,PACK,MX,0.97,9.5,3.52,19,11204.57,6,3,11.1,4,0,0,1
PO007149,V0049,RAW,US,0.878,7.5,2.28,20,244.0,3,3,7.1,0,0,1,1
PO007150,V0100,FINISH,US,0.802,15.8,2.59,19,36894.13,4,5,12.0,5,0,0,0
PO007151,V0015,FINISH,MX,0.872,25.3,1.75,21,23551.09,5,4,28.5,3,0,0,1
PO007152,V0045,PACK,US,0.98,8.2,1.18,13,10229.1,5,2,9.1,6,0,0,1
PO007153,V0088,FINISH,MX,0.697,25.4,2.03,11,24077.6,9,3,26.8,6,0,0,1
PO007154,V0098,FINISH,US,0.629,22.7,3.13,10,66546.57,4,3,18.8,5,1,0,0
PO007155,V0086,RAW,US,0.712,8.7,1.64,11,29794.5,6,1,5.7,3,0,0,0
PO007156,V0013,PACK,CN,0.729,6.6,3.03,21,89573.89,8,3,6.2,2,0,1,0
PO007157,V0032,SERVICE,MX,0.694,6.7,2.48,12,2313.52,6,1,9.0,5,0,0,0
PO007158,V0086,RAW,US,0.712,8.7,1.64,11,5189.39,6,2,9.9,1,1,0,1
PO007159,V0085,RAW,DE,0.792,11.5,3.28,16,447974.46,5,5,13.3,6,0,0,1
PO007160,V0001,SERVICE,DE,0.945,3.6,1.62,16,3801.53,2,1,6.5,0,0,0,1
PO007161,V0009,FINISH,US,0.782,14.1,4.26,17,10031.9,8,3,13.1,6,0,0,1
PO007162,V0091,PACK,US,0.785,6.7,1.54,13,21921.96,4,1,5.1,4,0,0,0
PO007163,V0013,PACK,CN,0.729,6.6,3.03,21,6077.73,5,2,5.9,6,0,1,0
PO007164,V0053,SERVICE,US,0.98,4.3,4.58,14,1895.28,6,1,7.2,4,0,1,1
PO007165,V0012,FINISH,US,0.73,24.7,3.25,18,21109.01,4,3,22.5,6,0,0,0
PO007166,V0048,PACK,MX,0.846,9.8,4.62,11,47014.93,4,1,9.5,1,0,0,1
PO007167,V0085,RAW,DE,0.792,11.5,3.28,16,51898.72,6,1,13.2,3,1,0,0
PO007168,V0086,RAW,US,0.712,8.7,1.64,11,19998.21,3,2,9.1,0,0,1,1
PO007169,V0018,RAW,MX,0.757,10.6,3.81,25,8533.99,4,5,7.7,2,0,0,0
PO007170,V0075,SERVICE,DE,0.673,5.5,1.96,8,12574.96,4,2,5.2,0,0,0,0
PO007171,V0088,FINISH,MX,0.697,25.4,2.03,11,1916.83,4,3,22.1,1,1,0,0
PO007172,V0005,RAW,CN,0.66,11.8,2.76,10,3089.51,5,2,10.9,4,0,0,1
PO007173,V0071,PACK,CN,0.695,5.7,1.12,18,10216.01,6,3,4.4,1,0,0,1
PO007174,V0074,SERVICE,IN,0.772,3.6,4.71,15,3373.85,6,1,2.1,0,0,0,0
PO007175,V0079,FINISH,CN,0.65,26.2,4.68,7,3503.53,7,5,25.7,2,1,0,0
PO007176,V0051,FINISH,CN,0.637,24.5,4.23,13,896.58,4,3,22.8,2,0,1,1
PO007177,V0006,SERVICE,US,0.821,4.0,3.65,13,10040.69,1,2,5.2,4,0,0,1
PO007178,V0079,FINISH,CN,0.65,26.2,4.68,7,3265.69,5,5,26.7,0,0,0,1
PO007179,V0071,PACK,CN,0.695,5.7,1.12,18,21173.38,7,3,4.0,3,0,0,0
PO007180,V0098,FINISH,US,0.629,22.7,3.13,10,20607.42,7,4,21.3,2,0,1,0
PO007181,V0075,SERVICE,DE,0.673,5.5,1.96,8,4565.98,5,2,5.2,6,0,0,1
PO007182,V0065,FINISH,DE,0.79,26.8,4.29,23,286.14,5,5,29.2,4,0,0,1
PO007183,V0067,FINISH,DE,0.709,27.6,4.37,19,3333.11,4,5,29.2,3,0,0,1
PO007184,V0037,RAW,DE,0.831,10.3,3.17,12,10478.46,10,2,10.2,6,0,0,0
PO007185,V0020,PACK,US,0.98,9.9,1.97,17,8682.26,8,2,6.8,3,0,0,1
PO007186,V0002,SERVICE,US,0.98,6.3,1.85,11,24874.72,6,2,6.9,6,0,0,1
PO007187,V0086,RAW,US,0.712,8.7,1.64,11,24016.62,6,2,7.7,0,0,0,1
PO007188,V0086,RAW,US,0.712,8.7,1.64,11,3500.34,6,1,8.5,5,0,0,1
PO007189,V0055,PACK,CN,0.619,8.4,4.01,9,8980.98,3,4,9.2,1,0,0,1
PO007190,V0079,FINISH,CN,0.65,26.2,4.68,7,58857.82,2,5,25.4,3,0,0,0
PO007191,V0072,RAW,CN,0.817,8.0,1.06,13,2616.64,3,2,6.5,2,0,0,1
PO007192,V0085,RAW,DE,0.792,11.5,3.28,16,1655.59,6,4,10.5,2,1,1,0
PO007193,V0018,RAW,MX,0.757,10.6,3.81,25,108682.48,5,1,11.8,3,0,0,1
PO007194,V0050,RAW,IN,0.638,7.8,3.79,16,32986.18,4,1,9.4,4,0,0,1
PO007195,V0019,RAW,DE,0.886,7.4,2.11,21,791.23,6,3,11.0,5,0,0,0
PO007196,V0025,PACK,IN,0.539,5.5,4.59,21,1368.66,4,2,9.3,4,0,1,0
PO007197,V0062,FINISH,DE,0.881,22.2,4.6,6,11007.04,7,5,20.1,6,0,0,0
PO007198,V0056,PACK,US,0.729,7.2,4.55,13,15240.94,4,2,6.4,5,0,0,1
PO007199,V0019,RAW,DE,0.886,7.4,2.11,21,5953.74,3,1,7.2,4,0,0,1
PO007200,V0006,SERVICE,US,0.821,4.0,3.65,13,863.87,5,2,4.6,6,1,0,1
PO007201,V0070,FINISH,US,0.901,21.3,4.09,15,17303.28,2,4,17.8,6,0,0,0
PO007202,V0066,PACK,CN,0.769,9.7,4.46,6,10580.24,3,3,11.8,0,0,0,1
PO007203,V0048,PACK,MX,0.846,9.8,4.62,11,3815.39,8,2,10.3,0,0,1,0
PO007204,V0052,SERVICE,DE,0.824,6.4,2.72,18,20376.19,6,1,8.6,3,0,0,1
PO007205,V0010,RAW,IN,0.761,9.5,1.46,20,3874.04,4,1,7.0,6,0,0,1
PO007206,V0033,RAW,IN,0.721,13.6,3.78,16,5648.92,4,1,13.9,2,0,0,0
PO007207,V0008,RAW,DE,0.897,12.8,2.43,12,18891.19,3,1,13.2,2,1,0,1
PO007208,V0059,PACK,IN,0.786,5.6,2.97,7,10385.81,5,1,5.6,0,0,0,1
PO007209,V0039,RAW,IN,0.627,7.4,3.13,15,1680.83,6,5,6.0,3,0,0,0
PO007210,V0046,FINISH,CN,0.577,23.2,1.65,8,6695.52,9,3,21.9,5,0,0,0
PO007211,V0059,PACK,IN,0.786,5.6,2.97,7,5839.64,7,1,5.9,2,0,0,1
PO007212,V0011,RAW,DE,0.769,12.1,3.55,21,16048.9,4,4,11.7,3,0,0,1
PO007213,V0030,PACK,MX,0.97,9.5,3.52,19,6321.99,2,3,13.7,0,1,0,1
PO007214,V0013,PACK,CN,0.729,6.6,3.03,21,1257.65,4,1,7.5,0,0,0,1
PO007215,V0094,FINISH,CN,0.66,16.0,4.18,11,13829.96,6,4,12.6,2,1,0,0
PO007216,V0068,RAW,DE,0.98,7.4,4.46,20,132901.62,5,1,7.4,1,0,0,1
PO007217,V0080,FINISH,IN,0.721,16.6,1.84,13,25822.46,3,4,14.5,3,0,0,0
PO007218,V0020,PACK,US,0.98,9.9,1.97,17,80605.88,5,2,9.7,6,0,1,1
PO007219,V0079,FINISH,CN,0.65,26.2,4.68,7,9231.88,6,3,25.6,1,0,0,1
PO007220,V0029,FINISH,CN,0.802,15.3,2.47,12,9389.96,10,3,16.1,4,0,0,1
PO007221,V0001,SERVICE,DE,0.945,3.6,1.62,16,4104.62,4,1,4.3,6,0,0,1
PO007222,V0062,FINISH,DE,0.881,22.2,4.6,6,2893.82,4,4,23.3,3,0,0,0
PO007223,V0002,SERVICE,US,0.98,6.3,1.85,11,6240.35,3,1,3.1,1,0,0,1
PO007224,V0087,FINISH,US,0.855,19.7,4.93,9,6827.35,4,4,22.4,5,1,0,1
PO007225,V0046,FINISH,CN,0.577,23.2,1.65,8,15168.17,6,4,24.5,0,0,0,0
PO007226,V0033,RAW,IN,0.721,13.6,3.78,16,483.07,3,2,11.7,2,0,0,1
PO007227,V0028,RAW,CN,0.649,12.0,1.95,13,12044.77,5,2,12.0,2,0,0,0
PO007228,V0099,FINISH,US,0.857,24.7,4.51,13,1282.94,3,5,24.8,2,0,1,0
PO007229,V0088,FINISH,MX,0.697,25.4,2.03,11,15364.19,3,4,24.2,3,0,0,1
PO007230,V0035,FINISH,CN,0.582,25.3,4.24,15,7216.96,4,5,25.9,4,0,1,1
PO007231,V0042,FINISH,CN,0.807,23.2,2.12,16,39417.6,4,3,25.7,2,0,0,0
PO007232,V0014,FINISH,DE,0.85,17.2,1.31,12,2543.95,3,4,16.3,3,0,0,1
PO007233,V0051,FINISH,CN,0.637,24.5,4.23,13,1157.5,6,5,27.7,2,0,1,0
PO007234,V0018,RAW,MX,0.757,10.6,3.81,25,24642.95,4,2,7.2,1,0,0,1
PO007235,V0061,FINISH,US,0.872,15.0,3.22,16,11242.58,1,4,11.1,3,0,0,0
PO007236,V0039,RAW,IN,0.627,7.4,3.13,15,11724.91,2,2,6.8,6,0,0,1
PO007237,V0031,PACK,CN,0.783,6.4,1.1,17,4160.77,5,2,10.7,2,0,0,1
PO007238,V0099,FINISH,US,0.857,24.7,4.51,13,2098.22,1,4,26.6,5,0,1,1
PO007239,V0028,RAW,CN,0.649,12.0,1.95,13,960.82,4,5,11.5,6,1,0,0
PO007240,V0026,RAW,DE,0.898,12.1,4.59,17,55059.91,5,3,12.9,2,0,0,0
PO007241,V0025,PACK,IN,0.539,5.5,4.59,21,9261.95,4,2,5.2,2,0,0,1
PO007242,V0008,RAW,DE,0.897,12.8,2.43,12,5489.19,7,2,14.0,1,0,0,1
PO007243,V0069,RAW,DE,0.892,8.6,3.69,16,5380.27,4,1,13.4,3,0,1,0
PO007244,V0013,PACK,CN,0.729,6.6,3.03,21,4103.84,7,3,7.5,0,0,0,1
PO007245,V0015,FINISH,MX,0.872,25.3,1.75,21,12739.83,7,3,23.7,5,0,0,1
PO007246,V0040,SERVICE,CN,0.742,5.1,2.29,19,4240.38,5,1,2.5,1,0,0,1
PO007247,V0059,PACK,IN,0.786,5.6,2.97,7,61253.89,2,4,7.2,5,0,0,0
PO007248,V0084,PACK,IN,0.592,5.4,3.15,16,6846.62,9,3,7.6,2,0,0,0
PO007249,V0008,RAW,DE,0.897,12.8,2.43,12,46024.55,7,3,11.5,2,0,0,0
PO007250,V0080,FINISH,IN,0.721,16.6,1.84,13,18821.73,6,3,15.9,4,0,0,0
PO007251,V0073,PACK,DE,0.853,7.6,4.13,14,5195.11,5,2,7.2,1,1,0,1
PO007252,V0025,PACK,IN,0.539,5.5,4.59,21,22653.45,4,4,4.4,6,0,1,0
PO007253,V0095,FINISH,US,0.879,19.0,4.51,14,18991.08,3,3,19.6,2,0,0,1
PO007254,V0066,PACK,CN,0.769,9.7,4.46,6,71118.57,7,4,9.0,1,0,0,0
PO007255,V0007,RAW,CN,0.794,7.6,1.78,6,3169.72,6,1,8.7,1,0,0,0
PO007256,V0007,RAW,CN,0.794,7.6,1.78,6,1069.17,4,2,4.3,0,1,1,0
PO007257,V0035,FINISH,CN,0.582,25.3,4.24,15,4521.05,5,3,26.6,2,1,1,0
PO007258,V0055,PACK,CN,0.619,8.4,4.01,9,3359.05,8,2,8.5,6,1,0,0
PO007259,V0026,RAW,DE,0.898,12.1,4.59,17,33407.64,6,2,10.3,0,0,0,1
PO007260,V0015,FINISH,MX,0.872,25.3,1.75,21,70470.14,7,4,27.4,3,0,0,1
PO007261,V0100,FINISH,US,0.802,15.8,2.59,19,2401.33,3,3,14.8,1,0,0,1
PO007262,V0006,SERVICE,US,0.821,4.0,3.65,13,15792.27,7,2,2.0,5,0,1,1
PO007263,V0099,FINISH,US,0.857,24.7,4.51,13,13521.68,5,3,24.4,3,0,0,1
PO007264,V0041,RAW,DE,0.93,9.9,1.69,10,3050.92,11,3,4.8,5,0,0,1
PO007265,V0058,SERVICE,US,0.874,4.5,2.48,13,16167.17,8,2,3.7,6,0,0,0
PO007266,V0073,PACK,DE,0.853,7.6,4.13,14,6909.91,5,4,8.4,4,0,0,1
PO007267,V0065,FINISH,DE,0.79,26.8,4.29,23,673.5,7,4,27.0,3,0,0,1
PO007268,V0039,RAW,IN,0.627,7.4,3.13,15,6635.45,7,1,9.1,3,0,0,1
PO007269,V0049,RAW,US,0.878,7.5,2.28,20,13282.12,1,5,9.5,5,0,0,1
PO007270,V0070,FINISH,US,0.901,21.3,4.09,15,72253.83,10,4,21.1,5,0,0,1
PO007271,V0073,PACK,DE,0.853,7.6,4.13,14,18161.8,7,3,3.8,5,1,0,1
PO007272,V0048,PACK,MX,0.846,9.8,4.62,11,32916.66,6,2,12.7,5,0,0,1
PO007273,V0008,RAW,DE,0.897,12.8,2.43,12,4324.36,4,5,9.5,3,0,0,1
PO007274,V0007,RAW,CN,0.794,7.6,1.78,6,12908.06,6,3,7.8,2,0,1,0
PO007275,V0091,PACK,US,0.785,6.7,1.54,13,12461.84,5,3,4.4,0,0,0,0
PO007276,V0084,PACK,IN,0.592,5.4,3.15,16,14403.37,3,3,7.0,4,0,0,1
PO007277,V0020,PACK,US,0.98,9.9,1.97,17,20560.87,5,1,9.7,3,0,0,1
PO007278,V0050,RAW,IN,0.638,7.8,3.79,16,2672.42,3,3,7.9,5,1,0,0
PO007279,V0039,RAW,IN,0.627,7.4,3.13,15,58859.34,3,1,10.2,1,1,1,0
PO007280,V0008,RAW,DE,0.897,12.8,2.43,12,23010.76,3,4,12.0,6,0,0,1
PO007281,V0050,RAW,IN,0.638,7.8,3.79,16,3880.48,9,1,8.9,2,0,0,0
PO007282,V0089,PACK,MX,0.613,8.8,1.75,13,20726.7,7,1,10.4,1,0,0,1
PO007283,V0099,FINISH,US,0.857,24.7,4.51,13,4873.53,3,5,23.6,4,0,0,1
PO007284,V0063,FINISH,MX,0.98,17.9,1.75,15,3701.54,3,3,20.6,0,0,0,1
PO007285,V0037,RAW,DE,0.831,10.3,3.17,12,29261.47,13,4,10.6,5,0,1,0
PO007286,V0074,SERVICE,IN,0.772,3.6,4.71,15,2220.62,5,2,1.0,0,0,1,0
PO007287,V0003,PACK,DE,0.708,8.1,1.56,12,13216.12,8,4,6.5,1,0,0,0
PO007288,V0070,FINISH,US,0.901,21.3,4.09,15,13871.03,4,3,20.4,2,0,0,1
PO007289,V0024,RAW,DE,0.927,13.5,4.51,12,129922.02,3,3,13.6,0,1,0,1
PO007290,V0008,RAW,DE,0.897,12.8,2.43,12,2790.5,7,2,13.0,4,0,1,0
PO007291,V0035,FINISH,CN,0.582,25.3,4.24,15,8671.61,10,4,25.3,0,0,0,1
PO007292,V0014,FINISH,DE,0.85,17.2,1.31,12,108348.46,2,5,20.0,6,0,1,0
PO007293,V0006,SERVICE,US,0.821,4.0,3.65,13,38148.72,4,1,6.5,0,0,0,0
PO007294,V0050,RAW,IN,0.638,7.8,3.79,16,7830.82,3,1,7.9,0,0,0,1
PO007295,V0032,SERVICE,MX,0.694,6.7,2.48,12,39300.81,4,1,4.2,4,0,0,1
PO007296,V0053,SERVICE,US,0.98,4.3,4.58,14,12545.43,4,1,4.5,6,0,0,1
PO007297,V0069,RAW,DE,0.892,8.6,3.69,16,1288.38,5,1,10.0,4,0,0,1
PO007298,V0058,SERVICE,US,0.874,4.5,2.48,13,5751.1,4,1,1.4,1,0,0,0
PO007299,V0012,FINISH,US,0.73,24.7,3.25,18,19673.53,2,4,27.6,4,0,0,0
PO007300,V0012,FINISH,US,0.73,24.7,3.25,18,12844.44,7,3,25.4,2,0,1,0
PO007301,V0021,FINISH,US,0.98,22.9,3.14,9,13639.73,2,4,20.0,4,0,0,0
PO007302,V0014,FINISH,DE,0.85,17.2,1.31,12,6156.53,7,5,17.5,6,1,0,1
PO007303,V0085,RAW,DE,0.792,11.5,3.28,16,10563.28,9,2,7.7,4,1,0,1
PO007304,V0055,PACK,CN,0.619,8.4,4.01,9,2750.32,5,2,8.3,0,0,0,1
PO007305,V0098,FINISH,US,0.629,22.7,3.13,10,3751.36,5,4,21.4,6,0,0,0
PO007306,V0021,FINISH,US,0.98,22.9,3.14,9,17630.53,6,4,21.8,1,0,1,1
PO007307,V0017,FINISH,IN,0.701,19.8,1.89,10,5801.0,2,3,17.3,2,0,0,1
PO007308,V0063,FINISH,MX,0.98,17.9,1.75,15,95775.74,4,3,17.4,3,0,0,1
PO007309,V0087,FINISH,US,0.855,19.7,4.93,9,39820.82,2,4,17.6,1,0,0,0
PO007310,V0053,SERVICE,US,0.98,4.3,4.58,14,5569.77,3,2,4.9,6,0,0,1
PO007311,V0063,FINISH,MX,0.98,17.9,1.75,15,3787.97,6,4,19.0,5,1,0,1
PO007312,V0091,PACK,US,0.785,6.7,1.54,13,491.66,6,2,9.3,2,1,1,0
PO007313,V0052,SERVICE,DE,0.824,6.4,2.72,18,19571.18,4,1,4.6,5,0,0,1
PO007314,V0087,FINISH,US,0.855,19.7,4.93,9,1194.58,3,3,19.6,0,0,0,1
PO007315,V0092,FINISH,US,0.855,24.6,3.38,15,8813.39,2,4,23.8,2,0,0,0
PO007316,V0068,RAW,DE,0.98,7.4,4.46,20,1071.42,3,3,5.8,6,0,0,1
PO007317,V0060,FINISH,US,0.834,24.4,3.33,25,11978.87,7,5,19.9,4,0,0,0
PO007318,V0045,PACK,US,0.98,8.2,1.18,13,13815.22,5,1,7.8,1,0,0,1
PO007319,V0043,RAW,DE,0.98,7.1,1.46,6,11217.71,5,4,4.9,3,0,0,1
PO007320,V0086,RAW,US,0.712,8.7,1.64,11,9562.53,3,3,9.8,3,0,1,1
PO007321,V0004,FINISH,DE,0.824,16.8,3.06,16,6144.67,7,5,15.3,0,0,0,0
PO007322,V0014,FINISH,DE,0.85,17.2,1.31,12,4151.97,7,3,16.7,2,0,0,1
PO007323,V0081,PACK,CN,0.884,5.2,2.01,15,5501.87,6,1,3.6,6,0,0,1
PO007324,V0042,FINISH,CN,0.807,23.2,2.12,16,3061.43,4,3,23.1,5,0,0,1
PO007325,V0069,RAW,DE,0.892,8.6,3.69,16,45257.05,4,3,9.9,3,0,0,1
PO007326,V0072,RAW,CN,0.817,8.0,1.06,13,1310.91,8,3,8.7,6,0,1,1
PO007327,V0012,FINISH,US,0.73,24.7,3.25,18,8748.8,7,4,22.3,3,1,0,1
PO007328,V0044,FINISH,IN,0.629,20.6,1.39,15,810.11,3,3,22.6,1,0,0,1
PO007329,V0010,RAW,IN,0.761,9.5,1.46,20,1653.65,9,2,8.9,5,1,0,1
PO007330,V0008,RAW,DE,0.897,12.8,2.43,12,1384.21,5,3,11.7,2,0,1,0
PO007331,V0037,RAW,DE,0.831,10.3,3.17,12,9031.79,2,1,9.6,3,0,0,0
PO007332,V0028,RAW,CN,0.649,12.0,1.95,13,7597.89,4,2,11.6,3,0,0,1
PO007333,V0084,PACK,IN,0.592,5.4,3.15,16,12633.39,10,4,8.0,3,0,0,1
PO007334,V0077,PACK,IN,0.601,6.0,1.16,11,16916.82,5,1,6.7,4,0,0,0
PO007335,V0021,FINISH,US,0.98,22.9,3.14,9,1214.08,6,5,22.1,4,0,1,1
PO007336,V0021,FINISH,US,0.98,22.9,3.14,9,31987.85,3,5,23.3,5,0,1,1
PO007337,V0038,RAW,US,0.858,12.8,2.44,10,10618.24,6,2,11.7,0,0,0,1
PO007338,V0040,SERVICE,CN,0.742,5.1,2.29,19,14331.49,4,1,3.5,6,0,0,0
PO007339,V0028,RAW,CN,0.649,12.0,1.95,13,7795.11,11,5,14.2,3,0,0,0
PO007340,V0063,FINISH,MX,0.98,17.9,1.75,15,8626.74,9,4,13.0,4,0,1,0
PO007341,V0011,RAW,DE,0.769,12.1,3.55,21,19899.78,2,2,12.4,4,0,0,0
PO007342,V0077,PACK,IN,0.601,6.0,1.16,11,8842.92,9,2,5.1,4,0,0,1
PO007343,V0015,FINISH,MX,0.872,25.3,1.75,21,118233.28,3,5,24.4,3,0,0,0
PO007344,V0024,RAW,DE,0.927,13.5,4.51,12,2367.37,2,3,10.5,0,0,1,0
PO007345,V0042,FINISH,CN,0.807,23.2,2.12,16,3161.82,1,3,21.6,6,0,0,1
PO007346,V0043,RAW,DE,0.98,7.1,1.46,6,2162.89,2,2,8.3,3,0,0,1
PO007347,V0001,SERVICE,DE,0.945,3.6,1.62,16,6331.76,5,1,1.1,2,0,0,1
PO007348,V0083,RAW,US,0.785,7.8,4.56,16,3398.96,6,4,9.7,4,0,1,0
PO007349,V0016,FINISH,IN,0.733,18.5,1.44,12,20581.93,4,3,20.6,6,0,0,0
PO007350,V0031,PACK,CN,0.783,6.4,1.1,17,30276.27,1,1,5.8,3,0,0,0
PO007351,V0008,RAW,DE,0.897,12.8,2.43,12,15784.42,2,3,12.6,5,0,0,0
PO007352,V0010,RAW,IN,0.761,9.5,1.46,20,196745.77,8,2,10.9,4,0,0,0
PO007353,V0031,PACK,CN,0.783,6.4,1.1,17,7213.37,9,1,7.9,5,0,0,1
PO007354,V0072,RAW,CN,0.817,8.0,1.06,13,8140.54,5,4,8.6,0,1,0,0
PO007355,V0018,RAW,MX,0.757,10.6,3.81,25,3274.06,3,3,9.6,1,0,0,1
PO007356,V0068,RAW,DE,0.98,7.4,4.46,20,100782.77,6,1,5.6,0,0,0,1
PO007357,V0017,FINISH,IN,0.701,19.8,1.89,10,11381.95,3,4,18.4,1,0,1,0
PO007358,V0045,PACK,US,0.98,8.2,1.18,13,18276.39,4,2,9.3,2,1,0,1
PO007359,V0065,FINISH,DE,0.79,26.8,4.29,23,71752.85,4,5,28.5,2,0,0,1
PO007360,V0006,SERVICE,US,0.821,4.0,3.65,13,962.23,5,2,3.4,4,0,0,1
PO007361,V0071,PACK,CN,0.695,5.7,1.12,18,23332.83,5,4,6.9,3,0,0,1
PO007362,V0057,FINISH,US,0.768,15.2,3.8,17,130082.36,5,3,15.7,1,0,0,1
PO007363,V0010,RAW,IN,0.761,9.5,1.46,20,2302.56,6,4,8.9,5,0,0,0
PO007364,V0009,FINISH,US,0.782,14.1,4.26,17,3756.56,4,3,10.4,0,0,0,1
PO007365,V0090,RAW,CN,0.774,7.8,3.44,12,3664.92,1,3,10.0,2,0,0,1
PO007366,V0006,SERVICE,US,0.821,4.0,3.65,13,22196.28,4,1,6.1,4,0,0,1
PO007367,V0024,RAW,DE,0.927,13.5,4.51,12,1747.45,2,2,18.5,1,0,0,0
PO007368,V0075,SERVICE,DE,0.673,5.5,1.96,8,699.69,7,1,6.1,2,0,0,0
PO007369,V0030,PACK,MX,0.97,9.5,3.52,19,2753.81,7,1,7.3,3,0,0,0
PO007370,V0091,PACK,US,0.785,6.7,1.54,13,977.49,3,4,3.9,0,1,0,1
PO007371,V0096,PACK,DE,0.98,7.3,2.21,18,67316.81,5,3,6.7,0,0,0,1
PO007372,V0002,SERVICE,US,0.98,6.3,1.85,11,7500.03,2,1,7.1,2,0,0,1
PO007373,V0055,PACK,CN,0.619,8.4,4.01,9,8913.9,5,4,4.4,1,0,0,1
PO007374,V0011,RAW,DE,0.769,12.1,3.55,21,15801.94,4,1,13.1,3,0,0,0
PO007375,V0095,FINISH,US,0.879,19.0,4.51,14,83657.23,4,5,13.4,4,0,0,0
PO007376,V0099,FINISH,US,0.857,24.7,4.51,13,339.04,8,5,23.6,4,0,0,0
PO007377,V0074,SERVICE,IN,0.772,3.6,4.71,15,26781.51,5,1,3.1,1,0,0,1
PO007378,V0087,FINISH,US,0.855,19.7,4.93,9,25262.46,4,3,18.6,4,0,1,1
PO007379,V0024,RAW,DE,0.927,13.5,4.51,12,5338.12,3,1,13.0,5,0,0,1
PO007380,V0039,RAW,IN,0.627,7.4,3.13,15,1992.1,4,5,7.0,6,0,0,1
PO007381,V0056,PACK,US,0.729,7.2,4.55,13,5131.79,5,5,5.8,3,0,0,1
PO007382,V0092,FINISH,US,0.855,24.6,3.38,15,24540.88,7,5,24.3,4,0,0,1
PO007383,V0005,RAW,CN,0.66,11.8,2.76,10,5155.32,8,4,11.7,3,0,1,0
PO007384,V0052,SERVICE,DE,0.824,6.4,2.72,18,2956.57,4,1,5.1,2,0,0,0
PO007385,V0006,SERVICE,US,0.821,4.0,3.65,13,12072.43,8,1,5.2,3,0,0,1
PO007386,V0006,SERVICE,US,0.821,4.0,3.65,13,9626.61,5,2,5.9,5,0,0,1
PO007387,V0023,RAW,CN,0.614,11.8,2.55,22,3564.12,8,2,11.0,6,0,0,0
PO007388,V0069,RAW,DE,0.892,8.6,3.69,16,3056.26,5,4,9.5,1,0,0,1
PO007389,V0015,FINISH,MX,0.872,25.3,1.75,21,4119.52,6,4,25.3,2,0,0,1
PO007390,V0070,FINISH,US,0.901,21.3,4.09,15,469.61,1,4,22.1,5,0,0,1
PO007391,V0009,FINISH,US,0.782,14.1,4.26,17,16308.71,0,5,11.3,5,0,1,1
PO007392,V0013,PACK,CN,0.729,6.6,3.03,21,737.07,4,2,6.1,3,1,0,1
PO007393,V0088,FINISH,MX,0.697,25.4,2.03,11,40850.07,4,3,26.2,3,0,0,0
PO007394,V0013,PACK,CN,0.729,6.6,3.03,21,2713.89,2,3,3.1,4,0,1,1
PO007395,V0097,FINISH,US,0.933,26.7,3.5,16,1433.42,7,3,24.3,1,0,0,1
PO007396,V0031,PACK,CN,0.783,6.4,1.1,17,4699.13,3,2,7.8,3,0,0,1
PO007397,V0053,SERVICE,US,0.98,4.3,4.58,14,62637.96,4,1,1.6,6,0,0,1
PO007398,V0057,FINISH,US,0.768,15.2,3.8,17,1793.16,3,3,14.5,3,1,0,0
PO007399,V0031,PACK,CN,0.783,6.4,1.1,17,1979.94,5,2,6.7,0,0,0,0
PO007400,V0059,PACK,IN,0.786,5.6,2.97,7,3746.81,5,1,2.6,0,0,0,1
PO007401,V0008,RAW,DE,0.897,12.8,2.43,12,16986.27,6,2,13.4,3,0,0,1
PO007402,V0005,RAW,CN,0.66,11.8,2.76,10,38528.35,4,2,11.3,4,0,0,1
PO007403,V0044,FINISH,IN,0.629,20.6,1.39,15,8768.25,6,4,20.4,1,0,0,1
PO007404,V0004,FINISH,DE,0.824,16.8,3.06,16,4793.6,9,4,15.5,3,0,0,1
PO007405,V0093,SERVICE,DE,0.917,6.8,1.72,8,596.49,5,2,1.6,2,0,1,1
PO007406,V0044,FINISH,IN,0.629,20.6,1.39,15,13883.32,1,5,20.4,1,0,0,1
PO007407,V0090,RAW,CN,0.774,7.8,3.44,12,1614.0,6,3,9.0,3,0,0,1
PO007408,V0023,RAW,CN,0.614,11.8,2.55,22,6580.05,3,3,11.9,3,0,0,1
PO007409,V0069,RAW,DE,0.892,8.6,3.69,16,5027.48,8,1,5.0,6,0,0,1
PO007410,V0098,FINISH,US,0.629,22.7,3.13,10,30949.91,8,3,23.2,6,1,0,0
PO007411,V0055,PACK,CN,0.619,8.4,4.01,9,27012.68,6,1,4.1,6,0,0,1
PO007412,V0030,PACK,MX,0.97,9.5,3.52,19,2882.33,1,3,9.2,1,0,0,1
PO007413,V0012,FINISH,US,0.73,24.7,3.25,18,8689.61,9,5,25.6,5,0,0,1
PO007414,V0002,SERVICE,US,0.98,6.3,1.85,11,10951.24,3,1,4.1,3,0,0,1
PO007415,V0019,RAW,DE,0.886,7.4,2.11,21,40666.58,6,2,9.5,5,0,0,0
PO007416,V0046,FINISH,CN,0.577,23.2,1.65,8,9026.46,4,4,20.8,3,0,0,1
PO007417,V0030,PACK,MX,0.97,9.5,3.52,19,3998.23,5,3,11.7,2,0,0,1
PO007418,V0008,RAW,DE,0.897,12.8,2.43,12,6269.05,3,4,15.5,3,0,0,1
PO007419,V0008,RAW,DE,0.897,12.8,2.43,12,874.21,4,3,13.9,1,0,0,1
PO007420,V0009,FINISH,US,0.782,14.1,4.26,17,18124.1,1,5,14.8,1,0,0,0
PO007421,V0096,PACK,DE,0.98,7.3,2.21,18,11534.93,2,3,7.8,3,0,0,0
PO007422,V0020,PACK,US,0.98,9.9,1.97,17,1810.41,8,1,5.1,5,0,1,1
PO007423,V0059,PACK,IN,0.786,5.6,2.97,7,931.45,8,1,4.2,3,0,0,1
PO007424,V0035,FINISH,CN,0.582,25.3,4.24,15,2655.47,4,3,25.9,3,0,0,0
PO007425,V0056,PACK,US,0.729,7.2,4.55,13,43889.65,3,2,4.6,1,0,0,1
PO007426,V0004,FINISH,DE,0.824,16.8,3.06,16,24131.79,3,5,15.8,6,0,0,1
PO007427,V0081,PACK,CN,0.884,5.2,2.01,15,871.75,7,2,4.2,2,0,1,1
PO007428,V0056,PACK,US,0.729,7.2,4.55,13,36027.24,7,3,6.6,5,0,0,1
PO007429,V0088,FINISH,MX,0.697,25.4,2.03,11,89819.71,5,4,26.9,6,1,0,0
PO007430,V0051,FINISH,CN,0.637,24.5,4.23,13,19816.05,2,4,26.2,6,1,1,0
PO007431,V0020,PACK,US,0.98,9.9,1.97,17,10804.47,6,3,12.4,0,1,0,1
PO007432,V0031,PACK,CN,0.783,6.4,1.1,17,7158.9,7,1,6.4,1,0,0,1
PO007433,V0094,FINISH,CN,0.66,16.0,4.18,11,21803.12,4,5,16.4,3,0,0,0
PO007434,V0041,RAW,DE,0.93,9.9,1.69,10,5471.79,10,2,11.1,2,0,0,0
PO007435,V0014,FINISH,DE,0.85,17.2,1.31,12,9969.64,2,3,15.0,6,0,0,1
PO007436,V0065,FINISH,DE,0.79,26.8,4.29,23,38880.29,9,3,27.2,1,0,0,1
PO007437,V0021,FINISH,US,0.98,22.9,3.14,9,2032.78,5,4,25.0,2,0,0,0
PO007438,V0008,RAW,DE,0.897,12.8,2.43,12,8461.69,3,4,13.5,4,0,1,1
PO007439,V0074,SERVICE,IN,0.772,3.6,4.71,15,11477.9,8,1,3.7,3,0,0,1
PO007440,V0069,RAW,DE,0.892,8.6,3.69,16,29297.66,2,1,4.2,5,0,0,1
PO007441,V0099,FINISH,US,0.857,24.7,4.51,13,4482.11,3,3,22.2,0,0,0,0
PO007442,V0085,RAW,DE,0.792,11.5,3.28,16,538.79,7,1,10.0,6,0,0,1
PO007443,V0041,RAW,DE,0.93,9.9,1.69,10,10777.08,1,4,12.7,0,0,0,1
PO007444,V0017,FINISH,IN,0.701,19.8,1.89,10,9179.78,4,5,21.6,1,1,0,1
PO007445,V0012,FINISH,US,0.73,24.7,3.25,18,7024.69,6,4,28.8,5,0,0,0
PO007446,V0049,RAW,US,0.878,7.5,2.28,20,4839.25,2,3,7.6,4,0,0,1
PO007447,V0038,RAW,US,0.858,12.8,2.44,10,1239.36,5,2,11.3,0,0,0,1
PO007448,V0030,PACK,MX,0.97,9.5,3.52,19,9072.01,1,5,10.2,4,0,0,1
PO007449,V0079,FINISH,CN,0.65,26.2,4.68,7,2710.16,0,4,25.7,3,0,0,0
PO007450,V0006,SERVICE,US,0.821,4.0,3.65,13,59206.58,8,1,1.0,6,1,0,1
PO007451,V0007,RAW,CN,0.794,7.6,1.78,6,2371.31,8,1,5.3,1,0,0,0
PO007452,V0067,FINISH,DE,0.709,27.6,4.37,19,7262.5,6,4,28.9,2,1,1,1
PO007453,V0037,RAW,DE,0.831,10.3,3.17,12,11585.49,4,5,7.2,0,0,0,1
PO007454,V0010,RAW,IN,0.761,9.5,1.46,20,13483.96,7,1,8.7,5,0,0,1
PO007455,V0003,PACK,DE,0.708,8.1,1.56,12,77608.67,5,2,5.6,2,0,0,1
PO007456,V0080,FINISH,IN,0.721,16.6,1.84,13,1291.93,6,4,12.0,2,0,0,0
PO007457,V0092,FINISH,US,0.855,24.6,3.38,15,43870.05,5,4,24.4,6,0,0,1
PO007458,V0098,FINISH,US,0.629,22.7,3.13,10,48306.53,8,5,17.9,4,0,0,0
PO007459,V0071,PACK,CN,0.695,5.7,1.12,18,2290.83,9,1,8.6,3,0,0,1
PO007460,V0026,RAW,DE,0.898,12.1,4.59,17,8806.46,4,2,11.1,5,0,0,1
PO007461,V0003,PACK,DE,0.708,8.1,1.56,12,21225.07,8,3,8.2,1,0,0,0
PO007462,V0050,RAW,IN,0.638,7.8,3.79,16,10392.66,1,2,5.2,4,1,1,0
PO007463,V0034,SERVICE,CN,0.595,3.6,3.07,20,14122.05,5,2,3.8,1,0,0,1
PO007464,V0012,FINISH,US,0.73,24.7,3.25,18,1193.63,4,3,23.5,5,0,0,0
PO007465,V0061,FINISH,US,0.872,15.0,3.22,16,12992.18,10,5,12.4,2,0,0,1
PO007466,V0021,FINISH,US,0.98,22.9,3.14,9,5807.65,4,5,22.4,6,1,1,0
PO007467,V0001,SERVICE,DE,0.945,3.6,1.62,16,1525.89,5,1,5.2,4,0,1,1
PO007468,V0044,FINISH,IN,0.629,20.6,1.39,15,13668.43,5,5,19.3,5,1,0,0
PO007469,V0068,RAW,DE,0.98,7.4,4.46,20,27632.05,9,3,10.0,1,1,0,0
PO007470,V0072,RAW,CN,0.817,8.0,1.06,13,93867.45,6,3,7.3,3,0,0,1
PO007471,V0069,RAW,DE,0.892,8.6,3.69,16,10168.12,5,4,6.7,4,0,0,1
PO007472,V0026,RAW,DE,0.898,12.1,4.59,17,10190.1,3,2,14.6,4,0,0,1
PO007473,V0028,RAW,CN,0.649,12.0,1.95,13,10862.1,4,2,15.4,3,0,0,1
PO007474,V0050,RAW,IN,0.638,7.8,3.79,16,5384.49,6,2,5.9,4,0,0,1
PO007475,V0026,RAW,DE,0.898,12.1,4.59,17,455.25,5,2,10.3,1,0,0,1
PO007476,V0045,PACK,US,0.98,8.2,1.18,13,24425.41,8,5,8.9,5,0,0,1
PO007477,V0065,FINISH,DE,0.79,26.8,4.29,23,1117.87,4,3,26.6,6,0,0,1
PO007478,V0073,PACK,DE,0.853,7.6,4.13,14,23118.96,3,3,5.8,0,0,0,1
PO007479,V0008,RAW,DE,0.897,12.8,2.43,12,2590.62,9,1,11.4,5,0,0,1
PO007480,V0026,RAW,DE,0.898,12.1,4.59,17,40067.11,6,4,15.7,4,0,0,0
PO007481,V0087,FINISH,US,0.855,19.7,4.93,9,6004.51,4,4,20.1,5,0,1,1
PO007482,V0097,FINISH,US,0.933,26.7,3.5,16,2517.39,3,3,27.8,2,0,0,1
PO007483,V0003,PACK,DE,0.708,8.1,1.56,12,8408.94,3,3,8.4,4,0,0,0
PO007484,V0048,PACK,MX,0.846,9.8,4.62,11,3468.3,5,3,8.3,6,0,0,1
PO007485,V0077,PACK,IN,0.601,6.0,1.16,11,16473.92,5,2,5.3,0,0,0,1
PO007486,V0098,FINISH,US,0.629,22.7,3.13,10,3817.13,0,3,23.8,1,0,0,0
PO007487,V0075,SERVICE,DE,0.673,5.5,1.96,8,22744.07,12,1,3.0,1,1,0,0
PO007488,V0028,RAW,CN,0.649,12.0,1.95,13,16587.6,7,5,13.3,3,0,0,1
PO007489,V0087,FINISH,US,0.855,19.7,4.93,9,12306.37,0,4,20.4,3,0,0,0
PO007490,V0052,SERVICE,DE,0.824,6.4,2.72,18,1054.8,5,2,5.6,2,0,0,1
PO007491,V0054,RAW,MX,0.782,9.2,4.8,24,48893.98,3,3,9.0,4,0,1,0
PO007492,V0076,RAW,US,0.841,8.0,3.56,11,15329.89,4,3,8.9,1,0,0,1
PO007493,V0078,RAW,US,0.9,7.8,2.84,11,5870.85,6,4,5.4,6,0,1,1
PO007494,V0045,PACK,US,0.98,8.2,1.18,13,71464.21,3,3,10.4,5,0,0,1
PO007495,V0086,RAW,US,0.712,8.7,1.64,11,8265.64,3,4,9.9,3,1,0,0
PO007496,V0001,SERVICE,DE,0.945,3.6,1.62,16,1706.11,6,1,5.3,6,1,0,1
PO007497,V0044,FINISH,IN,0.629,20.6,1.39,15,5573.54,3,4,18.6,4,0,0,0
PO007498,V0010,RAW,IN,0.761,9.5,1.46,20,35671.42,7,1,13.2,3,0,0,1
PO007499,V0091,PACK,US,0.785,6.7,1.54,13,14418.49,3,1,6.1,6,1,0,1
PO007500,V0024,RAW,DE,0.927,13.5,4.51,12,4687.45,2,3,11.1,5,0,0,1
PO007501,V0055,PACK,CN,0.619,8.4,4.01,9,32050.06,5,2,13.1,5,1,0,1
PO007502,V0014,FINISH,DE,0.85,17.2,1.31,12,37084.97,6,5,12.5,1,1,0,1
PO007503,V0008,RAW,DE,0.897,12.8,2.43,12,834.71,6,1,12.5,0,0,0,0
PO007504,V0065,FINISH,DE,0.79,26.8,4.29,23,3963.47,5,3,25.7,4,0,1,0
PO007505,V0037,RAW,DE,0.831,10.3,3.17,12,46338.81,5,2,13.2,3,0,1,1
PO007506,V0070,FINISH,US,0.901,21.3,4.09,15,1993.59,5,4,21.8,0,0,0,1
PO007507,V0035,FINISH,CN,0.582,25.3,4.24,15,50982.13,4,4,26.7,5,0,0,1
PO007508,V0040,SERVICE,CN,0.742,5.1,2.29,19,12442.36,3,2,4.7,2,0,0,0
PO007509,V0025,PACK,IN,0.539,5.5,4.59,21,8718.9,8,3,1.2,4,0,1,1
PO007510,V0055,PACK,CN,0.619,8.4,4.01,9,4353.04,6,2,9.9,1,0,0,1
PO007511,V0017,FINISH,IN,0.701,19.8,1.89,10,3799.55,4,4,16.8,3,0,0,1
PO007512,V0028,RAW,CN,0.649,12.0,1.95,13,1320.99,5,1,13.9,2,0,0,1
PO007513,V0091,PACK,US,0.785,6.7,1.54,13,13562.92,6,3,7.4,6,0,0,1
PO007514,V0039,RAW,IN,0.627,7.4,3.13,15,10991.18,4,2,7.9,2,0,1,1
PO007515,V0046,FINISH,CN,0.577,23.2,1.65,8,1511.11,5,5,21.4,5,0,0,1
PO007516,V0031,PACK,CN,0.783,6.4,1.1,17,91707.48,9,4,2.8,5,1,0,0
PO007517,V0076,RAW,US,0.841,8.0,3.56,11,17187.84,3,4,8.9,0,0,0,1
PO007518,V0094,FINISH,CN,0.66,16.0,4.18,11,6377.59,3,3,16.1,1,0,0,1
PO007519,V0068,RAW,DE,0.98,7.4,4.46,20,5056.4,5,3,9.2,4,0,1,0
PO007520,V0031,PACK,CN,0.783,6.4,1.1,17,21989.88,4,3,6.7,2,0,0,1
PO007521,V0070,FINISH,US,0.901,21.3,4.09,15,13638.01,5,3,22.7,0,1,0,1
PO007522,V0041,RAW,DE,0.93,9.9,1.69,10,55934.31,3,3,8.0,1,0,0,1
PO007523,V0087,FINISH,US,0.855,19.7,4.93,9,3384.05,6,4,17.0,3,0,0,1
PO007524,V0048,PACK,MX,0.846,9.8,4.62,11,149315.6,4,2,8.7,4,0,0,1
PO007525,V0049,RAW,US,0.878,7.5,2.28,20,6496.88,3,2,10.8,5,0,0,1
PO007526,V0001,SERVICE,DE,0.945,3.6,1.62,16,8537.57,5,2,5.1,3,0,0,1
PO007527,V0034,SERVICE,CN,0.595,3.6,3.07,20,12129.88,2,1,3.5,4,0,0,1
PO007528,V0016,FINISH,IN,0.733,18.5,1.44,12,1708.61,5,3,22.8,6,0,1,1
PO007529,V0018,RAW,MX,0.757,10.6,3.81,25,13343.5,7,1,9.7,2,0,0,0
PO007530,V0048,PACK,MX,0.846,9.8,4.62,11,34081.53,8,2,9.7,6,0,0,0
PO007531,V0024,RAW,DE,0.927,13.5,4.51,12,18722.86,9,2,13.2,1,0,0,1
PO007532,V0063,FINISH,MX,0.98,17.9,1.75,15,6768.7,3,5,18.8,5,0,0,1
PO007533,V0094,FINISH,CN,0.66,16.0,4.18,11,3978.87,3,4,17.0,0,0,0,0
PO007534,V0053,SERVICE,US,0.98,4.3,4.58,14,1722.95,5,2,3.1,5,0,0,1
PO007535,V0002,SERVICE,US,0.98,6.3,1.85,11,1685.73,2,1,5.2,3,0,1,1
PO007536,V0081,PACK,CN,0.884,5.2,2.01,15,1992.51,5,3,4.3,1,0,0,1
PO007537,V0035,FINISH,CN,0.582,25.3,4.24,15,29769.3,7,3,27.0,4,0,0,0
PO007538,V0057,FINISH,US,0.768,15.2,3.8,17,4615.4,6,5,12.5,4,1,0,0
PO007539,V0024,RAW,DE,0.927,13.5,4.51,12,89198.82,4,3,16.4,6,0,0,0
PO007540,V0042,FINISH,CN,0.807,23.2,2.12,16,5361.99,4,5,22.3,2,0,0,1
PO007541,V0027,FINISH,US,0.879,14.1,1.64,15,21649.95,2,5,13.8,2,0,0,0
PO007542,V0004,FINISH,DE,0.824,16.8,3.06,16,1840.8,4,4,18.2,1,1,0,1
PO007543,V0060,FINISH,US,0.834,24.4,3.33,25,9714.36,10,3,24.7,0,0,0,1
PO007544,V0007,RAW,CN,0.794,7.6,1.78,6,7612.32,4,4,7.4,1,0,0,1
PO007545,V0087,FINISH,US,0.855,19.7,4.93,9,8829.56,6,3,22.5,3,0,0,1
PO007546,V0030,PACK,MX,0.97,9.5,3.52,19,1256.0,5,4,8.6,3,0,0,1
PO007547,V0059,PACK,IN,0.786,5.6,2.97,7,5928.89,6,4,9.7,3,1,1,1
PO007548,V0077,PACK,IN,0.601,6.0,1.16,11,54945.87,7,4,7.6,2,0,0,0
PO007549,V0094,FINISH,CN,0.66,16.0,4.18,11,3838.96,9,3,19.3,1,0,0,0
PO007550,V0048,PACK,MX,0.846,9.8,4.62,11,484.19,3,3,9.8,2,1,0,1
PO007551,V0084,PACK,IN,0.592,5.4,3.15,16,4269.66,4,4,4.2,1,0,0,1
PO007552,V0080,FINISH,IN,0.721,16.6,1.84,13,16294.28,3,4,14.9,0,0,1,0
PO007553,V0074,SERVICE,IN,0.772,3.6,4.71,15,280.89,5,2,2.1,1,0,0,1
PO007554,V0067,FINISH,DE,0.709,27.6,4.37,19,7289.0,4,4,27.9,0,0,0,0
PO007555,V0011,RAW,DE,0.769,12.1,3.55,21,93942.07,12,2,11.2,1,1,0,0
PO007556,V0011,RAW,DE,0.769,12.1,3.55,21,9980.89,5,2,12.3,0,0,0,0
PO007557,V0072,RAW,CN,0.817,8.0,1.06,13,5963.82,7,1,10.6,5,0,1,1
PO007558,V0019,RAW,DE,0.886,7.4,2.11,21,2065.16,3,3,6.7,1,1,0,1
PO007559,V0076,RAW,US,0.841,8.0,3.56,11,61053.89,6,3,8.4,0,0,0,1
PO007560,V0013,PACK,CN,0.729,6.6,3.03,21,3557.54,3,2,6.7,3,0,0,1
PO007561,V0021,FINISH,US,0.98,22.9,3.14,9,14643.45,5,3,23.5,2,0,0,0
PO007562,V0023,RAW,CN,0.614,11.8,2.55,22,6357.14,10,3,10.6,4,0,0,0
PO007563,V0041,RAW,DE,0.93,9.9,1.69,10,76851.94,3,3,12.0,3,0,0,0
PO007564,V0036,FINISH,IN,0.606,23.8,4.18,21,37702.14,7,5,23.8,0,0,0,0
PO007565,V0094,FINISH,CN,0.66,16.0,4.18,11,5901.67,3,4,16.4,3,0,0,0
PO007566,V0050,RAW,IN,0.638,7.8,3.79,16,2347.38,7,1,5.4,0,0,0,1
PO007567,V0085,RAW,DE,0.792,11.5,3.28,16,16886.05,5,1,9.7,2,0,0,1
PO007568,V0044,FINISH,IN,0.629,20.6,1.39,15,5300.73,4,3,21.8,6,0,1,0
PO007569,V0039,RAW,IN,0.627,7.4,3.13,15,11673.93,6,1,4.6,3,0,0,1
PO007570,V0096,PACK,DE,0.98,7.3,2.21,18,58300.89,7,3,7.0,0,0,0,1
PO007571,V0056,PACK,US,0.729,7.2,4.55,13,6055.52,0,3,5.4,0,0,0,1
PO007572,V0075,SERVICE,DE,0.673,5.5,1.96,8,9133.2,5,2,6.8,5,1,0,1
PO007573,V0071,PACK,CN,0.695,5.7,1.12,18,1990.57,7,1,6.2,0,0,0,1
PO007574,V0034,SERVICE,CN,0.595,3.6,3.07,20,18903.9,3,1,3.4,2,0,1,0
PO007575,V0053,SERVICE,US,0.98,4.3,4.58,14,84410.35,4,2,4.0,5,1,1,1
PO007576,V0055,PACK,CN,0.619,8.4,4.01,9,5194.54,2,2,8.0,6,0,0,0
PO007577,V0085,RAW,DE,0.792,11.5,3.28,16,13563.86,4,1,7.8,3,1,0,1
PO007578,V0047,PACK,US,0.861,6.9,3.57,14,2586.88,3,1,5.2,1,0,1,0
PO007579,V0030,PACK,MX,0.97,9.5,3.52,19,324744.15,8,1,7.9,3,0,0,1
PO007580,V0072,RAW,CN,0.817,8.0,1.06,13,1721.33,2,3,8.6,3,0,0,1
PO007581,V0071,PACK,CN,0.695,5.7,1.12,18,7906.89,5,1,5.8,3,0,1,1
PO007582,V0059,PACK,IN,0.786,5.6,2.97,7,28080.0,5,2,3.9,0,0,0,0
PO007583,V0048,PACK,MX,0.846,9.8,4.62,11,6313.35,12,2,7.7,1,0,0,1
PO007584,V0021,FINISH,US,0.98,22.9,3.14,9,17589.91,4,3,23.7,4,0,0,1
PO007585,V0022,RAW,DE,0.74,7.3,3.36,17,10924.89,8,3,6.7,6,0,0,1
PO007586,V0054,RAW,MX,0.782,9.2,4.8,24,9416.79,8,3,9.2,3,0,0,0
PO007587,V0092,FINISH,US,0.855,24.6,3.38,15,77580.46,6,5,28.9,2,0,0,1
PO007588,V0038,RAW,US,0.858,12.8,2.44,10,7018.94,3,3,10.4,1,0,1,0
PO007589,V0030,PACK,MX,0.97,9.5,3.52,19,10964.33,3,3,13.5,0,0,0,1
PO007590,V0033,RAW,IN,0.721,13.6,3.78,16,2414.03,4,2,16.6,6,1,0,1
PO007591,V0008,RAW,DE,0.897,12.8,2.43,12,1236.55,3,5,15.7,0,0,0,0
PO007592,V0003,PACK,DE,0.708,8.1,1.56,12,8461.74,7,1,8.5,4,1,1,1
PO007593,V0090,RAW,CN,0.774,7.8,3.44,12,5353.28,6,3,5.8,0,0,0,0
PO007594,V0041,RAW,DE,0.93,9.9,1.69,10,1164.84,5,1,9.9,0,0,0,0
PO007595,V0006,SERVICE,US,0.821,4.0,3.65,13,50575.12,9,2,4.7,1,0,0,0
PO007596,V0084,PACK,IN,0.592,5.4,3.15,16,1006.93,6,1,6.5,3,0,0,0
PO007597,V0070,FINISH,US,0.901,21.3,4.09,15,1164.27,5,4,19.9,1,0,0,1
PO007598,V0025,PACK,IN,0.539,5.5,4.59,21,6563.97,4,2,7.3,0,0,0,0
PO007599,V0087,FINISH,US,0.855,19.7,4.93,9,11895.91,5,4,18.5,0,0,0,1
PO007600,V0039,RAW,IN,0.627,7.4,3.13,15,6092.42,3,3,8.4,2,0,1,0
PO007601,V0031,PACK,CN,0.783,6.4,1.1,17,4012.27,3,3,4.1,6,0,0,1
PO007602,V0031,PACK,CN,0.783,6.4,1.1,17,10398.18,3,3,5.9,0,0,0,1
PO007603,V0001,SERVICE,DE,0.945,3.6,1.62,16,13462.26,6,1,1.0,5,0,1,1
PO007604,V0073,PACK,DE,0.853,7.6,4.13,14,10913.21,5,2,5.7,4,0,0,0
PO007605,V0039,RAW,IN,0.627,7.4,3.13,15,23856.24,7,1,7.7,2,0,0,1
PO007606,V0078,RAW,US,0.9,7.8,2.84,11,976.38,6,3,6.4,1,0,1,1
PO007607,V0079,FINISH,CN,0.65,26.2,4.68,7,15946.84,11,5,27.3,6,0,0,0
PO007608,V0015,FINISH,MX,0.872,25.3,1.75,21,16505.08,4,5,23.1,4,0,0,1
PO007609,V0037,RAW,DE,0.831,10.3,3.17,12,2714.57,3,1,10.0,1,0,0,1
PO007610,V0038,RAW,US,0.858,12.8,2.44,10,10484.7,6,2,13.6,4,0,0,1
PO007611,V0067,FINISH,DE,0.709,27.6,4.37,19,62840.88,2,4,28.2,1,0,0,1
PO007612,V0022,RAW,DE,0.74,7.3,3.36,17,7589.43,2,1,8.1,6,0,0,1
PO007613,V0067,FINISH,DE,0.709,27.6,4.37,19,17774.63,1,4,27.8,3,0,0,0
PO007614,V0022,RAW,DE,0.74,7.3,3.36,17,8246.33,8,1,6.7,2,0,0,1
PO007615,V0082,PACK,US,0.825,7.7,1.97,12,1110.82,3,1,6.6,5,1,0,1
PO007616,V0061,FINISH,US,0.872,15.0,3.22,16,16483.98,2,4,13.4,4,0,0,0
PO007617,V0006,SERVICE,US,0.821,4.0,3.65,13,23713.52,6,2,4.8,5,0,1,1
PO007618,V0009,FINISH,US,0.782,14.1,4.26,17,68536.99,6,3,17.4,0,0,0,1
PO007619,V0015,FINISH,MX,0.872,25.3,1.75,21,13455.37,2,4,26.7,6,0,1,1
PO007620,V0028,RAW,CN,0.649,12.0,1.95,13,2792.24,6,1,11.6,3,1,0,1
PO007621,V0065,FINISH,DE,0.79,26.8,4.29,23,80144.69,3,5,27.4,5,0,0,0
PO007622,V0058,SERVICE,US,0.874,4.5,2.48,13,82422.02,6,2,4.8,5,0,1,0
PO007623,V0010,RAW,IN,0.761,9.5,1.46,20,106225.02,7,4,7.5,5,0,0,1
PO007624,V0047,PACK,US,0.861,6.9,3.57,14,53430.32,7,1,3.8,2,0,0,1
PO007625,V0046,FINISH,CN,0.577,23.2,1.65,8,2234.65,6,4,23.5,6,0,0,1
PO007626,V0033,RAW,IN,0.721,13.6,3.78,16,3274.81,9,3,15.8,1,0,0,0
PO007627,V0020,PACK,US,0.98,9.9,1.97,17,771.65,4,1,8.2,6,0,0,1
PO007628,V0038,RAW,US,0.858,12.8,2.44,10,37706.38,8,3,14.6,6,0,1,1
PO007629,V0041,RAW,DE,0.93,9.9,1.69,10,14000.05,7,3,8.9,4,0,0,1
PO007630,V0015,FINISH,MX,0.872,25.3,1.75,21,47663.14,5,5,23.7,6,0,0,0
PO007631,V0033,RAW,IN,0.721,13.6,3.78,16,5805.5,4,4,13.9,1,0,0,1
PO007632,V0032,SERVICE,MX,0.694,6.7,2.48,12,6798.32,4,2,6.4,2,0,0,0
PO007633,V0013,PACK,CN,0.729,6.6,3.03,21,2985.14,5,3,7.1,3,0,0,0
PO007634,V0087,FINISH,US,0.855,19.7,4.93,9,22796.54,6,4,20.1,4,0,1,1
PO007635,V0045,PACK,US,0.98,8.2,1.18,13,10294.79,3,3,13.2,5,0,0,0
PO007636,V0067,FINISH,DE,0.709,27.6,4.37,19,6596.67,6,4,27.0,6,0,0,0
PO007637,V0003,PACK,DE,0.708,8.1,1.56,12,12214.46,6,3,7.6,4,0,0,1
PO007638,V0088,FINISH,MX,0.697,25.4,2.03,11,16355.85,6,3,23.6,0,0,0,0
PO007639,V0052,SERVICE,DE,0.824,6.4,2.72,18,10290.78,5,1,8.7,3,0,0,1
PO007640,V0039,RAW,IN,0.627,7.4,3.13,15,619.0,2,1,4.3,2,1,1,0
PO007641,V0095,FINISH,US,0.879,19.0,4.51,14,21464.15,4,4,17.9,4,0,0,0
PO007642,V0034,SERVICE,CN,0.595,3.6,3.07,20,17194.58,4,2,3.0,1,0,0,1
PO007643,V0058,SERVICE,US,0.874,4.5,2.48,13,27220.14,4,1,3.6,2,0,0,1
PO007644,V0084,PACK,IN,0.592,5.4,3.15,16,50593.57,5,4,5.7,5,0,1,0
PO007645,V0003,PACK,DE,0.708,8.1,1.56,12,1728.73,5,3,6.5,4,0,1,1
PO007646,V0078,RAW,US,0.9,7.8,2.84,11,15290.72,6,4,9.9,4,0,0,0
PO007647,V0041,RAW,DE,0.93,9.9,1.69,10,120464.56,3,3,7.2,3,0,0,1
PO007648,V0031,PACK,CN,0.783,6.4,1.1,17,46543.75,1,5,5.9,4,0,0,0
PO007649,V0040,SERVICE,CN,0.742,5.1,2.29,19,13547.54,4,2,2.6,0,0,0,0
PO007650,V0036,FINISH,IN,0.606,23.8,4.18,21,2167.32,3,4,22.9,2,0,1,0
PO007651,V0066,PACK,CN,0.769,9.7,4.46,6,11475.5,8,3,8.5,6,0,0,1
PO007652,V0089,PACK,MX,0.613,8.8,1.75,13,3763.32,2,2,7.4,6,0,1,1
PO007653,V0026,RAW,DE,0.898,12.1,4.59,17,2769.46,5,2,16.5,6,0,0,1
PO007654,V0045,PACK,US,0.98,8.2,1.18,13,3009.39,6,1,8.6,2,0,1,1
PO007655,V0040,SERVICE,CN,0.742,5.1,2.29,19,1369.15,5,1,7.9,1,0,0,1
PO007656,V0051,FINISH,CN,0.637,24.5,4.23,13,5868.59,5,4,25.1,0,1,0,0
PO007657,V0037,RAW,DE,0.831,10.3,3.17,12,70724.44,4,3,9.6,1,0,0,1
PO007658,V0035,FINISH,CN,0.582,25.3,4.24,15,7141.67,9,3,28.1,3,0,0,1
PO007659,V0053,SERVICE,US,0.98,4.3,4.58,14,7958.97,6,1,1.0,6,0,0,1
PO007660,V0024,RAW,DE,0.927,13.5,4.51,12,33390.84,6,4,16.6,5,1,1,0
PO007661,V0068,RAW,DE,0.98,7.4,4.46,20,5883.45,1,4,9.5,1,0,0,1
PO007662,V0033,RAW,IN,0.721,13.6,3.78,16,7546.09,2,3,13.3,1,1,0,0
PO007663,V0084,PACK,IN,0.592,5.4,3.15,16,14207.88,1,1,3.7,3,0,1,1
PO007664,V0039,RAW,IN,0.627,7.4,3.13,15,12808.5,4,4,7.7,4,0,0,1
PO007665,V0078,RAW,US,0.9,7.8,2.84,11,4463.83,2,2,8.2,1,0,1,1
PO007666,V0034,SERVICE,CN,0.595,3.6,3.07,20,4071.82,4,1,5.8,2,0,0,0
PO007667,V0042,FINISH,CN,0.807,23.2,2.12,16,2073.18,5,4,21.8,1,0,0,1
PO007668,V0013,PACK,CN,0.729,6.6,3.03,21,7023.28,3,3,5.8,3,0,0,0
PO007669,V0100,FINISH,US,0.802,15.8,2.59,19,4033.15,2,5,14.7,1,0,0,1
PO007670,V0017,FINISH,IN,0.701,19.8,1.89,10,17095.81,3,4,20.1,0,0,0,1
PO007671,V0049,RAW,US,0.878,7.5,2.28,20,21241.05,4,4,7.9,3,0,0,1
PO007672,V0062,FINISH,DE,0.881,22.2,4.6,6,2290.46,4,5,17.1,6,0,0,0
PO007673,V0045,PACK,US,0.98,8.2,1.18,13,39959.61,6,2,7.1,1,0,0,1
PO007674,V0006,SERVICE,US,0.821,4.0,3.65,13,24077.83,3,2,5.8,3,0,0,0
PO007675,V0075,SERVICE,DE,0.673,5.5,1.96,8,4679.63,2,1,2.5,5,0,0,0
PO007676,V0045,PACK,US,0.98,8.2,1.18,13,21086.92,7,2,9.2,6,0,0,1
PO007677,V0029,FINISH,CN,0.802,15.3,2.47,12,10708.71,6,4,18.2,1,0,0,1
PO007678,V0016,FINISH,IN,0.733,18.5,1.44,12,14109.55,2,3,18.4,3,0,0,0
PO007679,V0010,RAW,IN,0.761,9.5,1.46,20,9627.45,6,1,5.5,5,0,0,0
PO007680,V0069,RAW,DE,0.892,8.6,3.69,16,33650.35,5,3,9.0,4,0,0,0
PO007681,V0059,PACK,IN,0.786,5.6,2.97,7,7524.46,6,4,5.7,2,1,1,0
PO007682,V0094,FINISH,CN,0.66,16.0,4.18,11,2859.58,3,5,13.6,4,1,0,1
PO007683,V0080,FINISH,IN,0.721,16.6,1.84,13,6716.05,3,3,14.1,2,0,0,1
PO007684,V0058,SERVICE,US,0.874,4.5,2.48,13,11003.98,2,1,5.1,5,0,0,1
PO007685,V0016,FINISH,IN,0.733,18.5,1.44,12,1378.39,7,4,15.7,5,0,1,1
PO007686,V0078,RAW,US,0.9,7.8,2.84,11,14242.56,3,5,3.1,4,0,0,1
PO007687,V0053,SERVICE,US,0.98,4.3,4.58,14,12182.69,8,1,1.0,5,0,0,1
PO007688,V0089,PACK,MX,0.613,8.8,1.75,13,811.32,4,4,10.3,1,0,0,0
PO007689,V0077,PACK,IN,0.601,6.0,1.16,11,10918.94,4,2,8.2,5,0,0,1
PO007690,V0058,SERVICE,US,0.874,4.5,2.48,13,4683.8,6,2,3.9,2,0,0,1
PO007691,V0023,RAW,CN,0.614,11.8,2.55,22,36124.32,2,1,15.1,2,0,0,1
PO007692,V0014,FINISH,DE,0.85,17.2,1.31,12,5302.43,5,5,15.1,0,0,1,1
PO007693,V0019,RAW,DE,0.886,7.4,2.11,21,29169.88,7,3,9.7,3,0,1,1
PO007694,V0046,FINISH,CN,0.577,23.2,1.65,8,9316.56,5,4,22.4,5,0,0,0
PO007695,V0097,FINISH,US,0.933,26.7,3.5,16,6886.42,6,3,25.0,1,0,0,1
PO007696,V0083,RAW,US,0.785,7.8,4.56,16,11126.1,4,4,8.9,6,1,0,0
PO007697,V0074,SERVICE,IN,0.772,3.6,4.71,15,10060.31,4,2,9.2,6,0,0,1
PO007698,V0078,RAW,US,0.9,7.8,2.84,11,2297.99,4,1,7.7,6,0,0,1
PO007699,V0014,FINISH,DE,0.85,17.2,1.31,12,8534.45,3,5,12.2,1,0,0,1
PO007700,V0075,SERVICE,DE,0.673,5.5,1.96,8,11170.38,5,2,5.0,2,0,0,1
PO007701,V0079,FINISH,CN,0.65,26.2,4.68,7,1848.6,9,3,25.1,6,0,0,0
PO007702,V0093,SERVICE,DE,0.917,6.8,1.72,8,4702.28,7,2,6.7,6,0,0,1
PO007703,V0005,RAW,CN,0.66,11.8,2.76,10,4766.24,4,2,8.5,4,1,0,1
PO007704,V0084,PACK,IN,0.592,5.4,3.15,16,3402.93,4,3,8.7,3,0,0,0
PO007705,V0008,RAW,DE,0.897,12.8,2.43,12,6198.5,4,2,14.0,5,0,0,1
PO007706,V0065,FINISH,DE,0.79,26.8,4.29,23,3741.86,7,4,25.7,6,0,0,1
PO007707,V0026,RAW,DE,0.898,12.1,4.59,17,22977.59,6,2,12.4,2,1,1,1
PO007708,V0036,FINISH,IN,0.606,23.8,4.18,21,5507.88,11,3,26.5,1,0,0,1
PO007709,V0015,FINISH,MX,0.872,25.3,1.75,21,8977.89,5,4,24.8,6,0,0,1
PO007710,V0072,RAW,CN,0.817,8.0,1.06,13,3838.28,8,1,8.5,0,0,0,0
PO007711,V0099,FINISH,US,0.857,24.7,4.51,13,8271.28,2,3,25.7,1,0,1,0
PO007712,V0091,PACK,US,0.785,6.7,1.54,13,19392.4,5,1,6.7,2,0,0,1
PO007713,V0020,PACK,US,0.98,9.9,1.97,17,19728.88,4,1,10.1,0,0,0,1
PO007714,V0048,PACK,MX,0.846,9.8,4.62,11,14244.56,5,2,10.4,5,0,0,1
PO007715,V0089,PACK,MX,0.613,8.8,1.75,13,17178.75,10,2,4.8,3,0,0,1
PO007716,V0081,PACK,CN,0.884,5.2,2.01,15,37393.91,10,5,1.7,5,1,0,0
PO007717,V0065,FINISH,DE,0.79,26.8,4.29,23,3360.07,4,5,24.3,3,0,0,0
PO007718,V0100,FINISH,US,0.802,15.8,2.59,19,4524.09,3,3,19.3,6,0,1,0
PO007719,V0087,FINISH,US,0.855,19.7,4.93,9,4256.58,2,4,19.4,4,1,0,1
PO007720,V0013,PACK,CN,0.729,6.6,3.03,21,23322.25,6,1,4.8,3,0,0,0
PO007721,V0095,FINISH,US,0.879,19.0,4.51,14,14300.57,9,5,21.2,0,0,0,0
PO007722,V0039,RAW,IN,0.627,7.4,3.13,15,8504.67,7,4,4.6,6,0,0,0
PO007723,V0055,PACK,CN,0.619,8.4,4.01,9,90713.2,7,3,8.7,5,0,0,0
PO007724,V0042,FINISH,CN,0.807,23.2,2.12,16,4110.24,4,3,20.3,1,0,0,1
PO007725,V0025,PACK,IN,0.539,5.5,4.59,21,15637.29,8,2,2.9,4,0,0,0
PO007726,V0018,RAW,MX,0.757,10.6,3.81,25,3359.35,4,1,8.1,1,0,1,0
PO007727,V0028,RAW,CN,0.649,12.0,1.95,13,1017.72,7,3,9.4,1,0,0,1
PO007728,V0006,SERVICE,US,0.821,4.0,3.65,13,1831.82,5,2,7.6,2,0,0,1
PO007729,V0007,RAW,CN,0.794,7.6,1.78,6,2227.64,10,2,8.9,3,0,0,0
PO007730,V0078,RAW,US,0.9,7.8,2.84,11,4121.3,5,2,10.3,5,0,1,0
PO007731,V0061,FINISH,US,0.872,15.0,3.22,16,2743.47,6,3,9.3,6,0,0,1
PO007732,V0030,PACK,MX,0.97,9.5,3.52,19,4029.19,8,3,12.8,4,0,1,1
PO007733,V0020,PACK,US,0.98,9.9,1.97,17,4647.66,2,1,7.1,4,0,0,1
PO007734,V0092,FINISH,US,0.855,24.6,3.38,15,25880.1,9,3,22.3,4,0,0,1
PO007735,V0025,PACK,IN,0.539,5.5,4.59,21,42288.32,1,4,4.5,1,0,1,0
PO007736,V0059,PACK,IN,0.786,5.6,2.97,7,1486.67,2,3,8.3,0,0,0,1
PO007737,V0091,PACK,US,0.785,6.7,1.54,13,3510.2,6,2,6.1,5,0,0,1
PO007738,V0090,RAW,CN,0.774,7.8,3.44,12,4980.62,4,3,4.3,1,0,1,1
PO007739,V0098,FINISH,US,0.629,22.7,3.13,10,2333.51,4,4,22.9,1,0,0,1
PO007740,V0044,FINISH,IN,0.629,20.6,1.39,15,13793.72,2,4,19.7,2,0,0,0
PO007741,V0082,PACK,US,0.825,7.7,1.97,12,4038.92,8,2,6.1,3,0,0,1
PO007742,V0019,RAW,DE,0.886,7.4,2.11,21,9542.28,5,2,10.8,6,1,0,0
PO007743,V0091,PACK,US,0.785,6.7,1.54,13,4722.78,7,3,3.0,0,0,0,1
PO007744,V0023,RAW,CN,0.614,11.8,2.55,22,8321.96,2,2,8.7,0,0,1,0
PO007745,V0049,RAW,US,0.878,7.5,2.28,20,13105.99,7,1,6.7,0,0,0,1
PO007746,V0005,RAW,CN,0.66,11.8,2.76,10,18680.83,11,4,14.6,5,1,0,1
PO007747,V0057,FINISH,US,0.768,15.2,3.8,17,3411.67,8,3,15.4,3,0,0,1
PO007748,V0048,PACK,MX,0.846,9.8,4.62,11,3865.43,9,2,8.1,0,0,0,1
PO007749,V0031,PACK,CN,0.783,6.4,1.1,17,2754.45,6,2,6.3,1,0,0,1
PO007750,V0094,FINISH,CN,0.66,16.0,4.18,11,72756.77,4,4,13.5,0,0,0,0
PO007751,V0054,RAW,MX,0.782,9.2,4.8,24,1121.61,6,2,6.7,4,0,0,1
PO007752,V0072,RAW,CN,0.817,8.0,1.06,13,25368.29,5,3,7.5,2,0,0,1
PO007753,V0032,SERVICE,MX,0.694,6.7,2.48,12,2080.6,2,2,5.7,1,0,0,1
PO007754,V0012,FINISH,US,0.73,24.7,3.25,18,68189.89,5,5,25.8,0,0,0,0
PO007755,V0071,PACK,CN,0.695,5.7,1.12,18,4035.57,8,5,3.6,2,1,1,1
PO007756,V0086,RAW,US,0.712,8.7,1.64,11,17058.28,7,1,5.7,3,0,0,0
PO007757,V0037,RAW,DE,0.831,10.3,3.17,12,4199.52,4,3,11.6,0,0,1,1
PO007758,V0064,RAW,CN,0.639,13.8,4.94,17,7796.84,7,4,14.0,3,0,0,1
PO007759,V0088,FINISH,MX,0.697,25.4,2.03,11,3925.59,2,3,26.5,1,0,1,0
PO007760,V0086,RAW,US,0.712,8.7,1.64,11,1157.84,5,1,7.3,0,0,1,1
PO007761,V0047,PACK,US,0.861,6.9,3.57,14,6531.67,2,3,6.9,4,0,0,0
PO007762,V0020,PACK,US,0.98,9.9,1.97,17,5953.23,8,2,9.2,0,0,0,1
PO007763,V0005,RAW,CN,0.66,11.8,2.76,10,7331.59,5,4,10.3,2,1,0,0
PO007764,V0018,RAW,MX,0.757,10.6,3.81,25,7025.26,4,3,14.8,0,0,0,0
PO007765,V0080,FINISH,IN,0.721,16.6,1.84,13,9204.85,8,5,14.4,3,0,0,1
PO007766,V0014,FINISH,DE,0.85,17.2,1.31,12,54083.95,4,4,13.7,0,0,0,1
PO007767,V0091,PACK,US,0.785,6.7,1.54,13,2857.77,5,4,5.6,4,0,0,0
PO007768,V0084,PACK,IN,0.592,5.4,3.15,16,5737.53,5,1,4.7,2,0,0,0
PO007769,V0010,RAW,IN,0.761,9.5,1.46,20,58154.23,5,1,11.7,2,0,0,1
PO007770,V0012,FINISH,US,0.73,24.7,3.25,18,672.28,5,3,23.2,1,0,0,1
PO007771,V0015,FINISH,MX,0.872,25.3,1.75,21,25062.14,7,3,25.5,1,1,1,0
PO007772,V0040,SERVICE,CN,0.742,5.1,2.29,19,1997.3,4,1,6.1,4,0,0,1
PO007773,V0083,RAW,US,0.785,7.8,4.56,16,5741.86,5,3,8.5,0,0,0,1
PO007774,V0003,PACK,DE,0.708,8.1,1.56,12,3038.01,7,3,10.5,6,0,0,1
PO007775,V0096,PACK,DE,0.98,7.3,2.21,18,51956.49,1,1,7.1,5,0,0,1
PO007776,V0015,FINISH,MX,0.872,25.3,1.75,21,11399.92,5,3,25.0,4,0,0,1
PO007777,V0087,FINISH,US,0.855,19.7,4.93,9,496.04,3,4,17.4,2,0,0,1
PO007778,V0100,FINISH,US,0.802,15.8,2.59,19,8171.39,2,5,14.8,3,0,0,0
PO007779,V0069,RAW,DE,0.892,8.6,3.69,16,9110.83,2,3,11.7,1,0,0,1
PO007780,V0073,PACK,DE,0.853,7.6,4.13,14,61250.22,3,1,6.7,2,0,0,1
PO007781,V0074,SERVICE,IN,0.772,3.6,4.71,15,10293.51,2,2,4.7,6,0,0,1
PO007782,V0077,PACK,IN,0.601,6.0,1.16,11,2040.56,5,3,3.5,4,0,0,1
PO007783,V0096,PACK,DE,0.98,7.3,2.21,18,22599.54,6,4,5.2,1,0,0,0
PO007784,V0066,PACK,CN,0.769,9.7,4.46,6,1783.64,6,3,9.1,0,0,0,1
PO007785,V0034,SERVICE,CN,0.595,3.6,3.07,20,30067.34,6,2,2.1,6,0,0,1
PO007786,V0017,FINISH,IN,0.701,19.8,1.89,10,20243.18,8,5,18.8,2,1,0,1
PO007787,V0004,FINISH,DE,0.824,16.8,3.06,16,14109.15,2,4,14.0,3,1,0,1
PO007788,V0055,PACK,CN,0.619,8.4,4.01,9,767.94,4,1,6.6,5,0,1,0
PO007789,V0084,PACK,IN,0.592,5.4,3.15,16,3352.08,5,1,8.0,1,0,1,1
PO007790,V0036,FINISH,IN,0.606,23.8,4.18,21,4684.01,2,5,23.7,2,0,0,1
PO007791,V0067,FINISH,DE,0.709,27.6,4.37,19,11875.48,9,5,27.2,1,0,0,0
PO007792,V0029,FINISH,CN,0.802,15.3,2.47,12,4116.24,5,4,13.6,1,0,0,0
PO007793,V0037,RAW,DE,0.831,10.3,3.17,12,25778.2,5,2,9.2,5,0,0,0
PO007794,V0100,FINISH,US,0.802,15.8,2.59,19,96207.24,3,4,16.3,0,0,0,1
PO007795,V0007,RAW,CN,0.794,7.6,1.78,6,8703.92,6,1,7.9,4,0,0,1
PO007796,V0057,FINISH,US,0.768,15.2,3.8,17,6168.91,5,5,16.2,6,0,0,1
PO007797,V0090,RAW,CN,0.774,7.8,3.44,12,28678.87,3,2,8.0,5,1,1,1
PO007798,V0066,PACK,CN,0.769,9.7,4.46,6,3266.89,5,3,9.2,0,0,0,1
PO007799,V0088,FINISH,MX,0.697,25.4,2.03,11,49423.19,10,3,22.6,4,0,0,0
PO007800,V0078,RAW,US,0.9,7.8,2.84,11,502.55,2,2,4.2,3,0,0,1
PO007801,V0037,RAW,DE,0.831,10.3,3.17,12,3339.71,6,5,10.3,6,0,0,0
PO007802,V0005,RAW,CN,0.66,11.8,2.76,10,5457.87,6,1,11.6,1,0,0,1
PO007803,V0021,FINISH,US,0.98,22.9,3.14,9,44287.32,9,4,23.5,2,0,0,1
PO007804,V0016,FINISH,IN,0.733,18.5,1.44,12,45709.23,10,4,16.6,2,0,0,1
PO007805,V0083,RAW,US,0.785,7.8,4.56,16,8165.44,3,5,8.3,2,0,0,1
PO007806,V0013,PACK,CN,0.729,6.6,3.03,21,36608.91,3,4,6.0,0,0,0,0
PO007807,V0005,RAW,CN,0.66,11.8,2.76,10,2899.26,8,3,14.1,3,0,1,1
PO007808,V0056,PACK,US,0.729,7.2,4.55,13,2369.77,8,3,8.7,0,1,0,1
PO007809,V0068,RAW,DE,0.98,7.4,4.46,20,4864.35,6,3,5.0,6,0,0,1
PO007810,V0037,RAW,DE,0.831,10.3,3.17,12,5914.53,2,4,7.9,4,0,0,1
PO007811,V0099,FINISH,US,0.857,24.7,4.51,13,8973.39,7,3,21.0,6,0,0,0
PO007812,V0019,RAW,DE,0.886,7.4,2.11,21,5494.32,3,2,7.9,5,0,0,1
PO007813,V0073,PACK,DE,0.853,7.6,4.13,14,4687.65,6,2,6.9,0,0,0,1
PO007814,V0076,RAW,US,0.841,8.0,3.56,11,32234.95,7,3,9.0,6,0,0,0
PO007815,V0052,SERVICE,DE,0.824,6.4,2.72,18,31869.52,8,2,4.7,6,0,0,0
PO007816,V0016,FINISH,IN,0.733,18.5,1.44,12,9045.06,9,4,16.2,6,1,0,0
PO007817,V0021,FINISH,US,0.98,22.9,3.14,9,7375.37,4,5,23.2,0,0,0,1
PO007818,V0023,RAW,CN,0.614,11.8,2.55,22,5712.58,6,1,9.8,6,1,0,0
PO007819,V0086,RAW,US,0.712,8.7,1.64,11,13384.42,5,2,10.2,5,0,0,0
PO007820,V0017,FINISH,IN,0.701,19.8,1.89,10,1235.43,4,5,21.1,2,0,0,0
PO007821,V0065,FINISH,DE,0.79,26.8,4.29,23,8374.57,12,5,28.2,1,0,0,1
PO007822,V0017,FINISH,IN,0.701,19.8,1.89,10,39808.99,5,4,19.5,3,0,1,0
PO007823,V0049,RAW,US,0.878,7.5,2.28,20,627.51,7,3,5.9,5,0,0,1
PO007824,V0072,RAW,CN,0.817,8.0,1.06,13,6609.27,3,1,4.7,0,0,0,0
PO007825,V0071,PACK,CN,0.695,5.7,1.12,18,2761.64,4,4,6.0,2,0,0,1
PO007826,V0093,SERVICE,DE,0.917,6.8,1.72,8,7758.18,5,1,5.2,0,0,0,1
PO007827,V0056,PACK,US,0.729,7.2,4.55,13,553.24,7,4,7.1,1,0,0,0
PO007828,V0025,PACK,IN,0.539,5.5,4.59,21,27813.85,2,3,4.1,1,0,0,1
PO007829,V0070,FINISH,US,0.901,21.3,4.09,15,2331.45,7,3,20.9,3,0,0,0
PO007830,V0019,RAW,DE,0.886,7.4,2.11,21,11991.93,4,4,7.6,2,0,0,1
PO007831,V0014,FINISH,DE,0.85,17.2,1.31,12,1481.1,8,3,17.8,3,0,1,1
PO007832,V0083,RAW,US,0.785,7.8,4.56,16,3449.22,3,3,10.9,5,1,1,0
PO007833,V0066,PACK,CN,0.769,9.7,4.46,6,14420.83,4,4,11.9,3,0,0,0
PO007834,V0005,RAW,CN,0.66,11.8,2.76,10,21999.34,5,1,15.9,5,0,0,1
PO007835,V0044,FINISH,IN,0.629,20.6,1.39,15,5847.43,4,4,14.9,2,0,0,1
PO007836,V0079,FINISH,CN,0.65,26.2,4.68,7,6450.02,4,3,26.5,4,0,0,0
PO007837,V0088,FINISH,MX,0.697,25.4,2.03,11,949.16,2,5,24.1,2,0,0,1
PO007838,V0028,RAW,CN,0.649,12.0,1.95,13,16930.34,7,5,14.9,3,0,0,0
PO007839,V0001,SERVICE,DE,0.945,3.6,1.62,16,14651.1,5,2,8.2,2,0,0,0
PO007840,V0095,FINISH,US,0.879,19.0,4.51,14,18617.08,2,3,18.4,0,0,0,1
PO007841,V0051,FINISH,CN,0.637,24.5,4.23,13,13809.02,5,4,21.9,1,0,0,1
PO007842,V0017,FINISH,IN,0.701,19.8,1.89,10,5387.22,8,3,20.3,5,1,0,0
PO007843,V0020,PACK,US,0.98,9.9,1.97,17,2865.97,2,1,10.3,3,0,0,1
PO007844,V0043,RAW,DE,0.98,7.1,1.46,6,6509.39,8,1,5.3,5,0,0,1
PO007845,V0080,FINISH,IN,0.721,16.6,1.84,13,8089.04,5,4,16.2,1,1,0,1
PO007846,V0068,RAW,DE,0.98,7.4,4.46,20,7671.75,4,2,5.0,5,1,0,1
PO007847,V0096,PACK,DE,0.98,7.3,2.21,18,2529.65,7,3,3.6,5,0,0,1
PO007848,V0080,FINISH,IN,0.721,16.6,1.84,13,20736.24,6,4,18.8,4,0,0,0
PO007849,V0038,RAW,US,0.858,12.8,2.44,10,22322.52,10,3,13.1,1,0,0,1
PO007850,V0083,RAW,US,0.785,7.8,4.56,16,3821.91,6,4,13.4,0,0,0,1
PO007851,V0023,RAW,CN,0.614,11.8,2.55,22,12888.35,6,2,8.7,0,0,0,1
PO007852,V0092,FINISH,US,0.855,24.6,3.38,15,9697.8,5,4,25.0,4,0,0,0
PO007853,V0079,FINISH,CN,0.65,26.2,4.68,7,17702.81,9,4,28.2,0,0,1,0
PO007854,V0040,SERVICE,CN,0.742,5.1,2.29,19,28402.5,6,2,2.4,0,0,1,0
PO007855,V0008,RAW,DE,0.897,12.8,2.43,12,5176.46,4,4,14.5,2,0,0,0
PO007856,V0066,PACK,CN,0.769,9.7,4.46,6,8269.61,3,2,13.3,3,0,0,1
PO007857,V0069,RAW,DE,0.892,8.6,3.69,16,619.71,4,1,7.9,5,0,0,1
PO007858,V0091,PACK,US,0.785,6.7,1.54,13,8741.31,8,2,4.1,4,0,0,0
PO007859,V0074,SERVICE,IN,0.772,3.6,4.71,15,3243.3,5,1,1.1,0,1,0,0
PO007860,V0052,SERVICE,DE,0.824,6.4,2.72,18,3822.21,4,1,3.9,1,0,0,1
PO007861,V0065,FINISH,DE,0.79,26.8,4.29,23,6513.11,6,5,27.7,4,0,0,1
PO007862,V0049,RAW,US,0.878,7.5,2.28,20,4430.42,5,4,7.2,4,0,0,1
PO007863,V0049,RAW,US,0.878,7.5,2.28,20,48940.77,6,3,10.7,2,0,0,1
PO007864,V0092,FINISH,US,0.855,24.6,3.38,15,5863.14,8,4,25.5,2,0,0,1
PO007865,V0031,PACK,CN,0.783,6.4,1.1,17,223276.9,4,3,9.1,1,1,0,1
PO007866,V0093,SERVICE,DE,0.917,6.8,1.72,8,25556.72,5,2,8.3,0,0,0,1
PO007867,V0090,RAW,CN,0.774,7.8,3.44,12,354024.26,8,1,8.2,1,0,0,0
PO007868,V0066,PACK,CN,0.769,9.7,4.46,6,3390.71,5,4,9.9,1,1,0,0
PO007869,V0016,FINISH,IN,0.733,18.5,1.44,12,1288.64,5,5,18.5,1,1,0,0
PO007870,V0063,FINISH,MX,0.98,17.9,1.75,15,3290.57,2,4,18.0,6,0,0,0
PO007871,V0063,FINISH,MX,0.98,17.9,1.75,15,22921.07,6,4,21.5,5,0,0,1
PO007872,V0094,FINISH,CN,0.66,16.0,4.18,11,9206.15,3,3,14.6,2,0,0,1
PO007873,V0011,RAW,DE,0.769,12.1,3.55,21,3178.75,7,3,10.2,0,0,1,0
PO007874,V0066,PACK,CN,0.769,9.7,4.46,6,52270.26,5,1,10.6,5,0,0,0
PO007875,V0090,RAW,CN,0.774,7.8,3.44,12,3907.38,7,2,9.7,4,0,0,1
PO007876,V0054,RAW,MX,0.782,9.2,4.8,24,17854.79,4,4,8.3,6,1,0,1
PO007877,V0073,PACK,DE,0.853,7.6,4.13,14,350.73,7,2,6.2,5,0,0,1
PO007878,V0078,RAW,US,0.9,7.8,2.84,11,5392.12,9,4,8.2,4,0,0,1
PO007879,V0037,RAW,DE,0.831,10.3,3.17,12,1408.62,9,3,6.0,5,0,0,1
PO007880,V0090,RAW,CN,0.774,7.8,3.44,12,4223.32,7,2,7.3,4,0,1,1
PO007881,V0034,SERVICE,CN,0.595,3.6,3.07,20,1303.47,7,1,5.9,2,0,0,0
PO007882,V0080,FINISH,IN,0.721,16.6,1.84,13,652.45,7,5,18.0,5,0,1,0
PO007883,V0096,PACK,DE,0.98,7.3,2.21,18,2912.04,3,2,8.3,3,0,0,1
PO007884,V0017,FINISH,IN,0.701,19.8,1.89,10,5272.48,2,4,19.6,5,1,0,1
PO007885,V0079,FINISH,CN,0.65,26.2,4.68,7,26660.76,8,5,24.6,5,0,0,0
PO007886,V0100,FINISH,US,0.802,15.8,2.59,19,9823.04,3,3,15.9,4,0,0,0
PO007887,V0038,RAW,US,0.858,12.8,2.44,10,16881.23,7,1,11.6,6,0,0,1
PO007888,V0023,RAW,CN,0.614,11.8,2.55,22,21575.68,4,3,11.7,4,0,0,1
PO007889,V0044,FINISH,IN,0.629,20.6,1.39,15,1873.19,6,3,20.3,2,0,0,0
PO007890,V0065,FINISH,DE,0.79,26.8,4.29,23,30420.64,7,3,23.7,4,0,0,0
PO007891,V0072,RAW,CN,0.817,8.0,1.06,13,25494.33,7,1,6.7,4,0,0,1
PO007892,V0015,FINISH,MX,0.872,25.3,1.75,21,2370.5,6,3,25.8,6,1,0,1
PO007893,V0031,PACK,CN,0.783,6.4,1.1,17,4030.28,7,2,5.8,2,0,0,0
PO007894,V0026,RAW,DE,0.898,12.1,4.59,17,1526.74,13,4,13.3,2,0,0,1
PO007895,V0008,RAW,DE,0.897,12.8,2.43,12,19617.66,4,3,14.4,1,0,0,0
PO007896,V0049,RAW,US,0.878,7.5,2.28,20,2342.12,8,3,8.1,0,0,1,1
PO007897,V0093,SERVICE,DE,0.917,6.8,1.72,8,2398.19,5,2,6.9,1,0,1,0
PO007898,V0089,PACK,MX,0.613,8.8,1.75,13,4978.63,3,2,12.4,2,1,0,1
PO007899,V0055,PACK,CN,0.619,8.4,4.01,9,13336.26,11,4,9.1,4,0,0,0
PO007900,V0024,RAW,DE,0.927,13.5,4.51,12,1525.32,5,2,14.1,0,0,1,1
PO007901,V0024,RAW,DE,0.927,13.5,4.51,12,19068.64,7,2,12.8,4,0,0,1
PO007902,V0096,PACK,DE,0.98,7.3,2.21,18,14531.18,5,3,7.6,1,0,1,1
PO007903,V0022,RAW,DE,0.74,7.3,3.36,17,24844.62,4,1,7.3,3,0,0,1
PO007904,V0072,RAW,CN,0.817,8.0,1.06,13,4786.21,6,4,9.8,5,1,0,1
PO007905,V0051,FINISH,CN,0.637,24.5,4.23,13,9579.19,5,4,24.7,6,0,0,0
PO007906,V0052,SERVICE,DE,0.824,6.4,2.72,18,5174.17,3,2,2.7,2,0,0,1
PO007907,V0042,FINISH,CN,0.807,23.2,2.12,16,20388.01,6,4,20.1,4,0,0,1
PO007908,V0012,FINISH,US,0.73,24.7,3.25,18,30319.64,5,5,23.3,2,0,1,0
PO007909,V0063,FINISH,MX,0.98,17.9,1.75,15,6088.96,5,4,18.8,2,1,1,1
PO007910,V0057,FINISH,US,0.768,15.2,3.8,17,2208.85,3,4,13.3,6,0,0,0
PO007911,V0095,FINISH,US,0.879,19.0,4.51,14,28980.83,6,5,19.0,2,0,1,1
PO007912,V0083,RAW,US,0.785,7.8,4.56,16,9344.78,3,4,6.9,3,0,0,0
PO007913,V0096,PACK,DE,0.98,7.3,2.21,18,5758.93,7,3,5.5,4,0,0,1
PO007914,V0068,RAW,DE,0.98,7.4,4.46,20,848.15,5,1,7.4,2,0,0,1
PO007915,V0055,PACK,CN,0.619,8.4,4.01,9,72283.22,9,2,7.4,0,1,0,1
PO007916,V0051,FINISH,CN,0.637,24.5,4.23,13,28125.86,7,3,24.8,1,0,0,1
PO007917,V0059,PACK,IN,0.786,5.6,2.97,7,107701.48,4,1,5.0,1,1,0,1
PO007918,V0056,PACK,US,0.729,7.2,4.55,13,10245.63,4,5,8.3,2,0,0,1
PO007919,V0084,PACK,IN,0.592,5.4,3.15,16,70935.8,6,3,6.3,0,0,0,1
PO007920,V0050,RAW,IN,0.638,7.8,3.79,16,660.68,2,1,10.2,5,0,0,0
PO007921,V0051,FINISH,CN,0.637,24.5,4.23,13,8155.71,1,3,30.1,4,0,0,0
PO007922,V0077,PACK,IN,0.601,6.0,1.16,11,10954.86,5,2,6.7,5,1,1,0
PO007923,V0021,FINISH,US,0.98,22.9,3.14,9,7174.86,2,4,23.7,2,0,0,1
PO007924,V0070,FINISH,US,0.901,21.3,4.09,15,9356.47,2,3,20.3,2,0,0,0
PO007925,V0067,FINISH,DE,0.709,27.6,4.37,19,8570.32,7,4,26.7,3,0,0,1
PO007926,V0053,SERVICE,US,0.98,4.3,4.58,14,109039.06,5,2,5.5,3,0,0,1
PO007927,V0002,SERVICE,US,0.98,6.3,1.85,11,9943.12,8,1,10.5,4,0,0,1
PO007928,V0024,RAW,DE,0.927,13.5,4.51,12,66668.32,3,4,13.3,1,0,0,1
PO007929,V0026,RAW,DE,0.898,12.1,4.59,17,3545.49,6,1,11.1,2,0,0,1
PO007930,V0039,RAW,IN,0.627,7.4,3.13,15,5126.46,5,4,4.9,4,1,1,0
PO007931,V0036,FINISH,IN,0.606,23.8,4.18,21,11002.05,6,5,23.2,6,0,0,0
PO007932,V0020,PACK,US,0.98,9.9,1.97,17,9820.34,2,4,9.8,0,0,0,1
PO007933,V0002,SERVICE,US,0.98,6.3,1.85,11,4627.49,8,2,8.0,0,1,1,1
PO007934,V0003,PACK,DE,0.708,8.1,1.56,12,2912.73,4,3,5.9,2,0,0,1
PO007935,V0074,SERVICE,IN,0.772,3.6,4.71,15,1124.14,8,2,6.2,2,0,0,1
PO007936,V0027,FINISH,US,0.879,14.1,1.64,15,36252.56,4,4,13.7,3,0,0,1
PO007937,V0003,PACK,DE,0.708,8.1,1.56,12,29119.34,10,1,8.2,6,0,0,1
PO007938,V0037,RAW,DE,0.831,10.3,3.17,12,763.85,6,2,10.5,5,0,0,1
PO007939,V0054,RAW,MX,0.782,9.2,4.8,24,21981.77,7,2,7.1,3,0,0,0
PO007940,V0032,SERVICE,MX,0.694,6.7,2.48,12,4336.46,4,2,8.0,5,0,0,1
PO007941,V0032,SERVICE,MX,0.694,6.7,2.48,12,6482.73,4,1,7.2,1,0,0,0
PO007942,V0004,FINISH,DE,0.824,16.8,3.06,16,1201.11,4,3,17.5,3,0,0,1
PO007943,V0024,RAW,DE,0.927,13.5,4.51,12,21621.15,3,3,15.3,0,0,0,1
PO007944,V0091,PACK,US,0.785,6.7,1.54,13,6043.89,4,1,6.7,2,0,0,1
PO007945,V0032,SERVICE,MX,0.694,6.7,2.48,12,13988.12,6,2,3.4,1,0,0,1
PO007946,V0049,RAW,US,0.878,7.5,2.28,20,6957.59,3,2,7.7,6,0,0,0
PO007947,V0089,PACK,MX,0.613,8.8,1.75,13,24903.42,8,1,12.2,1,0,0,1
PO007948,V0082,PACK,US,0.825,7.7,1.97,12,10918.28,5,3,8.5,1,1,0,1
PO007949,V0038,RAW,US,0.858,12.8,2.44,10,5950.73,6,2,14.7,5,0,0,1
PO007950,V0088,FINISH,MX,0.697,25.4,2.03,11,5590.03,3,5,25.5,3,0,0,0
PO007951,V0035,FINISH,CN,0.582,25.3,4.24,15,5205.77,8,4,26.9,1,1,0,0
PO007952,V0008,RAW,DE,0.897,12.8,2.43,12,4543.02,3,2,13.7,4,0,0,1
PO007953,V0011,RAW,DE,0.769,12.1,3.55,21,8856.18,5,1,10.5,1,0,0,1
PO007954,V0042,FINISH,CN,0.807,23.2,2.12,16,2350.65,6,3,22.3,2,0,0,1
PO007955,V0004,FINISH,DE,0.824,16.8,3.06,16,13568.45,11,4,17.9,0,0,0,1
PO007956,V0027,FINISH,US,0.879,14.1,1.64,15,1582.93,3,3,13.8,3,0,0,1
PO007957,V0100,FINISH,US,0.802,15.8,2.59,19,3754.15,3,5,15.5,2,0,0,0
PO007958,V0092,FINISH,US,0.855,24.6,3.38,15,26148.84,4,3,22.0,2,0,1,1
PO007959,V0077,PACK,IN,0.601,6.0,1.16,11,43420.45,5,3,4.3,1,0,0,0
PO007960,V0078,RAW,US,0.9,7.8,2.84,11,10820.69,5,4,5.7,3,0,0,1
PO007961,V0058,SERVICE,US,0.874,4.5,2.48,13,18713.22,7,2,5.5,3,1,0,1
PO007962,V0078,RAW,US,0.9,7.8,2.84,11,7932.6,5,4,4.1,6,0,1,1
PO007963,V0077,PACK,IN,0.601,6.0,1.16,11,91788.21,10,1,6.7,0,1,0,0
PO007964,V0063,FINISH,MX,0.98,17.9,1.75,15,16496.4,3,5,15.6,1,1,1,1
PO007965,V0049,RAW,US,0.878,7.5,2.28,20,14681.57,4,3,8.8,0,0,0,0
PO007966,V0100,FINISH,US,0.802,15.8,2.59,19,723.87,6,4,16.7,1,0,0,0
PO007967,V0057,FINISH,US,0.768,15.2,3.8,17,3257.35,6,3,15.7,5,0,0,1
PO007968,V0001,SERVICE,DE,0.945,3.6,1.62,16,4182.51,7,2,6.0,5,1,0,1
PO007969,V0045,PACK,US,0.98,8.2,1.18,13,4790.18,4,2,9.2,4,0,0,1
PO007970,V0036,FINISH,IN,0.606,23.8,4.18,21,3829.21,3,4,23.0,2,0,0,1
PO007971,V0040,SERVICE,CN,0.742,5.1,2.29,19,5965.86,5,2,9.0,0,0,0,1
PO007972,V0020,PACK,US,0.98,9.9,1.97,17,70449.18,2,4,10.2,0,0,0,1
PO007973,V0049,RAW,US,0.878,7.5,2.28,20,5555.97,5,2,6.3,3,0,0,1
PO007974,V0048,PACK,MX,0.846,9.8,4.62,11,816.28,4,4,9.3,0,0,1,0
PO007975,V0080,FINISH,IN,0.721,16.6,1.84,13,2041.7,5,5,16.4,1,0,0,1
PO007976,V0012,FINISH,US,0.73,24.7,3.25,18,9936.71,4,5,22.3,1,0,0,1
PO007977,V0050,RAW,IN,0.638,7.8,3.79,16,17310.13,5,3,9.2,0,0,0,1
PO007978,V0027,FINISH,US,0.879,14.1,1.64,15,2244.51,7,4,13.3,0,0,0,1
PO007979,V0001,SERVICE,DE,0.945,3.6,1.62,16,868.48,7,2,3.0,2,0,0,1
PO007980,V0001,SERVICE,DE,0.945,3.6,1.62,16,3929.34,4,2,3.7,1,0,0,1
PO007981,V0083,RAW,US,0.785,7.8,4.56,16,70741.81,6,4,6.6,2,0,0,1
PO007982,V0084,PACK,IN,0.592,5.4,3.15,16,5210.71,4,2,4.3,5,0,0,0
PO007983,V0100,FINISH,US,0.802,15.8,2.59,19,16419.75,3,4,16.0,6,0,0,1
PO007984,V0032,SERVICE,MX,0.694,6.7,2.48,12,1668.56,6,2,9.2,1,1,0,1
PO007985,V0004,FINISH,DE,0.824,16.8,3.06,16,4894.86,3,5,16.1,2,1,0,0
PO007986,V0029,FINISH,CN,0.802,15.3,2.47,12,53764.48,7,3,12.4,4,0,0,1
PO007987,V0085,RAW,DE,0.792,11.5,3.28,16,1105.87,2,3,11.3,0,0,1,1
PO007988,V0021,FINISH,US,0.98,22.9,3.14,9,414.56,4,5,23.8,3,0,1,1
PO007989,V0018,RAW,MX,0.757,10.6,3.81,25,6167.87,3,2,9.7,4,0,0,1
PO007990,V0045,PACK,US,0.98,8.2,1.18,13,3322.33,6,4,5.5,1,0,0,0
PO007991,V0001,SERVICE,DE,0.945,3.6,1.62,16,716.71,2,2,6.7,6,0,0,1
PO007992,V0086,RAW,US,0.712,8.7,1.64,11,6698.23,6,1,8.9,1,0,0,0
PO007993,V0030,PACK,MX,0.97,9.5,3.52,19,10532.28,8,3,13.9,5,0,0,1
PO007994,V0087,FINISH,US,0.855,19.7,4.93,9,33789.85,6,4,21.4,4,0,0,0
PO007995,V0037,RAW,DE,0.831,10.3,3.17,12,8685.09,7,3,10.4,5,0,0,1
PO007996,V0059,PACK,IN,0.786,5.6,2.97,7,16652.78,4,1,6.2,3,0,0,1
PO007997,V0072,RAW,CN,0.817,8.0,1.06,13,1436.31,2,2,9.3,4,0,0,1
PO007998,V0090,RAW,CN,0.774,7.8,3.44,12,17403.96,5,3,13.8,3,0,0,0
PO007999,V0014,FINISH,DE,0.85,17.2,1.31,12,1816.13,4,3,18.5,2,0,0,1
PO008000,V0054,RAW,MX,0.782,9.2,4.8,24,2036.38,7,3,9.6,1,0,0,0
PO008001,V0014,FINISH,DE,0.85,17.2,1.31,12,11900.64,6,3,20.1,2,0,0,1
PO008002,V0070,FINISH,US,0.901,21.3,4.09,15,1321.93,8,4,23.7,5,0,0,0
PO008003,V0080,FINISH,IN,0.721,16.6,1.84,13,4553.46,6,5,14.0,4,1,1,0
PO008004,V0055,PACK,CN,0.619,8.4,4.01,9,15188.63,7,2,11.8,4,0,0,0
PO008005,V0034,SERVICE,CN,0.595,3.6,3.07,20,35432.9,8,1,3.0,0,0,0,1
PO008006,V0100,FINISH,US,0.802,15.8,2.59,19,47786.39,2,4,13.0,0,0,0,0
PO008007,V0078,RAW,US,0.9,7.8,2.84,11,6708.65,2,5,7.6,2,0,1,0
PO008008,V0064,RAW,CN,0.639,13.8,4.94,17,12875.09,1,2,12.5,5,0,0,0
PO008009,V0008,RAW,DE,0.897,12.8,2.43,12,18237.66,3,4,11.9,3,0,0,1
PO008010,V0030,PACK,MX,0.97,9.5,3.52,19,7200.23,3,2,8.7,6,1,0,1
PO008011,V0089,PACK,MX,0.613,8.8,1.75,13,4690.1,9,4,7.5,4,0,1,0
PO008012,V0039,RAW,IN,0.627,7.4,3.13,15,4922.88,7,2,5.8,2,0,0,1
PO008013,V0033,RAW,IN,0.721,13.6,3.78,16,2004.96,6,5,17.2,4,0,0,1
PO008014,V0024,RAW,DE,0.927,13.5,4.51,12,5368.71,6,5,9.1,1,0,0,0
PO008015,V0052,SERVICE,DE,0.824,6.4,2.72,18,6904.64,2,1,6.1,1,0,0,1
PO008016,V0076,RAW,US,0.841,8.0,3.56,11,1785.59,7,3,7.7,5,0,0,1
PO008017,V0039,RAW,IN,0.627,7.4,3.13,15,873231.8,3,3,6.4,6,0,1,0
PO008018,V0042,FINISH,CN,0.807,23.2,2.12,16,23266.62,9,3,24.3,5,0,0,1
PO008019,V0058,SERVICE,US,0.874,4.5,2.48,13,141552.6,3,2,4.9,2,1,1,1
PO008020,V0048,PACK,MX,0.846,9.8,4.62,11,2379.12,5,2,6.4,4,0,1,0
PO008021,V0004,FINISH,DE,0.824,16.8,3.06,16,14564.84,7,3,17.4,2,0,0,1
PO008022,V0009,FINISH,US,0.782,14.1,4.26,17,9506.83,6,3,17.5,3,0,0,0
PO008023,V0003,PACK,DE,0.708,8.1,1.56,12,17893.6,3,3,6.3,5,0,0,1
PO008024,V0045,PACK,US,0.98,8.2,1.18,13,27969.48,4,4,7.9,3,0,1,0
PO008025,V0088,FINISH,MX,0.697,25.4,2.03,11,22113.31,7,5,28.3,3,0,0,0
PO008026,V0080,FINISH,IN,0.721,16.6,1.84,13,10016.04,3,5,13.9,3,0,0,1
PO008027,V0074,SERVICE,IN,0.772,3.6,4.71,15,55020.91,7,1,1.6,0,0,0,0
PO008028,V0056,PACK,US,0.729,7.2,4.55,13,7845.13,4,2,6.1,2,0,0,1
PO008029,V0046,FINISH,CN,0.577,23.2,1.65,8,16132.69,6,3,23.0,2,0,0,1
PO008030,V0017,FINISH,IN,0.701,19.8,1.89,10,1386.97,5,4,19.1,1,1,0,1
PO008031,V0001,SERVICE,DE,0.945,3.6,1.62,16,3039.08,6,2,4.2,5,0,0,1
PO008032,V0032,SERVICE,MX,0.694,6.7,2.48,12,47009.18,1,1,5.0,0,0,0,0
PO008033,V0017,FINISH,IN,0.701,19.8,1.89,10,4280.6,6,3,17.5,0,0,0,0
PO008034,V0056,PACK,US,0.729,7.2,4.55,13,5884.21,8,2,8.9,6,0,0,0
PO008035,V0033,RAW,IN,0.721,13.6,3.78,16,3710.5,6,2,9.9,3,0,0,1
PO008036,V0046,FINISH,CN,0.577,23.2,1.65,8,891.19,2,5,23.5,2,0,1,0
PO008037,V0044,FINISH,IN,0.629,20.6,1.39,15,2166.22,6,4,22.2,5,0,0,1
PO008038,V0066,PACK,CN,0.769,9.7,4.46,6,13115.78,5,2,9.3,5,0,0,1
PO008039,V0079,FINISH,CN,0.65,26.2,4.68,7,869.91,6,4,27.0,2,0,0,1
PO008040,V0006,SERVICE,US,0.821,4.0,3.65,13,11920.31,4,2,8.1,3,0,0,1
PO008041,V0021,FINISH,US,0.98,22.9,3.14,9,9974.24,4,4,22.1,2,1,0,1
PO008042,V0083,RAW,US,0.785,7.8,4.56,16,29301.51,3,3,11.1,5,1,0,1
PO008043,V0055,PACK,CN,0.619,8.4,4.01,9,7302.55,2,1,8.0,4,0,0,0
PO008044,V0039,RAW,IN,0.627,7.4,3.13,15,1018.51,9,2,5.2,4,0,0,0
PO008045,V0013,PACK,CN,0.729,6.6,3.03,21,13012.78,5,1,7.3,0,1,0,1
PO008046,V0066,PACK,CN,0.769,9.7,4.46,6,16366.14,2,4,11.3,4,0,0,1
PO008047,V0076,RAW,US,0.841,8.0,3.56,11,12444.53,6,2,10.6,4,0,0,1
PO008048,V0028,RAW,CN,0.649,12.0,1.95,13,20070.93,4,3,14.5,1,0,1,1
PO008049,V0087,FINISH,US,0.855,19.7,4.93,9,27939.12,5,3,18.8,4,1,0,0
PO008050,V0006,SERVICE,US,0.821,4.0,3.65,13,925.52,5,1,2.8,1,0,0,1
PO008051,V0018,RAW,MX,0.757,10.6,3.81,25,5818.88,6,3,12.1,4,0,0,1
PO008052,V0093,SERVICE,DE,0.917,6.8,1.72,8,30895.46,2,2,9.8,1,0,0,1
PO008053,V0032,SERVICE,MX,0.694,6.7,2.48,12,21521.16,6,1,6.5,2,0,0,1
PO008054,V0032,SERVICE,MX,0.694,6.7,2.48,12,33469.73,6,1,6.7,5,0,0,1
PO008055,V0023,RAW,CN,0.614,11.8,2.55,22,24719.28,6,1,10.4,2,0,0,1
PO008056,V0083,RAW,US,0.785,7.8,4.56,16,11422.03,6,2,9.1,2,0,0,1
PO008057,V0031,PACK,CN,0.783,6.4,1.1,17,15429.83,6,2,6.7,1,0,0,1
PO008058,V0060,FINISH,US,0.834,24.4,3.33,25,4906.44,7,4,25.7,3,0,0,1
PO008059,V0089,PACK,MX,0.613,8.8,1.75,13,268.91,3,2,13.4,4,0,0,0
PO008060,V0041,RAW,DE,0.93,9.9,1.69,10,2762.29,4,3,7.3,5,1,0,1
PO008061,V0015,FINISH,MX,0.872,25.3,1.75,21,1397.52,4,5,28.6,6,0,0,1
PO008062,V0060,FINISH,US,0.834,24.4,3.33,25,13566.98,6,4,23.7,2,0,1,0
PO008063,V0053,SERVICE,US,0.98,4.3,4.58,14,9189.67,2,2,5.6,2,1,1,1
PO008064,V0007,RAW,CN,0.794,7.6,1.78,6,10265.69,4,3,6.9,6,0,0,0
PO008065,V0078,RAW,US,0.9,7.8,2.84,11,8427.93,1,2,8.7,5,0,0,1
PO008066,V0088,FINISH,MX,0.697,25.4,2.03,11,5145.06,8,3,26.5,6,0,0,0
PO008067,V0022,RAW,DE,0.74,7.3,3.36,17,34244.48,2,4,4.7,1,0,0,0
PO008068,V0072,RAW,CN,0.817,8.0,1.06,13,12037.38,10,3,9.1,4,0,0,1
PO008069,V0047,PACK,US,0.861,6.9,3.57,14,15684.79,4,1,6.6,2,0,0,0
PO008070,V0018,RAW,MX,0.757,10.6,3.81,25,1847.85,4,4,10.1,1,0,0,0
PO008071,V0046,FINISH,CN,0.577,23.2,1.65,8,8208.55,6,3,24.5,2,0,0,0
PO008072,V0098,FINISH,US,0.629,22.7,3.13,10,45348.9,4,4,20.2,6,0,0,1
PO008073,V0055,PACK,CN,0.619,8.4,4.01,9,122873.1,6,1,9.1,1,0,0,0
PO008074,V0092,FINISH,US,0.855,24.6,3.38,15,2640.93,6,5,23.2,2,0,1,0
PO008075,V0049,RAW,US,0.878,7.5,2.28,20,9073.43,3,1,5.3,6,0,0,1
PO008076,V0093,SERVICE,DE,0.917,6.8,1.72,8,6941.39,8,1,3.5,3,0,0,1
PO008077,V0028,RAW,CN,0.649,12.0,1.95,13,3586.57,5,1,11.6,0,0,0,1
PO008078,V0081,PACK,CN,0.884,5.2,2.01,15,68944.51,4,4,4.0,1,0,0,1
PO008079,V0003,PACK,DE,0.708,8.1,1.56,12,9577.1,4,2,12.4,5,0,0,1
PO008080,V0038,RAW,US,0.858,12.8,2.44,10,2630.92,1,3,11.9,5,0,0,0
PO008081,V0011,RAW,DE,0.769,12.1,3.55,21,21865.18,6,1,12.3,1,0,0,1
PO008082,V0050,RAW,IN,0.638,7.8,3.79,16,6992.82,3,2,9.9,1,0,0,1
PO008083,V0007,RAW,CN,0.794,7.6,1.78,6,20564.09,3,2,1.9,4,0,0,0
PO008084,V0027,FINISH,US,0.879,14.1,1.64,15,6712.71,5,4,12.8,5,0,0,1
PO008085,V0061,FINISH,US,0.872,15.0,3.22,16,38661.39,7,4,14.4,4,0,1,0
PO008086,V0001,SERVICE,DE,0.945,3.6,1.62,16,3155.01,8,2,7.1,0,0,0,1
PO008087,V0003,PACK,DE,0.708,8.1,1.56,12,54739.33,5,2,7.9,3,0,1,0
PO008088,V0004,FINISH,DE,0.824,16.8,3.06,16,2622.02,9,3,16.2,0,0,0,0
PO008089,V0054,RAW,MX,0.782,9.2,4.8,24,24980.91,3,1,8.6,1,0,0,1
PO008090,V0039,RAW,IN,0.627,7.4,3.13,15,30786.25,7,1,6.2,3,0,0,1
PO008091,V0028,RAW,CN,0.649,12.0,1.95,13,23623.46,3,2,7.6,6,0,0,1
PO008092,V0056,PACK,US,0.729,7.2,4.55,13,25963.34,6,2,6.6,1,0,0,0
PO008093,V0025,PACK,IN,0.539,5.5,4.59,21,7085.47,2,1,4.9,2,0,0,1
PO008094,V0004,FINISH,DE,0.824,16.8,3.06,16,1020.8,10,3,17.5,4,0,0,0
PO008095,V0095,FINISH,US,0.879,19.0,4.51,14,2915.67,7,3,17.6,4,0,1,0
PO008096,V0045,PACK,US,0.98,8.2,1.18,13,40180.71,6,2,9.8,4,0,0,1
PO008097,V0094,FINISH,CN,0.66,16.0,4.18,11,16897.47,9,3,15.5,1,0,0,0
PO008098,V0062,FINISH,DE,0.881,22.2,4.6,6,690.96,3,3,21.8,0,0,0,1
PO008099,V0049,RAW,US,0.878,7.5,2.28,20,5669.75,2,2,7.7,4,0,0,0
PO008100,V0095,FINISH,US,0.879,19.0,4.51,14,1655.57,6,3,21.9,6,0,0,0
PO008101,V0025,PACK,IN,0.539,5.5,4.59,21,33423.78,4,3,7.4,3,0,0,1
PO008102,V0075,SERVICE,DE,0.673,5.5,1.96,8,1594.95,3,1,6.7,4,0,0,0
PO008103,V0094,FINISH,CN,0.66,16.0,4.18,11,9706.61,3,3,16.3,4,0,1,0
PO008104,V0023,RAW,CN,0.614,11.8,2.55,22,92612.96,4,4,12.0,3,0,0,0
PO008105,V0058,SERVICE,US,0.874,4.5,2.48,13,52585.59,1,1,1.0,0,0,0,1
PO008106,V0036,FINISH,IN,0.606,23.8,4.18,21,5944.84,4,5,20.6,0,0,0,0
PO008107,V0030,PACK,MX,0.97,9.5,3.52,19,1611.91,5,4,9.3,3,1,1,1
PO008108,V0082,PACK,US,0.825,7.7,1.97,12,6673.43,8,4,11.0,2,0,0,1
PO008109,V0077,PACK,IN,0.601,6.0,1.16,11,8192.9,6,2,4.6,0,0,0,1
PO008110,V0096,PACK,DE,0.98,7.3,2.21,18,9805.92,9,2,6.3,3,0,0,1
PO008111,V0026,RAW,DE,0.898,12.1,4.59,17,30646.96,5,5,13.9,2,0,0,0
PO008112,V0076,RAW,US,0.841,8.0,3.56,11,376.79,4,2,9.9,6,1,0,0
PO008113,V0078,RAW,US,0.9,7.8,2.84,11,5676.77,3,3,5.9,0,1,1,1
PO008114,V0094,FINISH,CN,0.66,16.0,4.18,11,15760.12,4,5,16.1,5,0,0,0
PO008115,V0088,FINISH,MX,0.697,25.4,2.03,11,2068.58,3,5,30.1,5,0,0,1
PO008116,V0098,FINISH,US,0.629,22.7,3.13,10,33931.9,8,4,22.4,4,0,0,0
PO008117,V0094,FINISH,CN,0.66,16.0,4.18,11,8043.67,2,4,16.2,0,1,0,0
PO008118,V0016,FINISH,IN,0.733,18.5,1.44,12,7503.03,4,4,19.5,2,0,0,1
PO008119,V0027,FINISH,US,0.879,14.1,1.64,15,2199.28,3,5,14.4,2,1,1,1
PO008120,V0088,FINISH,MX,0.697,25.4,2.03,11,24470.22,3,4,25.2,6,0,0,1
PO008121,V0007,RAW,CN,0.794,7.6,1.78,6,4111.2,5,2,8.4,1,0,0,1
PO008122,V0054,RAW,MX,0.782,9.2,4.8,24,40751.43,6,4,8.6,4,1,0,0
PO008123,V0032,SERVICE,MX,0.694,6.7,2.48,12,3753.53,2,1,6.7,5,0,0,1
PO008124,V0008,RAW,DE,0.897,12.8,2.43,12,3012.33,7,3,15.5,4,0,0,1
PO008125,V0093,SERVICE,DE,0.917,6.8,1.72,8,2411.53,2,1,4.7,5,0,0,0
PO008126,V0074,SERVICE,IN,0.772,3.6,4.71,15,3644.73,6,1,3.6,2,0,0,0
PO008127,V0079,FINISH,CN,0.65,26.2,4.68,7,11858.86,2,4,25.6,6,1,0,0
PO008128,V0087,FINISH,US,0.855,19.7,4.93,9,8245.92,3,5,18.4,4,0,1,0
PO008129,V0067,FINISH,DE,0.709,27.6,4.37,19,3070.09,3,4,28.7,1,0,0,1
PO008130,V0086,RAW,US,0.712,8.7,1.64,11,9251.57,6,4,9.5,2,1,0,0
PO008131,V0003,PACK,DE,0.708,8.1,1.56,12,9021.67,7,1,9.1,1,0,0,1
PO008132,V0039,RAW,IN,0.627,7.4,3.13,15,1557.79,8,4,5.2,6,0,0,1
PO008133,V0057,FINISH,US,0.768,15.2,3.8,17,50643.73,3,4,17.1,1,0,0,0
PO008134,V0017,FINISH,IN,0.701,19.8,1.89,10,7481.71,5,3,16.7,5,0,0,0
PO008135,V0016,FINISH,IN,0.733,18.5,1.44,12,13652.47,11,4,14.6,6,1,0,0
PO008136,V0081,PACK,CN,0.884,5.2,2.01,15,2604.71,4,2,2.2,3,0,0,1
PO008137,V0048,PACK,MX,0.846,9.8,4.62,11,22758.14,5,2,12.5,5,1,1,1
PO008138,V0010,RAW,IN,0.761,9.5,1.46,20,7599.61,5,4,9.9,2,0,0,0
PO008139,V0008,RAW,DE,0.897,12.8,2.43,12,3123.52,7,2,13.5,4,0,0,1
PO008140,V0037,RAW,DE,0.831,10.3,3.17,12,4800.45,0,3,8.3,0,0,0,1
PO008141,V0039,RAW,IN,0.627,7.4,3.13,15,13062.77,5,2,10.1,3,0,0,1
PO008142,V0051,FINISH,CN,0.637,24.5,4.23,13,1427.04,5,3,26.4,6,0,1,0
PO008143,V0064,RAW,CN,0.639,13.8,4.94,17,6007.11,10,3,14.8,5,0,0,1
PO008144,V0035,FINISH,CN,0.582,25.3,4.24,15,5249.05,5,4,26.3,0,1,1,0
PO008145,V0062,FINISH,DE,0.881,22.2,4.6,6,21988.1,9,4,20.7,3,0,0,1
PO008146,V0099,FINISH,US,0.857,24.7,4.51,13,4493.56,8,5,25.9,2,0,0,1
PO008147,V0054,RAW,MX,0.782,9.2,4.8,24,21920.51,5,1,9.8,2,0,0,1
PO008148,V0083,RAW,US,0.785,7.8,4.56,16,1747.92,6,1,6.4,0,0,0,0
PO008149,V0014,FINISH,DE,0.85,17.2,1.31,12,4623.48,5,4,16.2,2,0,0,0
PO008150,V0036,FINISH,IN,0.606,23.8,4.18,21,23936.02,6,5,21.9,1,0,0,0
PO008151,V0002,SERVICE,US,0.98,6.3,1.85,11,21204.08,0,1,4.7,4,0,1,0
PO008152,V0034,SERVICE,CN,0.595,3.6,3.07,20,5021.3,6,2,3.8,4,0,1,0
PO008153,V0063,FINISH,MX,0.98,17.9,1.75,15,28896.74,5,5,18.7,4,1,1,0
PO008154,V0040,SERVICE,CN,0.742,5.1,2.29,19,48172.52,3,2,7.7,3,0,0,1
PO008155,V0068,RAW,DE,0.98,7.4,4.46,20,214421.94,8,2,3.9,4,0,0,1
PO008156,V0080,FINISH,IN,0.721,16.6,1.84,13,6987.5,3,3,15.4,6,0,0,0
PO008157,V0053,SERVICE,US,0.98,4.3,4.58,14,10148.33,5,1,5.1,2,0,0,1
PO008158,V0055,PACK,CN,0.619,8.4,4.01,9,4061.46,7,5,8.3,0,0,0,0
PO008159,V0020,PACK,US,0.98,9.9,1.97,17,23462.25,3,4,9.8,6,0,0,0
PO008160,V0017,FINISH,IN,0.701,19.8,1.89,10,3450.19,7,5,20.3,6,0,0,1
PO008161,V0070,FINISH,US,0.901,21.3,4.09,15,18727.99,2,4,26.0,0,0,0,1
PO008162,V0016,FINISH,IN,0.733,18.5,1.44,12,39228.91,4,3,18.4,4,0,0,1
PO008163,V0011,RAW,DE,0.769,12.1,3.55,21,12107.34,1,2,14.0,2,0,0,1
PO008164,V0016,FINISH,IN,0.733,18.5,1.44,12,43431.61,2,3,20.2,1,0,0,1
PO008165,V0039,RAW,IN,0.627,7.4,3.13,15,9087.37,5,5,9.0,1,1,0,1
PO008166,V0100,FINISH,US,0.802,15.8,2.59,19,26031.66,8,4,14.8,2,0,1,0
PO008167,V0030,PACK,MX,0.97,9.5,3.52,19,18593.14,8,1,10.5,1,0,0,1
PO008168,V0068,RAW,DE,0.98,7.4,4.46,20,4209.39,6,1,7.3,5,0,0,1
PO008169,V0011,RAW,DE,0.769,12.1,3.55,21,1659.72,5,2,11.2,0,0,0,1
PO008170,V0041,RAW,DE,0.93,9.9,1.69,10,17820.39,6,4,13.5,5,0,0,1
PO008171,V0079,FINISH,CN,0.65,26.2,4.68,7,4533.32,4,4,27.2,3,0,1,0
PO008172,V0032,SERVICE,MX,0.694,6.7,2.48,12,25630.27,9,1,9.8,2,0,0,1
PO008173,V0016,FINISH,IN,0.733,18.5,1.44,12,75887.14,2,4,20.6,2,0,0,1
PO008174,V0054,RAW,MX,0.782,9.2,4.8,24,9754.47,7,2,9.6,2,0,0,0
PO008175,V0056,PACK,US,0.729,7.2,4.55,13,6772.52,4,3,5.2,1,0,0,0
PO008176,V0024,RAW,DE,0.927,13.5,4.51,12,72169.57,4,4,12.8,6,0,0,1
PO008177,V0012,FINISH,US,0.73,24.7,3.25,18,11610.94,1,3,26.5,6,0,0,1
PO008178,V0071,PACK,CN,0.695,5.7,1.12,18,23105.76,3,4,2.9,1,0,1,1
PO008179,V0046,FINISH,CN,0.577,23.2,1.65,8,17698.48,6,3,23.9,3,0,0,0
PO008180,V0057,FINISH,US,0.768,15.2,3.8,17,20184.59,8,5,17.7,6,0,1,0
PO008181,V0069,RAW,DE,0.892,8.6,3.69,16,3676.6,7,1,7.3,4,1,0,1
PO008182,V0011,RAW,DE,0.769,12.1,3.55,21,48095.07,4,2,6.8,4,0,0,1
PO008183,V0100,FINISH,US,0.802,15.8,2.59,19,38879.13,5,3,15.8,1,0,0,1
PO008184,V0022,RAW,DE,0.74,7.3,3.36,17,51232.15,5,3,5.5,4,0,0,1
PO008185,V0035,FINISH,CN,0.582,25.3,4.24,15,12881.55,5,3,26.7,2,0,0,0
PO008186,V0072,RAW,CN,0.817,8.0,1.06,13,18596.51,5,4,9.1,3,0,0,1
PO008187,V0072,RAW,CN,0.817,8.0,1.06,13,5454.12,5,1,11.0,6,0,0,1
PO008188,V0013,PACK,CN,0.729,6.6,3.03,21,8405.56,5,3,5.8,4,0,0,1
PO008189,V0069,RAW,DE,0.892,8.6,3.69,16,9499.13,4,2,7.1,0,1,0,1
PO008190,V0015,FINISH,MX,0.872,25.3,1.75,21,19942.58,3,4,24.6,1,0,0,1
PO008191,V0025,PACK,IN,0.539,5.5,4.59,21,4932.9,7,2,6.3,0,0,1,1
PO008192,V0099,FINISH,US,0.857,24.7,4.51,13,9017.42,9,4,23.7,4,0,0,1
PO008193,V0090,RAW,CN,0.774,7.8,3.44,12,11649.42,6,4,6.2,0,0,0,1
PO008194,V0022,RAW,DE,0.74,7.3,3.36,17,2483.18,3,4,7.4,4,0,0,1
PO008195,V0034,SERVICE,CN,0.595,3.6,3.07,20,7116.75,7,2,2.7,1,0,0,1
PO008196,V0053,SERVICE,US,0.98,4.3,4.58,14,5509.75,3,2,5.3,3,0,1,1
PO008197,V0069,RAW,DE,0.892,8.6,3.69,16,2162.4,2,3,6.7,6,0,0,1
PO008198,V0094,FINISH,CN,0.66,16.0,4.18,11,2754.43,5,4,16.0,3,0,0,1
PO008199,V0020,PACK,US,0.98,9.9,1.97,17,5453.84,4,1,6.1,0,0,0,1
PO008200,V0031,PACK,CN,0.783,6.4,1.1,17,2710.18,7,2,6.0,0,0,0,1
PO008201,V0032,SERVICE,MX,0.694,6.7,2.48,12,18531.01,4,2,6.5,3,0,0,0
PO008202,V0004,FINISH,DE,0.824,16.8,3.06,16,16160.89,8,3,18.4,5,0,0,0
PO008203,V0005,RAW,CN,0.66,11.8,2.76,10,5397.02,5,5,12.6,2,0,0,1
PO008204,V0030,PACK,MX,0.97,9.5,3.52,19,23597.01,0,3,9.4,4,0,0,1
PO008205,V0033,RAW,IN,0.721,13.6,3.78,16,4430.81,5,4,15.0,5,0,0,0
PO008206,V0094,FINISH,CN,0.66,16.0,4.18,11,27628.36,4,4,17.5,1,0,0,0
PO008207,V0015,FINISH,MX,0.872,25.3,1.75,21,48807.22,8,4,25.2,6,1,1,1
PO008208,V0056,PACK,US,0.729,7.2,4.55,13,808.93,7,3,6.5,3,0,0,1
PO008209,V0025,PACK,IN,0.539,5.5,4.59,21,26564.22,4,2,3.4,5,0,0,0
PO008210,V0019,RAW,DE,0.886,7.4,2.11,21,2154.8,9,2,6.0,4,0,0,0
PO008211,V0042,FINISH,CN,0.807,23.2,2.12,16,17843.04,6,3,24.7,3,0,1,0
PO008212,V0040,SERVICE,CN,0.742,5.1,2.29,19,28676.79,3,1,7.0,1,1,0,1
PO008213,V0016,FINISH,IN,0.733,18.5,1.44,12,5891.21,5,5,19.1,6,0,0,0
PO008214,V0089,PACK,MX,0.613,8.8,1.75,13,12827.72,5,3,5.6,1,0,0,0
PO008215,V0072,RAW,CN,0.817,8.0,1.06,13,6739.55,5,1,4.6,4,0,0,1
PO008216,V0012,FINISH,US,0.73,24.7,3.25,18,21264.06,4,3,22.8,6,0,0,1
PO008217,V0025,PACK,IN,0.539,5.5,4.59,21,5202.73,9,4,6.5,0,0,0,0
PO008218,V0041,RAW,DE,0.93,9.9,1.69,10,60376.55,5,2,10.9,3,0,0,1
PO008219,V0062,FINISH,DE,0.881,22.2,4.6,6,11119.5,5,4,21.5,4,0,0,1
PO008220,V0035,FINISH,CN,0.582,25.3,4.24,15,31565.51,2,3,27.3,6,0,0,0
PO008221,V0033,RAW,IN,0.721,13.6,3.78,16,11815.57,7,3,17.2,2,0,0,0
PO008222,V0059,PACK,IN,0.786,5.6,2.97,7,20605.48,13,3,3.9,0,0,0,1
PO008223,V0020,PACK,US,0.98,9.9,1.97,17,4527.77,6,2,10.7,1,0,0,1
PO008224,V0004,FINISH,DE,0.824,16.8,3.06,16,2084.87,2,4,18.0,3,0,1,1
PO008225,V0082,PACK,US,0.825,7.7,1.97,12,5278.45,5,2,10.7,1,0,0,1
PO008226,V0072,RAW,CN,0.817,8.0,1.06,13,11904.4,12,4,12.4,4,0,0,1
PO008227,V0049,RAW,US,0.878,7.5,2.28,20,1599.48,4,3,8.5,3,0,0,0
PO008228,V0042,FINISH,CN,0.807,23.2,2.12,16,1542.71,4,4,22.6,6,0,0,1
PO008229,V0088,FINISH,MX,0.697,25.4,2.03,11,12865.07,0,5,21.5,4,0,0,0
PO008230,V0092,FINISH,US,0.855,24.6,3.38,15,11766.93,5,4,22.0,1,0,0,0
PO008231,V0097,FINISH,US,0.933,26.7,3.5,16,6033.89,2,4,26.0,5,1,0,0
PO008232,V0083,RAW,US,0.785,7.8,4.56,16,36028.18,7,3,11.6,1,0,0,1
PO008233,V0072,RAW,CN,0.817,8.0,1.06,13,4962.81,4,2,6.7,6,0,0,1
PO008234,V0025,PACK,IN,0.539,5.5,4.59,21,5434.02,7,2,3.2,3,0,0,1
PO008235,V0064,RAW,CN,0.639,13.8,4.94,17,52198.78,6,4,11.8,3,0,0,0
PO008236,V0008,RAW,DE,0.897,12.8,2.43,12,1366.81,5,3,11.6,0,0,1,0
PO008237,V0083,RAW,US,0.785,7.8,4.56,16,2194.71,9,1,4.1,6,0,0,1
PO008238,V0073,PACK,DE,0.853,7.6,4.13,14,5860.66,7,3,7.4,0,0,0,1
PO008239,V0082,PACK,US,0.825,7.7,1.97,12,10946.01,4,3,6.3,5,1,0,0
PO008240,V0051,FINISH,CN,0.637,24.5,4.23,13,2384.88,5,5,24.4,2,0,0,1
PO008241,V0001,SERVICE,DE,0.945,3.6,1.62,16,12774.48,4,2,5.2,0,0,0,1
PO008242,V0047,PACK,US,0.861,6.9,3.57,14,64873.47,4,2,9.0,5,0,0,0
PO008243,V0018,RAW,MX,0.757,10.6,3.81,25,26585.47,3,3,7.9,4,0,0,0
PO008244,V0021,FINISH,US,0.98,22.9,3.14,9,31170.13,2,3,22.5,5,0,0,1
PO008245,V0024,RAW,DE,0.927,13.5,4.51,12,46267.1,2,1,15.2,0,0,0,1
PO008246,V0091,PACK,US,0.785,6.7,1.54,13,4767.89,3,1,5.7,6,0,0,1
PO008247,V0038,RAW,US,0.858,12.8,2.44,10,17532.89,7,1,10.6,2,0,0,0
PO008248,V0030,PACK,MX,0.97,9.5,3.52,19,7054.07,6,3,9.5,6,0,0,1
PO008249,V0048,PACK,MX,0.846,9.8,4.62,11,19241.17,3,1,7.0,0,0,0,1
PO008250,V0002,SERVICE,US,0.98,6.3,1.85,11,81819.04,2,1,8.7,2,0,0,1
PO008251,V0029,FINISH,CN,0.802,15.3,2.47,12,11338.42,4,4,12.0,4,0,1,1
PO008252,V0080,FINISH,IN,0.721,16.6,1.84,13,1389.07,7,5,19.9,3,0,0,1
PO008253,V0041,RAW,DE,0.93,9.9,1.69,10,43481.54,7,1,9.2,0,0,0,1
PO008254,V0093,SERVICE,DE,0.917,6.8,1.72,8,1872.3,5,1,5.3,6,0,0,1
PO008255,V0044,FINISH,IN,0.629,20.6,1.39,15,7709.33,2,4,20.2,2,0,1,0
PO008256,V0012,FINISH,US,0.73,24.7,3.25,18,21966.53,3,5,22.2,6,1,1,1
PO008257,V0032,SERVICE,MX,0.694,6.7,2.48,12,6051.22,4,1,5.0,5,0,0,1
PO008258,V0094,FINISH,CN,0.66,16.0,4.18,11,29158.05,1,4,14.8,2,0,0,1
PO008259,V0035,FINISH,CN,0.582,25.3,4.24,15,1807.27,2,4,23.2,2,0,0,0
PO008260,V0027,FINISH,US,0.879,14.1,1.64,15,16359.46,5,3,12.5,4,0,0,0
PO008261,V0055,PACK,CN,0.619,8.4,4.01,9,12112.04,4,2,11.4,6,1,0,0
PO008262,V0098,FINISH,US,0.629,22.7,3.13,10,6683.88,3,4,21.5,1,0,0,0
PO008263,V0062,FINISH,DE,0.881,22.2,4.6,6,18168.43,9,5,25.9,6,1,0,0
PO008264,V0037,RAW,DE,0.831,10.3,3.17,12,1514.56,4,5,9.9,6,0,1,0
PO008265,V0068,RAW,DE,0.98,7.4,4.46,20,14219.54,7,1,6.8,1,0,0,1
PO008266,V0056,PACK,US,0.729,7.2,4.55,13,11724.68,6,5,6.1,3,0,0,0
PO008267,V0005,RAW,CN,0.66,11.8,2.76,10,20425.37,2,1,16.6,1,0,0,0
PO008268,V0061,FINISH,US,0.872,15.0,3.22,16,2967.74,4,4,12.6,2,0,0,1
PO008269,V0064,RAW,CN,0.639,13.8,4.94,17,9504.67,2,2,15.1,2,0,0,0
PO008270,V0019,RAW,DE,0.886,7.4,2.11,21,42542.11,3,2,7.1,3,0,0,1
PO008271,V0067,FINISH,DE,0.709,27.6,4.37,19,16443.79,8,5,28.4,2,0,0,1
PO008272,V0097,FINISH,US,0.933,26.7,3.5,16,3799.8,4,3,26.6,6,0,0,1
PO008273,V0019,RAW,DE,0.886,7.4,2.11,21,2296.26,6,2,8.2,0,0,0,1
PO008274,V0045,PACK,US,0.98,8.2,1.18,13,5813.62,7,3,9.9,0,0,1,1
PO008275,V0008,RAW,DE,0.897,12.8,2.43,12,54964.82,5,4,13.2,6,0,1,1
PO008276,V0013,PACK,CN,0.729,6.6,3.03,21,2464.33,6,2,10.0,5,0,0,1
PO008277,V0083,RAW,US,0.785,7.8,4.56,16,11756.72,2,4,6.6,4,1,0,0
PO008278,V0085,RAW,DE,0.792,11.5,3.28,16,3365.4,7,2,13.0,3,0,0,0
PO008279,V0039,RAW,IN,0.627,7.4,3.13,15,3775.09,5,4,10.3,1,0,0,1
PO008280,V0032,SERVICE,MX,0.694,6.7,2.48,12,2228.69,9,1,5.6,6,0,0,0
PO008281,V0055,PACK,CN,0.619,8.4,4.01,9,20704.59,3,1,4.8,4,1,1,0
PO008282,V0044,FINISH,IN,0.629,20.6,1.39,15,2779.69,5,4,23.1,5,0,0,1
PO008283,V0035,FINISH,CN,0.582,25.3,4.24,15,3436.95,1,4,21.9,5,0,0,0
PO008284,V0019,RAW,DE,0.886,7.4,2.11,21,3993.7,5,1,8.1,3,0,0,1
PO008285,V0025,PACK,IN,0.539,5.5,4.59,21,12830.2,2,4,5.7,6,0,0,0
PO008286,V0096,PACK,DE,0.98,7.3,2.21,18,13521.45,5,1,8.1,6,0,0,0
PO008287,V0070,FINISH,US,0.901,21.3,4.09,15,983.59,4,4,23.7,5,0,1,0
PO008288,V0069,RAW,DE,0.892,8.6,3.69,16,17320.75,4,1,8.4,2,0,0,1
PO008289,V0050,RAW,IN,0.638,7.8,3.79,16,2970.75,2,2,9.2,5,0,0,1
PO008290,V0044,FINISH,IN,0.629,20.6,1.39,15,1360.8,2,4,19.9,1,0,0,1
PO008291,V0080,FINISH,IN,0.721,16.6,1.84,13,4487.23,6,5,14.8,3,0,0,0
PO008292,V0060,FINISH,US,0.834,24.4,3.33,25,19755.16,4,3,20.2,1,0,0,0
PO008293,V0053,SERVICE,US,0.98,4.3,4.58,14,8144.07,2,2,4.7,6,0,0,1
PO008294,V0020,PACK,US,0.98,9.9,1.97,17,4922.68,9,1,7.7,1,0,0,1
PO008295,V0100,FINISH,US,0.802,15.8,2.59,19,826.51,3,3,17.0,5,0,0,0
PO008296,V0043,RAW,DE,0.98,7.1,1.46,6,3853.11,7,2,9.0,3,0,1,0
PO008297,V0058,SERVICE,US,0.874,4.5,2.48,13,83587.56,6,2,4.6,4,0,0,1
PO008298,V0002,SERVICE,US,0.98,6.3,1.85,11,13426.67,6,1,6.2,2,0,0,1
PO008299,V0015,FINISH,MX,0.872,25.3,1.75,21,8097.75,3,3,27.3,4,0,0,0
PO008300,V0025,PACK,IN,0.539,5.5,4.59,21,17447.13,3,2,8.1,4,0,0,0
PO008301,V0054,RAW,MX,0.782,9.2,4.8,24,3123.52,4,2,12.3,0,0,1,0
PO008302,V0090,RAW,CN,0.774,7.8,3.44,12,15822.08,8,2,8.8,4,0,0,0
PO008303,V0044,FINISH,IN,0.629,20.6,1.39,15,1573.81,6,5,24.9,2,0,0,0
PO008304,V0014,FINISH,DE,0.85,17.2,1.31,12,6334.77,7,4,17.1,2,0,1,0
PO008305,V0027,FINISH,US,0.879,14.1,1.64,15,15632.54,6,5,15.7,4,0,0,0
PO008306,V0079,FINISH,CN,0.65,26.2,4.68,7,11245.42,1,3,26.4,1,0,0,0
PO008307,V0060,FINISH,US,0.834,24.4,3.33,25,6148.67,4,5,24.6,4,0,1,1
PO008308,V0062,FINISH,DE,0.881,22.2,4.6,6,59972.03,7,5,17.6,4,0,1,1
PO008309,V0086,RAW,US,0.712,8.7,1.64,11,1185.7,6,3,10.1,4,0,0,0
PO008310,V0070,FINISH,US,0.901,21.3,4.09,15,28651.89,4,4,21.1,6,0,0,1
PO008311,V0022,RAW,DE,0.74,7.3,3.36,17,5336.28,5,3,8.9,0,0,1,1
PO008312,V0006,SERVICE,US,0.821,4.0,3.65,13,5406.71,7,2,7.5,1,0,1,0
PO008313,V0001,SERVICE,DE,0.945,3.6,1.62,16,3020.09,6,2,1.0,3,0,0,1
PO008314,V0058,SERVICE,US,0.874,4.5,2.48,13,18976.09,4,1,6.5,5,0,0,1
PO008315,V0090,RAW,CN,0.774,7.8,3.44,12,59812.25,8,1,10.2,2,0,0,1
PO008316,V0099,FINISH,US,0.857,24.7,4.51,13,21171.99,2,4,24.3,3,1,0,1
PO008317,V0036,FINISH,IN,0.606,23.8,4.18,21,10007.04,2,4,25.2,6,0,0,0
PO008318,V0059,PACK,IN,0.786,5.6,2.97,7,19209.58,2,2,3.7,4,0,0,0
PO008319,V0079,FINISH,CN,0.65,26.2,4.68,7,11189.77,5,4,26.8,3,0,0,0
PO008320,V0061,FINISH,US,0.872,15.0,3.22,16,2364.14,7,3,15.4,3,0,0,1
PO008321,V0070,FINISH,US,0.901,21.3,4.09,15,7847.2,5,4,19.6,3,1,1,1
PO008322,V0082,PACK,US,0.825,7.7,1.97,12,19662.22,8,2,7.4,1,1,1,0
PO008323,V0078,RAW,US,0.9,7.8,2.84,11,7150.32,6,4,6.2,1,0,0,0
PO008324,V0044,FINISH,IN,0.629,20.6,1.39,15,1470.32,4,3,22.4,2,0,1,1
PO008325,V0013,PACK,CN,0.729,6.6,3.03,21,46079.22,8,2,6.8,4,0,1,0
PO008326,V0071,PACK,CN,0.695,5.7,1.12,18,2793.75,1,4,7.2,3,0,0,1
PO008327,V0013,PACK,CN,0.729,6.6,3.03,21,8205.72,5,3,6.3,3,0,0,1
PO008328,V0002,SERVICE,US,0.98,6.3,1.85,11,6622.31,2,1,3.9,5,0,0,1
PO008329,V0081,PACK,CN,0.884,5.2,2.01,15,6215.11,7,2,3.8,0,0,0,1
PO008330,V0060,FINISH,US,0.834,24.4,3.33,25,2476.39,3,4,22.9,1,0,0,1
PO008331,V0005,RAW,CN,0.66,11.8,2.76,10,15000.66,4,2,14.1,5,0,0,1
PO008332,V0031,PACK,CN,0.783,6.4,1.1,17,8036.09,7,2,7.8,1,1,0,1
PO008333,V0006,SERVICE,US,0.821,4.0,3.65,13,8499.72,4,2,9.1,4,0,0,1
PO008334,V0098,FINISH,US,0.629,22.7,3.13,10,1864.32,4,3,23.2,3,0,0,1
PO008335,V0077,PACK,IN,0.601,6.0,1.16,11,5090.62,5,4,8.8,3,0,0,1
PO008336,V0036,FINISH,IN,0.606,23.8,4.18,21,5768.83,3,5,26.7,6,0,0,0
PO008337,V0072,RAW,CN,0.817,8.0,1.06,13,14672.91,3,3,8.9,0,1,0,1
PO008338,V0025,PACK,IN,0.539,5.5,4.59,21,9498.58,3,1,5.6,4,0,0,0
PO008339,V0002,SERVICE,US,0.98,6.3,1.85,11,20557.42,3,2,6.0,6,1,0,0
PO008340,V0015,FINISH,MX,0.872,25.3,1.75,21,9962.08,7,3,24.7,5,0,1,0
PO008341,V0020,PACK,US,0.98,9.9,1.97,17,10089.88,5,3,11.4,4,0,0,1
PO008342,V0007,RAW,CN,0.794,7.6,1.78,6,16178.85,7,4,6.7,3,0,0,1
PO008343,V0017,FINISH,IN,0.701,19.8,1.89,10,7712.78,3,3,18.9,3,0,0,1
PO008344,V0070,FINISH,US,0.901,21.3,4.09,15,12113.37,3,4,20.4,2,0,1,0
PO008345,V0001,SERVICE,DE,0.945,3.6,1.62,16,34263.54,4,2,1.9,2,0,0,1
PO008346,V0015,FINISH,MX,0.872,25.3,1.75,21,1845.07,2,3,23.6,2,0,0,1
PO008347,V0037,RAW,DE,0.831,10.3,3.17,12,1937.88,4,1,10.8,3,0,1,1
PO008348,V0088,FINISH,MX,0.697,25.4,2.03,11,1998.65,7,4,22.3,5,0,0,1
PO008349,V0072,RAW,CN,0.817,8.0,1.06,13,8459.61,4,3,8.7,0,0,0,0
PO008350,V0062,FINISH,DE,0.881,22.2,4.6,6,3523.96,2,5,21.4,0,1,0,0
PO008351,V0021,FINISH,US,0.98,22.9,3.14,9,7593.71,4,5,26.7,3,0,0,0
PO008352,V0038,RAW,US,0.858,12.8,2.44,10,4191.35,1,3,15.5,0,1,0,0
PO008353,V0073,PACK,DE,0.853,7.6,4.13,14,20814.87,5,3,6.3,2,0,0,1
PO008354,V0098,FINISH,US,0.629,22.7,3.13,10,5676.35,4,5,24.1,6,0,0,0
PO008355,V0004,FINISH,DE,0.824,16.8,3.06,16,654.51,5,5,13.1,5,0,0,1
PO008356,V0047,PACK,US,0.861,6.9,3.57,14,1743.91,2,5,6.2,4,0,0,1
PO008357,V0015,FINISH,MX,0.872,25.3,1.75,21,44215.13,4,4,24.5,5,1,0,1
PO008358,V0097,FINISH,US,0.933,26.7,3.5,16,7797.5,9,4,23.9,5,0,0,0
PO008359,V0052,SERVICE,DE,0.824,6.4,2.72,18,10289.63,1,2,3.7,3,0,1,1
PO008360,V0057,FINISH,US,0.768,15.2,3.8,17,22776.65,7,5,13.2,6,0,0,1
PO008361,V0085,RAW,DE,0.792,11.5,3.28,16,2049.19,3,1,11.1,2,0,0,0
PO008362,V0057,FINISH,US,0.768,15.2,3.8,17,662.77,9,4,11.7,1,0,1,0
PO008363,V0077,PACK,IN,0.601,6.0,1.16,11,788.47,4,4,8.4,2,0,1,1
PO008364,V0056,PACK,US,0.729,7.2,4.55,13,8007.62,2,3,12.0,0,1,0,1
PO008365,V0009,FINISH,US,0.782,14.1,4.26,17,30953.92,4,4,14.7,1,0,1,0
PO008366,V0006,SERVICE,US,0.821,4.0,3.65,13,3446.56,3,2,3.1,2,0,0,1
PO008367,V0020,PACK,US,0.98,9.9,1.97,17,2459.27,4,2,12.4,6,0,1,1
PO008368,V0027,FINISH,US,0.879,14.1,1.64,15,6552.06,5,4,12.5,5,1,1,1
PO008369,V0031,PACK,CN,0.783,6.4,1.1,17,7615.49,1,1,6.0,5,0,1,1
PO008370,V0036,FINISH,IN,0.606,23.8,4.18,21,14657.61,2,5,26.9,5,0,1,1
PO008371,V0036,FINISH,IN,0.606,23.8,4.18,21,2773.36,4,3,22.3,1,0,0,1
PO008372,V0091,PACK,US,0.785,6.7,1.54,13,2752.56,5,2,6.4,6,0,0,0
PO008373,V0069,RAW,DE,0.892,8.6,3.69,16,821.46,4,3,6.6,2,1,0,0
PO008374,V0046,FINISH,CN,0.577,23.2,1.65,8,23040.72,6,3,22.9,5,0,0,0
PO008375,V0012,FINISH,US,0.73,24.7,3.25,18,29454.71,8,3,23.4,2,1,1,1
PO008376,V0047,PACK,US,0.861,6.9,3.57,14,3778.9,4,4,8.2,0,0,1,1
PO008377,V0017,FINISH,IN,0.701,19.8,1.89,10,17123.44,7,4,18.6,3,0,0,1
PO008378,V0096,PACK,DE,0.98,7.3,2.21,18,5360.37,5,2,2.2,6,0,0,1
PO008379,V0063,FINISH,MX,0.98,17.9,1.75,15,13409.05,5,4,17.5,5,0,0,1
PO008380,V0085,RAW,DE,0.792,11.5,3.28,16,59595.75,2,4,9.1,0,0,0,1
PO008381,V0081,PACK,CN,0.884,5.2,2.01,15,608.77,6,3,2.7,1,0,0,1
PO008382,V0094,FINISH,CN,0.66,16.0,4.18,11,2527.07,5,4,13.5,3,1,0,1
PO008383,V0086,RAW,US,0.712,8.7,1.64,11,5266.87,5,2,5.7,1,0,1,0
PO008384,V0038,RAW,US,0.858,12.8,2.44,10,4045.84,6,3,13.8,0,0,0,1
PO008385,V0026,RAW,DE,0.898,12.1,4.59,17,8688.48,4,4,13.4,4,0,0,1
PO008386,V0010,RAW,IN,0.761,9.5,1.46,20,22484.54,2,1,11.2,6,0,0,1
PO008387,V0018,RAW,MX,0.757,10.6,3.81,25,26357.87,9,5,12.0,1,0,0,0
PO008388,V0022,RAW,DE,0.74,7.3,3.36,17,9015.64,2,3,6.2,0,0,0,1
PO008389,V0011,RAW,DE,0.769,12.1,3.55,21,1990.72,6,3,18.4,2,0,0,0
PO008390,V0029,FINISH,CN,0.802,15.3,2.47,12,5219.69,5,4,17.2,5,0,0,0
PO008391,V0080,FINISH,IN,0.721,16.6,1.84,13,5969.47,3,5,14.4,2,0,0,0
PO008392,V0055,PACK,CN,0.619,8.4,4.01,9,19133.63,4,2,8.7,0,0,0,0
PO008393,V0074,SERVICE,IN,0.772,3.6,4.71,15,18032.54,5,2,2.2,1,1,0,1
PO008394,V0050,RAW,IN,0.638,7.8,3.79,16,14993.41,6,2,2.4,0,0,0,1
PO008395,V0027,FINISH,US,0.879,14.1,1.64,15,1384.14,10,4,15.1,3,0,0,1
PO008396,V0070,FINISH,US,0.901,21.3,4.09,15,12785.11,4,3,17.9,2,0,0,1
PO008397,V0093,SERVICE,DE,0.917,6.8,1.72,8,850.86,2,2,8.8,6,0,1,1
PO008398,V0036,FINISH,IN,0.606,23.8,4.18,21,76538.24,7,4,27.0,5,0,0,0
PO008399,V0085,RAW,DE,0.792,11.5,3.28,16,33045.88,5,3,10.1,5,0,0,1
PO008400,V0058,SERVICE,US,0.874,4.5,2.48,13,5290.61,4,1,6.9,4,0,0,1
PO008401,V0027,FINISH,US,0.879,14.1,1.64,15,1173.31,7,5,15.6,5,0,0,1
PO008402,V0064,RAW,CN,0.639,13.8,4.94,17,5495.72,6,2,14.0,1,0,0,0
PO008403,V0007,RAW,CN,0.794,7.6,1.78,6,3074.39,1,4,10.2,6,0,0,1
PO008404,V0007,RAW,CN,0.794,7.6,1.78,6,13968.12,9,2,10.2,6,0,0,1
PO008405,V0028,RAW,CN,0.649,12.0,1.95,13,2897.35,9,1,5.9,6,0,0,0
PO008406,V0031,PACK,CN,0.783,6.4,1.1,17,1220.53,9,3,7.4,3,0,0,1
PO008407,V0048,PACK,MX,0.846,9.8,4.62,11,9213.75,8,2,13.6,4,0,0,1
PO008408,V0013,PACK,CN,0.729,6.6,3.03,21,22883.9,7,2,3.4,1,0,0,1
PO008409,V0071,PACK,CN,0.695,5.7,1.12,18,28330.11,6,1,5.3,3,0,0,1
PO008410,V0081,PACK,CN,0.884,5.2,2.01,15,34037.09,7,5,6.7,3,0,0,1
PO008411,V0082,PACK,US,0.825,7.7,1.97,12,11740.8,5,1,8.9,3,0,1,1
PO008412,V0066,PACK,CN,0.769,9.7,4.46,6,31129.23,7,3,7.1,3,0,0,1
PO008413,V0065,FINISH,DE,0.79,26.8,4.29,23,9450.08,7,4,27.9,2,0,0,1
PO008414,V0001,SERVICE,DE,0.945,3.6,1.62,16,5848.16,1,1,5.9,4,0,1,1
PO008415,V0075,SERVICE,DE,0.673,5.5,1.96,8,2637.19,5,1,8.2,6,1,0,0
PO008416,V0026,RAW,DE,0.898,12.1,4.59,17,5948.98,5,5,10.9,4,1,0,1
PO008417,V0008,RAW,DE,0.897,12.8,2.43,12,11329.47,5,4,12.2,3,0,0,1
PO008418,V0090,RAW,CN,0.774,7.8,3.44,12,5086.4,6,4,10.0,1,0,0,0
PO008419,V0042,FINISH,CN,0.807,23.2,2.12,16,11670.02,6,4,22.6,6,0,0,1
PO008420,V0034,SERVICE,CN,0.595,3.6,3.07,20,9376.33,0,2,4.1,4,0,0,1
PO008421,V0024,RAW,DE,0.927,13.5,4.51,12,1652.81,4,4,9.6,4,0,0,1
PO008422,V0097,FINISH,US,0.933,26.7,3.5,16,8184.64,5,3,23.8,3,0,0,1
PO008423,V0010,RAW,IN,0.761,9.5,1.46,20,8809.55,4,4,11.4,5,0,0,1
PO008424,V0094,FINISH,CN,0.66,16.0,4.18,11,23469.84,6,5,17.9,5,0,0,1
PO008425,V0052,SERVICE,DE,0.824,6.4,2.72,18,4908.97,6,2,12.2,5,0,1,1
PO008426,V0096,PACK,DE,0.98,7.3,2.21,18,9283.92,4,1,5.8,3,1,0,1
PO008427,V0001,SERVICE,DE,0.945,3.6,1.62,16,8904.26,8,2,1.0,0,0,0,1
PO008428,V0088,FINISH,MX,0.697,25.4,2.03,11,25562.69,4,4,26.3,6,0,1,0
PO008429,V0020,PACK,US,0.98,9.9,1.97,17,37137.62,2,4,6.8,6,0,1,1
PO008430,V0099,FINISH,US,0.857,24.7,4.51,13,9330.5,5,3,25.5,4,0,0,0
PO008431,V0056,PACK,US,0.729,7.2,4.55,13,10530.8,6,2,7.0,3,0,1,1
PO008432,V0088,FINISH,MX,0.697,25.4,2.03,11,1565.17,5,3,23.6,5,0,0,0
PO008433,V0088,FINISH,MX,0.697,25.4,2.03,11,14155.9,4,3,25.8,3,0,0,0
PO008434,V0077,PACK,IN,0.601,6.0,1.16,11,6268.94,6,4,5.9,6,0,0,1
PO008435,V0037,RAW,DE,0.831,10.3,3.17,12,1075.7,4,4,11.5,5,0,1,1
PO008436,V0060,FINISH,US,0.834,24.4,3.33,25,37778.99,6,5,22.5,5,0,0,1
PO008437,V0100,FINISH,US,0.802,15.8,2.59,19,4211.43,4,4,17.4,1,0,0,0
PO008438,V0039,RAW,IN,0.627,7.4,3.13,15,19374.54,9,1,5.7,0,0,0,1
PO008439,V0084,PACK,IN,0.592,5.4,3.15,16,3842.27,9,4,3.5,4,0,0,0
PO008440,V0021,FINISH,US,0.98,22.9,3.14,9,1145.41,6,5,20.3,0,0,0,1
PO008441,V0090,RAW,CN,0.774,7.8,3.44,12,5668.12,8,3,9.9,6,1,0,0
PO008442,V0047,PACK,US,0.861,6.9,3.57,14,3584.19,5,3,5.6,4,1,0,0
PO008443,V0060,FINISH,US,0.834,24.4,3.33,25,4531.61,5,5,26.0,1,0,0,1
PO008444,V0092,FINISH,US,0.855,24.6,3.38,15,15472.01,6,3,23.4,0,0,0,1
PO008445,V0091,PACK,US,0.785,6.7,1.54,13,64143.38,6,4,8.2,5,0,0,1
PO008446,V0042,FINISH,CN,0.807,23.2,2.12,16,43430.76,4,3,24.3,2,0,0,0
PO008447,V0015,FINISH,MX,0.872,25.3,1.75,21,685.56,0,4,26.9,0,1,0,1
PO008448,V0037,RAW,DE,0.831,10.3,3.17,12,27418.28,8,2,9.0,3,0,0,1
PO008449,V0019,RAW,DE,0.886,7.4,2.11,21,14367.81,6,1,8.2,2,0,0,1
PO008450,V0093,SERVICE,DE,0.917,6.8,1.72,8,12568.57,3,2,10.1,2,0,0,1
PO008451,V0083,RAW,US,0.785,7.8,4.56,16,4172.91,6,2,9.8,5,0,0,0
PO008452,V0057,FINISH,US,0.768,15.2,3.8,17,2295.4,10,4,16.9,0,0,0,0
PO008453,V0083,RAW,US,0.785,7.8,4.56,16,1615.46,3,2,6.3,5,1,0,1
PO008454,V0017,FINISH,IN,0.701,19.8,1.89,10,2723.1,1,3,18.4,4,1,0,0
PO008455,V0040,SERVICE,CN,0.742,5.1,2.29,19,9971.93,5,1,2.1,3,0,0,1
PO008456,V0067,FINISH,DE,0.709,27.6,4.37,19,3680.88,4,4,23.9,5,0,0,0
PO008457,V0041,RAW,DE,0.93,9.9,1.69,10,2965.83,7,2,11.6,2,0,0,0
PO008458,V0100,FINISH,US,0.802,15.8,2.59,19,3416.12,6,5,15.5,1,0,0,1
PO008459,V0057,FINISH,US,0.768,15.2,3.8,17,10926.43,3,3,18.7,3,0,0,1
PO008460,V0049,RAW,US,0.878,7.5,2.28,20,4780.8,5,4,8.8,3,0,0,0
PO008461,V0077,PACK,IN,0.601,6.0,1.16,11,4536.46,3,3,3.7,3,0,0,0
PO008462,V0001,SERVICE,DE,0.945,3.6,1.62,16,6524.16,5,2,4.0,0,0,0,1
PO008463,V0022,RAW,DE,0.74,7.3,3.36,17,827.41,2,3,8.2,4,1,0,1
PO008464,V0034,SERVICE,CN,0.595,3.6,3.07,20,9546.74,3,2,2.7,5,0,0,1
PO008465,V0035,FINISH,CN,0.582,25.3,4.24,15,5044.21,5,4,26.1,4,0,0,0
PO008466,V0061,FINISH,US,0.872,15.0,3.22,16,2870.38,10,4,16.0,2,0,0,1
PO008467,V0080,FINISH,IN,0.721,16.6,1.84,13,25289.28,5,3,19.0,0,1,0,0
PO008468,V0088,FINISH,MX,0.697,25.4,2.03,11,17199.21,10,5,24.5,0,0,0,0
PO008469,V0092,FINISH,US,0.855,24.6,3.38,15,36734.72,2,5,21.1,1,0,0,0
PO008470,V0026,RAW,DE,0.898,12.1,4.59,17,8466.57,2,3,7.4,1,0,0,1
PO008471,V0031,PACK,CN,0.783,6.4,1.1,17,16810.16,6,3,4.3,5,0,0,1
PO008472,V0098,FINISH,US,0.629,22.7,3.13,10,5354.62,5,5,21.7,5,0,0,0
PO008473,V0082,PACK,US,0.825,7.7,1.97,12,216262.29,4,2,9.6,3,0,0,0
PO008474,V0080,FINISH,IN,0.721,16.6,1.84,13,22607.64,11,5,15.2,3,0,0,0
PO008475,V0033,RAW,IN,0.721,13.6,3.78,16,15492.71,1,1,14.8,1,0,1,1
PO008476,V0083,RAW,US,0.785,7.8,4.56,16,10463.94,3,2,8.8,2,1,1,1
PO008477,V0032,SERVICE,MX,0.694,6.7,2.48,12,4388.99,6,2,8.2,1,0,0,1
PO008478,V0031,PACK,CN,0.783,6.4,1.1,17,1964.35,5,3,1.0,5,0,0,0
PO008479,V0069,RAW,DE,0.892,8.6,3.69,16,25284.42,2,1,8.1,3,1,0,1
PO008480,V0070,FINISH,US,0.901,21.3,4.09,15,4767.94,8,3,21.2,3,0,0,0
PO008481,V0017,FINISH,IN,0.701,19.8,1.89,10,66280.64,5,5,23.4,4,0,0,1
PO008482,V0026,RAW,DE,0.898,12.1,4.59,17,4126.69,8,1,11.4,4,0,0,1
PO008483,V0077,PACK,IN,0.601,6.0,1.16,11,7328.54,0,2,2.9,6,0,0,1
PO008484,V0078,RAW,US,0.9,7.8,2.84,11,7008.43,3,3,4.7,3,0,0,1
PO008485,V0011,RAW,DE,0.769,12.1,3.55,21,17150.8,6,3,8.6,6,0,0,1
PO008486,V0017,FINISH,IN,0.701,19.8,1.89,10,50544.62,5,4,20.0,2,0,0,0
PO008487,V0081,PACK,CN,0.884,5.2,2.01,15,5487.15,3,1,7.9,2,0,0,1
PO008488,V0048,PACK,MX,0.846,9.8,4.62,11,5095.72,4,1,9.6,5,0,0,1
PO008489,V0031,PACK,CN,0.783,6.4,1.1,17,111352.47,4,1,6.7,6,0,0,1
PO008490,V0021,FINISH,US,0.98,22.9,3.14,9,10625.25,8,4,27.7,3,0,0,1
PO008491,V0098,FINISH,US,0.629,22.7,3.13,10,6559.0,5,3,22.8,6,0,0,0
PO008492,V0006,SERVICE,US,0.821,4.0,3.65,13,9393.37,8,2,6.2,6,0,0,1
PO008493,V0007,RAW,CN,0.794,7.6,1.78,6,13264.5,6,2,9.1,6,0,0,1
PO008494,V0060,FINISH,US,0.834,24.4,3.33,25,12107.16,5,4,25.4,0,1,0,0
PO008495,V0093,SERVICE,DE,0.917,6.8,1.72,8,368.49,3,1,8.7,1,0,0,1
PO008496,V0092,FINISH,US,0.855,24.6,3.38,15,5424.51,4,3,22.8,3,0,0,1
PO008497,V0016,FINISH,IN,0.733,18.5,1.44,12,7445.94,1,3,17.0,5,0,0,1
PO008498,V0017,FINISH,IN,0.701,19.8,1.89,10,11513.97,3,5,15.4,3,0,0,0
PO008499,V0018,RAW,MX,0.757,10.6,3.81,25,40582.44,5,2,12.4,3,0,1,1
PO008500,V0023,RAW,CN,0.614,11.8,2.55,22,590.42,9,5,13.7,5,0,0,1
PO008501,V0096,PACK,DE,0.98,7.3,2.21,18,1180.68,7,4,8.8,4,0,0,0
PO008502,V0012,FINISH,US,0.73,24.7,3.25,18,2865.05,3,3,25.8,6,0,0,0
PO008503,V0091,PACK,US,0.785,6.7,1.54,13,48467.92,3,2,3.3,3,0,0,1
PO008504,V0010,RAW,IN,0.761,9.5,1.46,20,1146.34,6,5,8.5,0,0,0,0
PO008505,V0034,SERVICE,CN,0.595,3.6,3.07,20,3372.14,4,2,2.9,6,0,0,0
PO008506,V0093,SERVICE,DE,0.917,6.8,1.72,8,26226.42,7,2,6.0,4,0,1,1
PO008507,V0027,FINISH,US,0.879,14.1,1.64,15,8254.4,6,4,15.3,1,1,0,1
PO008508,V0095,FINISH,US,0.879,19.0,4.51,14,623.01,5,3,16.7,1,0,0,1
PO008509,V0008,RAW,DE,0.897,12.8,2.43,12,1061.01,7,2,13.4,3,0,0,1
PO008510,V0091,PACK,US,0.785,6.7,1.54,13,20358.98,6,3,3.8,2,0,0,1
PO008511,V0040,SERVICE,CN,0.742,5.1,2.29,19,105955.4,7,2,5.0,1,0,0,1
PO008512,V0011,RAW,DE,0.769,12.1,3.55,21,8842.43,8,3,12.7,0,1,0,0
PO008513,V0023,RAW,CN,0.614,11.8,2.55,22,3007.15,8,2,13.0,1,0,0,0
PO008514,V0031,PACK,CN,0.783,6.4,1.1,17,1394.14,5,4,5.9,6,0,0,1
PO008515,V0056,PACK,US,0.729,7.2,4.55,13,5519.96,1,4,8.9,1,0,0,1
PO008516,V0025,PACK,IN,0.539,5.5,4.59,21,5700.83,12,4,6.3,0,0,0,0
PO008517,V0079,FINISH,CN,0.65,26.2,4.68,7,5482.04,8,4,25.9,4,0,0,0
PO008518,V0023,RAW,CN,0.614,11.8,2.55,22,64442.54,7,3,10.0,3,0,1,1
PO008519,V0029,FINISH,CN,0.802,15.3,2.47,12,21892.82,3,3,11.9,0,0,0,0
PO008520,V0016,FINISH,IN,0.733,18.5,1.44,12,100515.1,4,5,20.7,5,0,0,1
PO008521,V0059,PACK,IN,0.786,5.6,2.97,7,5901.75,5,2,6.5,2,0,0,1
PO008522,V0050,RAW,IN,0.638,7.8,3.79,16,3582.17,5,3,4.0,2,0,0,1
PO008523,V0077,PACK,IN,0.601,6.0,1.16,11,18502.8,5,3,5.3,6,0,0,0
PO008524,V0008,RAW,DE,0.897,12.8,2.43,12,2218.98,6,1,15.5,4,0,0,1
PO008525,V0071,PACK,CN,0.695,5.7,1.12,18,4904.19,10,4,7.2,2,1,0,0
PO008526,V0002,SERVICE,US,0.98,6.3,1.85,11,11581.3,5,1,6.6,1,0,0,1
PO008527,V0040,SERVICE,CN,0.742,5.1,2.29,19,26006.77,8,1,4.6,3,0,0,1
PO008528,V0094,FINISH,CN,0.66,16.0,4.18,11,1981.53,3,5,14.4,1,0,1,1
PO008529,V0051,FINISH,CN,0.637,24.5,4.23,13,6871.46,5,4,20.9,5,1,0,0
PO008530,V0001,SERVICE,DE,0.945,3.6,1.62,16,3631.36,5,1,1.7,3,0,0,1
PO008531,V0076,RAW,US,0.841,8.0,3.56,11,1857.27,5,4,8.6,6,0,0,1
PO008532,V0079,FINISH,CN,0.65,26.2,4.68,7,11638.72,8,4,23.7,5,0,0,0
PO008533,V0095,FINISH,US,0.879,19.0,4.51,14,3397.0,4,3,18.7,2,0,0,1
PO008534,V0024,RAW,DE,0.927,13.5,4.51,12,2524.73,7,2,12.2,5,0,1,0
PO008535,V0082,PACK,US,0.825,7.7,1.97,12,23957.63,3,1,10.7,5,1,0,0
PO008536,V0083,RAW,US,0.785,7.8,4.56,16,27195.7,3,1,6.2,6,0,0,1
PO008537,V0090,RAW,CN,0.774,7.8,3.44,12,2268.22,4,1,8.1,4,0,0,1
PO008538,V0072,RAW,CN,0.817,8.0,1.06,13,5184.64,2,1,10.4,4,0,0,1
PO008539,V0040,SERVICE,CN,0.742,5.1,2.29,19,1577.46,4,1,4.5,2,0,0,1
PO008540,V0064,RAW,CN,0.639,13.8,4.94,17,10723.38,3,3,16.1,0,0,0,0
PO008541,V0038,RAW,US,0.858,12.8,2.44,10,3658.54,3,3,10.1,0,0,0,1
PO008542,V0037,RAW,DE,0.831,10.3,3.17,12,14743.08,6,3,6.6,3,0,0,1
PO008543,V0028,RAW,CN,0.649,12.0,1.95,13,2824.16,4,3,11.4,1,0,0,0
PO008544,V0074,SERVICE,IN,0.772,3.6,4.71,15,14325.34,6,1,3.1,4,1,0,1
PO008545,V0083,RAW,US,0.785,7.8,4.56,16,4048.05,6,4,7.8,2,0,0,1
PO008546,V0063,FINISH,MX,0.98,17.9,1.75,15,6900.04,8,4,19.4,2,0,0,1
PO008547,V0021,FINISH,US,0.98,22.9,3.14,9,560.54,6,3,22.9,5,1,0,0
PO008548,V0020,PACK,US,0.98,9.9,1.97,17,1356.56,3,2,13.4,3,0,1,1
PO008549,V0095,FINISH,US,0.879,19.0,4.51,14,11899.42,3,5,21.4,6,1,1,1
PO008550,V0075,SERVICE,DE,0.673,5.5,1.96,8,31119.07,5,1,5.7,2,0,0,1
PO008551,V0072,RAW,CN,0.817,8.0,1.06,13,84345.14,7,2,8.3,3,0,0,1
PO008552,V0048,PACK,MX,0.846,9.8,4.62,11,7701.06,4,3,12.8,2,0,1,1
PO008553,V0025,PACK,IN,0.539,5.5,4.59,21,17891.9,4,2,3.9,0,1,0,0
PO008554,V0095,FINISH,US,0.879,19.0,4.51,14,8286.42,3,3,18.2,5,1,0,0
PO008555,V0029,FINISH,CN,0.802,15.3,2.47,12,13023.38,6,4,14.7,2,0,0,1
PO008556,V0029,FINISH,CN,0.802,15.3,2.47,12,7765.56,2,4,15.8,0,0,0,1
PO008557,V0075,SERVICE,DE,0.673,5.5,1.96,8,20320.05,8,1,5.7,4,0,0,1
PO008558,V0065,FINISH,DE,0.79,26.8,4.29,23,25694.04,5,4,27.1,6,0,0,1
PO008559,V0079,FINISH,CN,0.65,26.2,4.68,7,31783.78,5,4,29.2,4,0,0,0
PO008560,V0033,RAW,IN,0.721,13.6,3.78,16,9332.76,3,1,13.1,6,0,0,0
PO008561,V0021,FINISH,US,0.98,22.9,3.14,9,17887.3,7,5,19.9,2,0,0,0
PO008562,V0016,FINISH,IN,0.733,18.5,1.44,12,1113.2,3,4,21.0,5,0,0,1
PO008563,V0058,SERVICE,US,0.874,4.5,2.48,13,8485.7,4,2,3.7,6,0,0,1
PO008564,V0091,PACK,US,0.785,6.7,1.54,13,18150.2,5,3,7.5,4,0,0,1
PO008565,V0070,FINISH,US,0.901,21.3,4.09,15,7978.7,5,4,23.3,5,1,1,1
PO008566,V0017,FINISH,IN,0.701,19.8,1.89,10,15308.25,4,4,24.0,0,0,0,0
PO008567,V0066,PACK,CN,0.769,9.7,4.46,6,8971.12,3,1,8.0,4,0,0,0
PO008568,V0022,RAW,DE,0.74,7.3,3.36,17,20989.59,6,3,9.4,1,0,1,0
PO008569,V0055,PACK,CN,0.619,8.4,4.01,9,4358.29,10,2,8.1,3,0,0,1
PO008570,V0083,RAW,US,0.785,7.8,4.56,16,7839.22,5,1,8.6,4,0,0,1
PO008571,V0100,FINISH,US,0.802,15.8,2.59,19,6010.03,5,4,15.6,2,0,0,1
PO008572,V0099,FINISH,US,0.857,24.7,4.51,13,4678.68,6,4,24.5,1,0,0,0
PO008573,V0075,SERVICE,DE,0.673,5.5,1.96,8,17014.82,3,2,8.2,2,0,0,1
PO008574,V0040,SERVICE,CN,0.742,5.1,2.29,19,3209.49,7,2,9.1,4,0,0,1
PO008575,V0073,PACK,DE,0.853,7.6,4.13,14,3631.69,1,1,8.5,5,0,1,1
PO008576,V0039,RAW,IN,0.627,7.4,3.13,15,5377.19,4,2,6.9,4,0,0,1
PO008577,V0036,FINISH,IN,0.606,23.8,4.18,21,8455.78,10,4,21.1,2,1,0,0
PO008578,V0051,FINISH,CN,0.637,24.5,4.23,13,41066.14,12,4,25.9,3,0,0,0
PO008579,V0063,FINISH,MX,0.98,17.9,1.75,15,7592.12,3,4,17.9,1,0,0,1
PO008580,V0093,SERVICE,DE,0.917,6.8,1.72,8,19661.58,5,2,9.2,6,0,0,1
PO008581,V0059,PACK,IN,0.786,5.6,2.97,7,42319.88,3,2,4.4,1,0,0,0
PO008582,V0054,RAW,MX,0.782,9.2,4.8,24,9968.8,7,3,6.5,2,1,1,1
PO008583,V0006,SERVICE,US,0.821,4.0,3.65,13,8448.31,4,1,3.1,5,0,0,0
PO008584,V0034,SERVICE,CN,0.595,3.6,3.07,20,4739.87,3,2,2.0,5,0,0,1
PO008585,V0050,RAW,IN,0.638,7.8,3.79,16,8863.21,8,3,9.4,5,0,0,1
PO008586,V0081,PACK,CN,0.884,5.2,2.01,15,1870.2,5,2,3.5,0,0,1,1
PO008587,V0087,FINISH,US,0.855,19.7,4.93,9,1902.71,7,5,18.5,5,0,0,1
PO008588,V0032,SERVICE,MX,0.694,6.7,2.48,12,4889.74,7,2,9.0,6,0,0,0
PO008589,V0076,RAW,US,0.841,8.0,3.56,11,16215.76,4,3,10.2,3,1,0,1
PO008590,V0002,SERVICE,US,0.98,6.3,1.85,11,1090.25,3,2,1.0,1,0,0,1
PO008591,V0096,PACK,DE,0.98,7.3,2.21,18,13005.6,8,5,10.5,1,0,0,1
PO008592,V0072,RAW,CN,0.817,8.0,1.06,13,6642.37,3,3,9.5,3,0,0,1
PO008593,V0066,PACK,CN,0.769,9.7,4.46,6,3165.08,5,2,13.0,2,0,0,1
PO008594,V0069,RAW,DE,0.892,8.6,3.69,16,41312.76,2,1,11.2,4,0,0,1
PO008595,V0002,SERVICE,US,0.98,6.3,1.85,11,12530.39,6,2,5.3,5,0,0,1
PO008596,V0017,FINISH,IN,0.701,19.8,1.89,10,1270.9,4,5,18.3,5,0,0,1
PO008597,V0001,SERVICE,DE,0.945,3.6,1.62,16,3258.45,2,1,4.8,6,0,0,1
PO008598,V0011,RAW,DE,0.769,12.1,3.55,21,3800.72,3,1,10.8,6,0,0,1
PO008599,V0018,RAW,MX,0.757,10.6,3.81,25,7660.44,1,5,9.9,4,0,1,1
PO008600,V0075,SERVICE,DE,0.673,5.5,1.96,8,32350.11,4,2,4.7,0,0,0,0
PO008601,V0016,FINISH,IN,0.733,18.5,1.44,12,35855.89,7,4,18.6,6,0,0,0
PO008602,V0064,RAW,CN,0.639,13.8,4.94,17,8182.52,7,1,14.2,1,0,0,1
PO008603,V0025,PACK,IN,0.539,5.5,4.59,21,36332.67,5,2,4.4,3,0,1,0
PO008604,V0005,RAW,CN,0.66,11.8,2.76,10,16288.69,9,2,11.4,0,0,0,1
PO008605,V0039,RAW,IN,0.627,7.4,3.13,15,19623.02,5,1,9.6,1,0,0,1
PO008606,V0021,FINISH,US,0.98,22.9,3.14,9,6102.59,5,3,20.2,6,1,0,1
PO008607,V0069,RAW,DE,0.892,8.6,3.69,16,448.24,7,4,10.2,1,1,0,1
PO008608,V0027,FINISH,US,0.879,14.1,1.64,15,1243.83,4,5,14.4,4,0,0,1
PO008609,V0003,PACK,DE,0.708,8.1,1.56,12,6132.63,5,1,9.3,1,0,0,1
PO008610,V0093,SERVICE,DE,0.917,6.8,1.72,8,43131.62,8,1,8.3,3,0,0,1
PO008611,V0014,FINISH,DE,0.85,17.2,1.31,12,3836.58,4,4,18.2,2,0,1,1
PO008612,V0095,FINISH,US,0.879,19.0,4.51,14,2662.34,4,5,18.6,1,0,0,0
PO008613,V0092,FINISH,US,0.855,24.6,3.38,15,2615.62,3,3,27.3,2,0,0,1
PO008614,V0038,RAW,US,0.858,12.8,2.44,10,8593.23,3,3,13.1,1,0,0,1
PO008615,V0070,FINISH,US,0.901,21.3,4.09,15,15685.71,5,5,20.8,3,0,0,1
PO008616,V0053,SERVICE,US,0.98,4.3,4.58,14,31878.38,8,1,5.0,5,0,0,1
PO008617,V0070,FINISH,US,0.901,21.3,4.09,15,6190.41,3,5,21.1,2,0,0,1
PO008618,V0040,SERVICE,CN,0.742,5.1,2.29,19,6368.88,4,1,7.0,2,1,0,0
PO008619,V0005,RAW,CN,0.66,11.8,2.76,10,40052.35,3,2,12.4,6,0,0,1
PO008620,V0069,RAW,DE,0.892,8.6,3.69,16,4571.64,8,4,9.0,0,0,0,1
PO008621,V0031,PACK,CN,0.783,6.4,1.1,17,1782.12,6,1,3.6,0,0,0,1
PO008622,V0089,PACK,MX,0.613,8.8,1.75,13,9414.4,6,2,11.5,3,0,0,0
PO008623,V0060,FINISH,US,0.834,24.4,3.33,25,28821.82,8,3,26.2,0,0,0,0
PO008624,V0002,SERVICE,US,0.98,6.3,1.85,11,3026.54,3,2,5.0,5,0,0,1
PO008625,V0027,FINISH,US,0.879,14.1,1.64,15,8664.34,7,3,12.8,4,0,0,1
PO008626,V0020,PACK,US,0.98,9.9,1.97,17,3676.72,4,3,11.3,6,0,0,1
PO008627,V0093,SERVICE,DE,0.917,6.8,1.72,8,11971.41,4,2,6.2,5,0,0,1
PO008628,V0025,PACK,IN,0.539,5.5,4.59,21,11120.32,5,5,4.8,2,0,0,1
PO008629,V0009,FINISH,US,0.782,14.1,4.26,17,21333.83,5,3,15.4,1,0,0,1
PO008630,V0081,PACK,CN,0.884,5.2,2.01,15,60675.46,7,1,5.6,5,0,0,0
PO008631,V0048,PACK,MX,0.846,9.8,4.62,11,4537.85,3,1,11.6,2,0,0,1
PO008632,V0081,PACK,CN,0.884,5.2,2.01,15,5467.81,2,2,7.0,0,0,1,1
PO008633,V0051,FINISH,CN,0.637,24.5,4.23,13,4668.58,3,3,23.2,2,0,0,1
PO008634,V0059,PACK,IN,0.786,5.6,2.97,7,213901.13,7,3,5.6,2,0,1,1
PO008635,V0045,PACK,US,0.98,8.2,1.18,13,5630.99,3,4,7.4,5,0,0,1
PO008636,V0014,FINISH,DE,0.85,17.2,1.31,12,21508.96,5,5,18.9,1,0,0,1
PO008637,V0091,PACK,US,0.785,6.7,1.54,13,23019.57,3,1,3.4,3,0,0,1
PO008638,V0012,FINISH,US,0.73,24.7,3.25,18,1704.17,7,5,27.2,0,1,0,0
PO008639,V0044,FINISH,IN,0.629,20.6,1.39,15,1145.73,3,5,17.3,1,0,0,1
PO008640,V0055,PACK,CN,0.619,8.4,4.01,9,4936.17,5,4,9.0,4,0,0,1
PO008641,V0042,FINISH,CN,0.807,23.2,2.12,16,14070.29,6,4,21.5,1,0,0,1
PO008642,V0009,FINISH,US,0.782,14.1,4.26,17,1364.5,2,3,12.8,2,1,0,1
PO008643,V0062,FINISH,DE,0.881,22.2,4.6,6,8317.82,5,4,22.6,2,0,0,1
PO008644,V0076,RAW,US,0.841,8.0,3.56,11,29712.47,7,3,8.7,6,1,1,1
PO008645,V0039,RAW,IN,0.627,7.4,3.13,15,3726.68,6,1,7.0,1,0,1,0
PO008646,V0079,FINISH,CN,0.65,26.2,4.68,7,33904.53,4,4,26.7,0,0,0,1
PO008647,V0041,RAW,DE,0.93,9.9,1.69,10,30759.06,6,1,11.2,2,0,1,1
PO008648,V0072,RAW,CN,0.817,8.0,1.06,13,176604.19,2,3,6.0,4,0,0,1
PO008649,V0033,RAW,IN,0.721,13.6,3.78,16,37225.81,7,4,10.5,3,0,0,0
PO008650,V0084,PACK,IN,0.592,5.4,3.15,16,9699.64,5,1,4.4,5,0,0,1
PO008651,V0040,SERVICE,CN,0.742,5.1,2.29,19,7250.75,10,2,5.3,0,0,0,1
PO008652,V0005,RAW,CN,0.66,11.8,2.76,10,27649.59,6,2,14.4,5,0,0,1
PO008653,V0042,FINISH,CN,0.807,23.2,2.12,16,2681.77,6,4,23.5,0,0,0,1
PO008654,V0046,FINISH,CN,0.577,23.2,1.65,8,7951.6,5,5,26.0,0,0,1,0
PO008655,V0015,FINISH,MX,0.872,25.3,1.75,21,678.42,6,3,24.8,0,0,0,1
PO008656,V0011,RAW,DE,0.769,12.1,3.55,21,68280.86,10,3,10.3,4,0,0,1
PO008657,V0041,RAW,DE,0.93,9.9,1.69,10,4681.34,4,1,10.9,0,0,0,1
PO008658,V0015,FINISH,MX,0.872,25.3,1.75,21,3465.87,7,5,23.2,3,0,0,1
PO008659,V0023,RAW,CN,0.614,11.8,2.55,22,854.2,3,1,11.5,2,0,0,0
PO008660,V0090,RAW,CN,0.774,7.8,3.44,12,40996.93,3,3,5.0,0,1,0,0
PO008661,V0009,FINISH,US,0.782,14.1,4.26,17,2457.74,8,4,12.7,1,0,1,1
PO008662,V0013,PACK,CN,0.729,6.6,3.03,21,6339.91,5,2,7.9,4,0,0,1
PO008663,V0088,FINISH,MX,0.697,25.4,2.03,11,1673.42,4,3,26.7,4,0,0,0
PO008664,V0068,RAW,DE,0.98,7.4,4.46,20,3939.04,4,3,6.3,5,0,0,1
PO008665,V0068,RAW,DE,0.98,7.4,4.46,20,13468.72,8,3,5.7,3,0,1,1
PO008666,V0093,SERVICE,DE,0.917,6.8,1.72,8,6035.12,5,2,7.7,2,0,1,1
PO008667,V0090,RAW,CN,0.774,7.8,3.44,12,6160.46,7,4,9.8,3,0,0,0
PO008668,V0032,SERVICE,MX,0.694,6.7,2.48,12,10255.41,4,2,6.9,3,0,0,1
PO008669,V0056,PACK,US,0.729,7.2,4.55,13,38003.19,1,4,7.5,5,1,1,0
PO008670,V0055,PACK,CN,0.619,8.4,4.01,9,3112.68,3,2,7.6,6,0,1,0
PO008671,V0002,SERVICE,US,0.98,6.3,1.85,11,10615.75,4,1,7.7,5,0,0,1
PO008672,V0099,FINISH,US,0.857,24.7,4.51,13,33779.26,11,3,21.2,1,1,0,0
PO008673,V0018,RAW,MX,0.757,10.6,3.81,25,51008.64,4,3,10.2,3,0,0,1
PO008674,V0084,PACK,IN,0.592,5.4,3.15,16,2624.54,4,2,4.5,0,0,0,1
PO008675,V0022,RAW,DE,0.74,7.3,3.36,17,7734.36,7,3,9.0,1,0,1,1
PO008676,V0016,FINISH,IN,0.733,18.5,1.44,12,4450.35,2,3,18.8,4,0,0,0
PO008677,V0080,FINISH,IN,0.721,16.6,1.84,13,38233.9,5,3,13.7,3,0,0,1
PO008678,V0031,PACK,CN,0.783,6.4,1.1,17,1486.18,10,2,8.2,3,0,0,1
PO008679,V0056,PACK,US,0.729,7.2,4.55,13,4299.84,4,5,5.0,1,0,0,0
PO008680,V0097,FINISH,US,0.933,26.7,3.5,16,897.2,8,4,26.1,3,1,1,0
PO008681,V0006,SERVICE,US,0.821,4.0,3.65,13,7224.68,3,2,4.9,2,0,0,1
PO008682,V0011,RAW,DE,0.769,12.1,3.55,21,2903.1,10,1,14.1,5,0,0,1
PO008683,V0001,SERVICE,DE,0.945,3.6,1.62,16,2558.7,1,2,2.0,4,0,1,0
PO008684,V0064,RAW,CN,0.639,13.8,4.94,17,8459.0,7,4,12.5,0,0,0,0
PO008685,V0014,FINISH,DE,0.85,17.2,1.31,12,8154.54,7,3,22.3,6,0,0,1
PO008686,V0042,FINISH,CN,0.807,23.2,2.12,16,14770.65,5,5,23.9,1,0,0,1
PO008687,V0043,RAW,DE,0.98,7.1,1.46,6,8889.39,2,2,8.4,2,0,0,1
PO008688,V0023,RAW,CN,0.614,11.8,2.55,22,4265.24,6,1,11.4,2,0,0,0
PO008689,V0001,SERVICE,DE,0.945,3.6,1.62,16,6597.18,1,1,3.9,0,0,1,1
PO008690,V0034,SERVICE,CN,0.595,3.6,3.07,20,43473.98,7,1,5.2,1,0,0,1
PO008691,V0020,PACK,US,0.98,9.9,1.97,17,5646.25,4,1,7.3,5,1,1,0
PO008692,V0052,SERVICE,DE,0.824,6.4,2.72,18,42273.02,6,1,6.5,4,0,0,1
PO008693,V0072,RAW,CN,0.817,8.0,1.06,13,3439.48,11,3,9.8,2,0,0,1
PO008694,V0100,FINISH,US,0.802,15.8,2.59,19,13959.26,3,5,17.4,5,0,0,0
PO008695,V0069,RAW,DE,0.892,8.6,3.69,16,27289.97,4,1,5.3,4,0,0,1
PO008696,V0032,SERVICE,MX,0.694,6.7,2.48,12,434.23,3,2,6.5,2,0,0,0
PO008697,V0040,SERVICE,CN,0.742,5.1,2.29,19,1309.26,6,2,5.8,4,0,0,1
PO008698,V0059,PACK,IN,0.786,5.6,2.97,7,1712.38,10,3,3.0,1,0,0,1
PO008699,V0070,FINISH,US,0.901,21.3,4.09,15,5664.4,3,4,21.1,5,0,0,1
PO008700,V0064,RAW,CN,0.639,13.8,4.94,17,1608.86,4,3,13.1,6,1,0,1
PO008701,V0069,RAW,DE,0.892,8.6,3.69,16,5637.43,5,3,10.3,3,0,0,1
PO008702,V0031,PACK,CN,0.783,6.4,1.1,17,52856.06,9,2,7.1,1,0,1,1
PO008703,V0047,PACK,US,0.861,6.9,3.57,14,37049.91,2,1,8.5,2,0,0,1
PO008704,V0032,SERVICE,MX,0.694,6.7,2.48,12,1033.65,6,1,8.9,2,0,0,0
PO008705,V0089,PACK,MX,0.613,8.8,1.75,13,5175.32,6,2,11.4,0,0,0,1
PO008706,V0092,FINISH,US,0.855,24.6,3.38,15,9734.2,6,5,22.6,2,0,0,1
PO008707,V0020,PACK,US,0.98,9.9,1.97,17,7236.67,3,1,12.0,4,0,0,1
PO008708,V0047,PACK,US,0.861,6.9,3.57,14,10297.38,6,4,10.4,6,0,0,0
PO008709,V0085,RAW,DE,0.792,11.5,3.28,16,4595.2,3,3,12.0,2,0,0,0
PO008710,V0063,FINISH,MX,0.98,17.9,1.75,15,53535.96,2,3,21.6,6,0,0,1
PO008711,V0046,FINISH,CN,0.577,23.2,1.65,8,6107.43,7,3,27.3,3,1,1,0
PO008712,V0084,PACK,IN,0.592,5.4,3.15,16,5442.19,6,3,5.8,6,0,0,1
PO008713,V0075,SERVICE,DE,0.673,5.5,1.96,8,22568.57,8,1,4.7,2,0,0,1
PO008714,V0062,FINISH,DE,0.881,22.2,4.6,6,3728.96,3,4,22.6,4,0,0,0
PO008715,V0022,RAW,DE,0.74,7.3,3.36,17,15217.46,2,1,9.5,6,0,0,1
PO008716,V0071,PACK,CN,0.695,5.7,1.12,18,18076.16,6,3,5.2,3,0,0,1
PO008717,V0084,PACK,IN,0.592,5.4,3.15,16,65892.67,5,1,4.9,5,0,0,0
PO008718,V0004,FINISH,DE,0.824,16.8,3.06,16,8299.9,5,3,14.7,0,0,0,1
PO008719,V0056,PACK,US,0.729,7.2,4.55,13,5755.72,5,1,4.9,0,1,0,0
PO008720,V0015,FINISH,MX,0.872,25.3,1.75,21,2750.49,6,5,23.0,1,0,0,1
PO008721,V0028,RAW,CN,0.649,12.0,1.95,13,3525.8,5,2,11.1,1,0,0,1
PO008722,V0029,FINISH,CN,0.802,15.3,2.47,12,3421.51,6,5,16.0,1,0,0,1
PO008723,V0022,RAW,DE,0.74,7.3,3.36,17,2545.48,6,3,8.3,0,1,0,0
PO008724,V0096,PACK,DE,0.98,7.3,2.21,18,2832.92,7,2,8.9,6,1,0,0
PO008725,V0079,FINISH,CN,0.65,26.2,4.68,7,16012.42,5,5,24.3,3,0,0,0
PO008726,V0048,PACK,MX,0.846,9.8,4.62,11,18542.8,6,2,10.2,5,0,0,1
PO008727,V0072,RAW,CN,0.817,8.0,1.06,13,8943.0,5,5,6.1,0,1,0,1
PO008728,V0057,FINISH,US,0.768,15.2,3.8,17,11320.14,8,3,13.7,5,0,0,1
PO008729,V0046,FINISH,CN,0.577,23.2,1.65,8,22170.25,6,4,19.1,1,1,1,1
PO008730,V0095,FINISH,US,0.879,19.0,4.51,14,10735.54,4,3,19.5,1,0,0,1
PO008731,V0053,SERVICE,US,0.98,4.3,4.58,14,11389.83,8,2,7.4,5,0,0,1
PO008732,V0079,FINISH,CN,0.65,26.2,4.68,7,12830.63,6,3,22.2,5,0,0,1
PO008733,V0005,RAW,CN,0.66,11.8,2.76,10,7277.69,4,2,11.4,1,1,0,0
PO008734,V0046,FINISH,CN,0.577,23.2,1.65,8,23758.94,7,3,24.7,2,0,0,0
PO008735,V0055,PACK,CN,0.619,8.4,4.01,9,9063.46,7,2,12.6,6,0,0,1
PO008736,V0086,RAW,US,0.712,8.7,1.64,11,10478.36,11,4,3.5,0,0,0,1
PO008737,V0049,RAW,US,0.878,7.5,2.28,20,12189.85,4,3,4.1,5,0,1,1
PO008738,V0090,RAW,CN,0.774,7.8,3.44,12,28890.56,6,3,7.9,2,0,0,1
PO008739,V0028,RAW,CN,0.649,12.0,1.95,13,9684.63,4,2,14.2,2,0,1,1
PO008740,V0044,FINISH,IN,0.629,20.6,1.39,15,11126.19,4,4,17.6,6,1,0,0
PO008741,V0042,FINISH,CN,0.807,23.2,2.12,16,28143.9,7,4,23.9,6,1,0,1
PO008742,V0069,RAW,DE,0.892,8.6,3.69,16,6932.35,5,3,5.2,4,0,0,1
PO008743,V0009,FINISH,US,0.782,14.1,4.26,17,11686.37,2,3,14.7,1,1,0,0
PO008744,V0049,RAW,US,0.878,7.5,2.28,20,47799.99,6,4,7.5,0,0,0,1
PO008745,V0084,PACK,IN,0.592,5.4,3.15,16,659.82,4,1,3.9,1,0,0,0
PO008746,V0030,PACK,MX,0.97,9.5,3.52,19,325.84,5,3,9.4,6,0,0,1
PO008747,V0049,RAW,US,0.878,7.5,2.28,20,12793.25,8,3,7.9,4,0,0,0
PO008748,V0076,RAW,US,0.841,8.0,3.56,11,1791.87,4,2,5.7,1,0,0,1
PO008749,V0033,RAW,IN,0.721,13.6,3.78,16,3876.16,2,2,14.6,3,0,1,0
PO008750,V0002,SERVICE,US,0.98,6.3,1.85,11,13807.77,7,2,3.9,1,0,0,0
PO008751,V0033,RAW,IN,0.721,13.6,3.78,16,3403.85,6,1,14.7,5,0,0,1
PO008752,V0079,FINISH,CN,0.65,26.2,4.68,7,11590.07,5,3,24.3,4,0,0,1
PO008753,V0005,RAW,CN,0.66,11.8,2.76,10,6190.86,6,3,11.3,1,0,0,1
PO008754,V0069,RAW,DE,0.892,8.6,3.69,16,16736.41,6,3,7.6,5,0,0,1
PO008755,V0002,SERVICE,US,0.98,6.3,1.85,11,11691.41,5,1,5.3,3,0,0,1
PO008756,V0030,PACK,MX,0.97,9.5,3.52,19,18599.64,9,1,6.7,5,0,0,1
PO008757,V0020,PACK,US,0.98,9.9,1.97,17,10530.38,5,5,12.7,4,0,0,1
PO008758,V0032,SERVICE,MX,0.694,6.7,2.48,12,5859.8,3,1,11.3,4,0,0,0
PO008759,V0088,FINISH,MX,0.697,25.4,2.03,11,4223.1,6,3,25.3,3,0,0,0
PO008760,V0083,RAW,US,0.785,7.8,4.56,16,6521.72,3,1,9.8,5,0,0,1
PO008761,V0051,FINISH,CN,0.637,24.5,4.23,13,6803.22,4,5,23.7,1,0,0,0
PO008762,V0007,RAW,CN,0.794,7.6,1.78,6,2127.96,5,4,7.6,6,0,0,1
PO008763,V0081,PACK,CN,0.884,5.2,2.01,15,13259.19,3,2,3.0,4,0,0,1
PO008764,V0072,RAW,CN,0.817,8.0,1.06,13,40460.29,7,1,4.5,3,0,0,1
PO008765,V0047,PACK,US,0.861,6.9,3.57,14,3140.56,3,1,11.7,5,1,0,1
PO008766,V0027,FINISH,US,0.879,14.1,1.64,15,4213.23,6,3,16.7,6,0,0,1
PO008767,V0075,SERVICE,DE,0.673,5.5,1.96,8,12916.44,2,2,3.6,2,0,0,0
PO008768,V0089,PACK,MX,0.613,8.8,1.75,13,15012.51,2,2,9.8,2,0,0,1
PO008769,V0049,RAW,US,0.878,7.5,2.28,20,10693.85,5,1,11.2,5,0,0,1
PO008770,V0046,FINISH,CN,0.577,23.2,1.65,8,12659.96,3,4,25.6,4,1,0,0
PO008771,V0098,FINISH,US,0.629,22.7,3.13,10,28493.44,5,5,22.7,0,0,0,0
PO008772,V0087,FINISH,US,0.855,19.7,4.93,9,15360.81,5,5,22.0,4,0,0,1
PO008773,V0084,PACK,IN,0.592,5.4,3.15,16,1802.11,3,1,6.9,0,0,0,1
PO008774,V0010,RAW,IN,0.761,9.5,1.46,20,9207.91,6,2,12.7,1,0,0,1
PO008775,V0016,FINISH,IN,0.733,18.5,1.44,12,9369.68,4,4,16.9,0,1,1,1
PO008776,V0095,FINISH,US,0.879,19.0,4.51,14,8871.27,4,3,18.5,4,0,0,0
PO008777,V0037,RAW,DE,0.831,10.3,3.17,12,4899.51,4,2,9.8,4,0,0,1
PO008778,V0051,FINISH,CN,0.637,24.5,4.23,13,27143.53,7,3,24.8,4,0,1,1
PO008779,V0066,PACK,CN,0.769,9.7,4.46,6,94115.75,7,4,9.6,6,0,1,1
PO008780,V0096,PACK,DE,0.98,7.3,2.21,18,2021.43,4,1,6.4,4,0,0,1
PO008781,V0074,SERVICE,IN,0.772,3.6,4.71,15,4887.01,5,1,2.8,0,0,0,1
PO008782,V0036,FINISH,IN,0.606,23.8,4.18,21,8902.09,5,5,29.0,6,0,1,1
PO008783,V0053,SERVICE,US,0.98,4.3,4.58,14,2171.7,4,1,5.6,0,0,1,1
PO008784,V0092,FINISH,US,0.855,24.6,3.38,15,11545.58,5,4,23.8,2,0,0,1
PO008785,V0040,SERVICE,CN,0.742,5.1,2.29,19,294.28,10,1,4.2,5,0,0,1
PO008786,V0021,FINISH,US,0.98,22.9,3.14,9,79048.79,6,4,23.5,1,0,0,0
PO008787,V0044,FINISH,IN,0.629,20.6,1.39,15,3080.62,5,4,18.4,0,0,0,1
PO008788,V0025,PACK,IN,0.539,5.5,4.59,21,4802.1,5,4,6.6,2,0,0,0
PO008789,V0094,FINISH,CN,0.66,16.0,4.18,11,29849.52,5,5,15.2,3,0,0,0
PO008790,V0014,FINISH,DE,0.85,17.2,1.31,12,2832.23,8,5,17.6,4,0,0,0
PO008791,V0097,FINISH,US,0.933,26.7,3.5,16,7068.55,9,4,26.2,6,0,0,0
PO008792,V0089,PACK,MX,0.613,8.8,1.75,13,5836.55,3,1,13.4,0,0,0,0
PO008793,V0074,SERVICE,IN,0.772,3.6,4.71,15,47985.61,5,2,5.1,0,0,0,1
PO008794,V0015,FINISH,MX,0.872,25.3,1.75,21,23730.7,5,5,21.3,6,0,0,1
PO008795,V0049,RAW,US,0.878,7.5,2.28,20,9902.83,7,3,5.9,2,0,0,1
PO008796,V0028,RAW,CN,0.649,12.0,1.95,13,244.75,4,1,16.9,2,0,1,0
PO008797,V0085,RAW,DE,0.792,11.5,3.28,16,9935.73,8,1,8.4,6,1,0,1
PO008798,V0036,FINISH,IN,0.606,23.8,4.18,21,10192.14,1,5,22.3,6,0,0,0
PO008799,V0067,FINISH,DE,0.709,27.6,4.37,19,9854.12,9,4,25.2,1,0,0,1
PO008800,V0054,RAW,MX,0.782,9.2,4.8,24,3346.76,4,3,8.6,2,0,0,0
PO008801,V0089,PACK,MX,0.613,8.8,1.75,13,9170.32,6,3,6.7,6,1,0,1
PO008802,V0080,FINISH,IN,0.721,16.6,1.84,13,41024.31,3,4,20.0,5,0,0,1
PO008803,V0023,RAW,CN,0.614,11.8,2.55,22,19235.43,3,1,13.7,0,0,0,1
PO008804,V0023,RAW,CN,0.614,11.8,2.55,22,6708.93,6,4,14.3,0,0,1,0
PO008805,V0065,FINISH,DE,0.79,26.8,4.29,23,27489.33,3,4,28.3,3,0,0,1
PO008806,V0006,SERVICE,US,0.821,4.0,3.65,13,8300.73,5,1,6.8,4,0,0,0
PO008807,V0008,RAW,DE,0.897,12.8,2.43,12,1057.1,5,1,15.8,1,0,0,1
PO008808,V0080,FINISH,IN,0.721,16.6,1.84,13,5595.14,5,3,20.2,1,0,0,1
PO008809,V0068,RAW,DE,0.98,7.4,4.46,20,26510.94,10,2,6.5,6,1,0,1
PO008810,V0057,FINISH,US,0.768,15.2,3.8,17,17439.68,3,5,14.4,4,1,0,0
PO008811,V0062,FINISH,DE,0.881,22.2,4.6,6,21602.24,8,5,22.7,2,0,0,0
PO008812,V0028,RAW,CN,0.649,12.0,1.95,13,9391.42,7,2,9.6,3,0,0,1
PO008813,V0091,PACK,US,0.785,6.7,1.54,13,47876.38,4,3,8.4,3,0,0,1
PO008814,V0063,FINISH,MX,0.98,17.9,1.75,15,3320.46,3,4,14.3,0,0,0,1
PO008815,V0084,PACK,IN,0.592,5.4,3.15,16,34549.75,6,2,5.7,5,0,0,0
PO008816,V0018,RAW,MX,0.757,10.6,3.81,25,7556.81,4,3,9.8,0,0,0,1
PO008817,V0087,FINISH,US,0.855,19.7,4.93,9,8161.91,5,3,18.5,6,1,1,1
PO008818,V0069,RAW,DE,0.892,8.6,3.69,16,125415.58,3,1,7.3,5,0,0,1
PO008819,V0066,PACK,CN,0.769,9.7,4.46,6,6222.03,4,3,11.1,1,1,1,1
PO008820,V0076,RAW,US,0.841,8.0,3.56,11,6305.45,4,1,9.8,1,0,0,0
PO008821,V0056,PACK,US,0.729,7.2,4.55,13,7316.44,3,2,5.3,3,0,0,0
PO008822,V0032,SERVICE,MX,0.694,6.7,2.48,12,7543.41,8,1,7.4,0,0,1,1
PO008823,V0056,PACK,US,0.729,7.2,4.55,13,19645.5,4,3,7.6,5,0,1,1
PO008824,V0029,FINISH,CN,0.802,15.3,2.47,12,14200.08,3,3,19.2,2,0,0,1
PO008825,V0023,RAW,CN,0.614,11.8,2.55,22,1424.28,3,2,10.4,3,0,0,1
PO008826,V0043,RAW,DE,0.98,7.1,1.46,6,8825.5,6,2,5.2,5,0,0,1
PO008827,V0077,PACK,IN,0.601,6.0,1.16,11,6623.1,3,3,9.2,6,0,1,0
PO008828,V0072,RAW,CN,0.817,8.0,1.06,13,17031.22,5,4,10.0,3,1,0,1
PO008829,V0033,RAW,IN,0.721,13.6,3.78,16,13504.8,4,3,14.5,0,1,0,1
PO008830,V0034,SERVICE,CN,0.595,3.6,3.07,20,28758.99,6,1,6.1,3,0,0,0
PO008831,V0095,FINISH,US,0.879,19.0,4.51,14,105831.74,6,4,19.9,1,0,0,1
PO008832,V0020,PACK,US,0.98,9.9,1.97,17,3021.22,4,4,11.4,2,0,0,1
PO008833,V0043,RAW,DE,0.98,7.1,1.46,6,34993.87,6,3,7.8,5,0,0,1
PO008834,V0098,FINISH,US,0.629,22.7,3.13,10,3015.55,5,5,21.3,5,1,0,0
PO008835,V0033,RAW,IN,0.721,13.6,3.78,16,3708.21,7,3,16.0,0,0,0,0
PO008836,V0051,FINISH,CN,0.637,24.5,4.23,13,9609.41,2,3,20.1,1,0,0,0
PO008837,V0034,SERVICE,CN,0.595,3.6,3.07,20,2378.48,1,1,6.9,6,0,0,1
PO008838,V0034,SERVICE,CN,0.595,3.6,3.07,20,26070.02,10,1,4.3,2,0,0,0
PO008839,V0033,RAW,IN,0.721,13.6,3.78,16,2169.83,5,2,11.6,2,0,0,1
PO008840,V0034,SERVICE,CN,0.595,3.6,3.07,20,12520.22,8,1,3.4,3,0,0,0
PO008841,V0051,FINISH,CN,0.637,24.5,4.23,13,4113.92,4,5,24.4,2,0,1,0
PO008842,V0049,RAW,US,0.878,7.5,2.28,20,9251.74,3,2,6.7,4,0,0,1
PO008843,V0065,FINISH,DE,0.79,26.8,4.29,23,2908.98,10,5,25.2,3,0,0,0
PO008844,V0080,FINISH,IN,0.721,16.6,1.84,13,2017.92,7,3,13.5,0,0,1,1
PO008845,V0094,FINISH,CN,0.66,16.0,4.18,11,4300.85,6,5,15.7,6,0,0,1
PO008846,V0023,RAW,CN,0.614,11.8,2.55,22,47876.82,4,1,7.8,4,0,0,1
PO008847,V0062,FINISH,DE,0.881,22.2,4.6,6,26283.05,5,4,22.5,3,0,0,1
PO008848,V0076,RAW,US,0.841,8.0,3.56,11,1612.78,4,2,5.1,1,0,0,1
PO008849,V0035,FINISH,CN,0.582,25.3,4.24,15,37186.97,7,5,21.4,2,0,0,0
PO008850,V0046,FINISH,CN,0.577,23.2,1.65,8,51030.19,7,3,25.6,1,1,0,1
PO008851,V0027,FINISH,US,0.879,14.1,1.64,15,4211.24,8,3,10.7,5,1,0,0
PO008852,V0004,FINISH,DE,0.824,16.8,3.06,16,11287.72,4,4,18.9,4,0,0,1
PO008853,V0022,RAW,DE,0.74,7.3,3.36,17,9285.13,6,1,8.4,3,0,0,1
PO008854,V0068,RAW,DE,0.98,7.4,4.46,20,10168.16,5,1,6.9,6,0,0,1
PO008855,V0090,RAW,CN,0.774,7.8,3.44,12,1247.09,3,1,7.2,0,0,0,0
PO008856,V0087,FINISH,US,0.855,19.7,4.93,9,51131.06,5,5,21.4,4,1,0,1
PO008857,V0042,FINISH,CN,0.807,23.2,2.12,16,31147.52,7,4,21.3,2,0,0,0
PO008858,V0025,PACK,IN,0.539,5.5,4.59,21,15054.96,2,1,2.8,1,0,0,0
PO008859,V0084,PACK,IN,0.592,5.4,3.15,16,17508.24,7,2,6.6,1,0,1,1
PO008860,V0094,FINISH,CN,0.66,16.0,4.18,11,18831.99,4,4,18.1,1,0,0,0
PO008861,V0088,FINISH,MX,0.697,25.4,2.03,11,5193.71,5,3,23.8,5,1,0,0
PO008862,V0038,RAW,US,0.858,12.8,2.44,10,12429.17,7,3,8.8,6,1,0,1
PO008863,V0040,SERVICE,CN,0.742,5.1,2.29,19,6292.94,5,1,2.5,2,1,0,0
PO008864,V0072,RAW,CN,0.817,8.0,1.06,13,10581.99,5,5,8.7,1,0,0,1
PO008865,V0009,FINISH,US,0.782,14.1,4.26,17,4430.74,6,5,16.7,3,0,0,0
PO008866,V0025,PACK,IN,0.539,5.5,4.59,21,133265.46,3,1,6.6,6,1,1,0
PO008867,V0015,FINISH,MX,0.872,25.3,1.75,21,802.92,2,4,24.4,6,0,1,0
PO008868,V0099,FINISH,US,0.857,24.7,4.51,13,11520.28,6,4,30.3,3,0,0,1
PO008869,V0084,PACK,IN,0.592,5.4,3.15,16,4175.02,7,3,7.0,4,1,1,1
PO008870,V0023,RAW,CN,0.614,11.8,2.55,22,1103.31,5,3,9.5,4,1,0,0
PO008871,V0037,RAW,DE,0.831,10.3,3.17,12,26394.55,3,3,8.2,6,0,0,1
PO008872,V0001,SERVICE,DE,0.945,3.6,1.62,16,16637.23,3,1,1.8,4,0,0,1
PO008873,V0066,PACK,CN,0.769,9.7,4.46,6,4067.21,6,2,10.0,1,0,0,1
PO008874,V0068,RAW,DE,0.98,7.4,4.46,20,4221.91,6,2,7.4,3,0,0,1
PO008875,V0023,RAW,CN,0.614,11.8,2.55,22,1282.48,4,5,6.6,1,0,0,0
PO008876,V0083,RAW,US,0.785,7.8,4.56,16,18254.1,5,3,8.8,4,0,0,1
PO008877,V0051,FINISH,CN,0.637,24.5,4.23,13,813.15,4,4,24.3,3,0,0,0
PO008878,V0049,RAW,US,0.878,7.5,2.28,20,4704.22,3,1,7.6,2,0,0,1
PO008879,V0046,FINISH,CN,0.577,23.2,1.65,8,4137.7,5,3,23.4,2,0,0,0
PO008880,V0045,PACK,US,0.98,8.2,1.18,13,23507.46,7,2,12.8,1,0,1,1
PO008881,V0030,PACK,MX,0.97,9.5,3.52,19,10303.51,8,2,12.2,4,0,0,1
PO008882,V0024,RAW,DE,0.927,13.5,4.51,12,170883.31,4,3,16.0,4,0,1,1
PO008883,V0034,SERVICE,CN,0.595,3.6,3.07,20,4252.58,3,1,3.5,0,0,0,1
PO008884,V0077,PACK,IN,0.601,6.0,1.16,11,85855.45,6,3,8.7,3,1,1,0
PO008885,V0028,RAW,CN,0.649,12.0,1.95,13,128133.58,4,3,10.6,5,0,0,0
PO008886,V0004,FINISH,DE,0.824,16.8,3.06,16,10136.0,5,3,16.5,4,1,0,1
PO008887,V0053,SERVICE,US,0.98,4.3,4.58,14,687.79,7,2,1.0,2,0,0,1
PO008888,V0028,RAW,CN,0.649,12.0,1.95,13,7454.49,8,2,14.2,3,0,0,1
PO008889,V0009,FINISH,US,0.782,14.1,4.26,17,20708.25,8,4,12.4,3,0,0,0
PO008890,V0070,FINISH,US,0.901,21.3,4.09,15,16688.07,3,3,21.0,5,0,0,1
PO008891,V0072,RAW,CN,0.817,8.0,1.06,13,14770.32,1,2,11.6,0,1,0,1
PO008892,V0032,SERVICE,MX,0.694,6.7,2.48,12,9471.92,6,1,5.9,0,0,0,1
PO008893,V0030,PACK,MX,0.97,9.5,3.52,19,3015.59,7,1,14.3,2,0,0,1
PO008894,V0044,FINISH,IN,0.629,20.6,1.39,15,107856.02,7,5,18.2,4,0,0,1
PO008895,V0069,RAW,DE,0.892,8.6,3.69,16,3411.7,6,4,10.8,4,0,0,0
PO008896,V0011,RAW,DE,0.769,12.1,3.55,21,5142.69,6,1,12.9,1,1,0,1
PO008897,V0076,RAW,US,0.841,8.0,3.56,11,12756.57,3,1,11.8,1,0,1,1
PO008898,V0039,RAW,IN,0.627,7.4,3.13,15,6814.96,3,2,7.9,6,0,0,0
PO008899,V0020,PACK,US,0.98,9.9,1.97,17,13067.43,6,1,12.7,6,0,0,1
PO008900,V0007,RAW,CN,0.794,7.6,1.78,6,6922.54,10,2,8.2,1,0,0,1
PO008901,V0017,FINISH,IN,0.701,19.8,1.89,10,2488.29,9,4,21.5,0,0,0,1
PO008902,V0094,FINISH,CN,0.66,16.0,4.18,11,2167.96,6,5,14.3,4,0,0,0
PO008903,V0066,PACK,CN,0.769,9.7,4.46,6,2154.71,3,3,11.6,3,0,0,1
PO008904,V0062,FINISH,DE,0.881,22.2,4.6,6,72196.11,4,4,21.2,3,0,0,1
PO008905,V0066,PACK,CN,0.769,9.7,4.46,6,2934.21,4,3,8.7,0,0,0,1
PO008906,V0042,FINISH,CN,0.807,23.2,2.12,16,13827.22,5,5,23.1,5,0,0,1
PO008907,V0058,SERVICE,US,0.874,4.5,2.48,13,2882.02,4,1,6.1,2,0,1,1
PO008908,V0080,FINISH,IN,0.721,16.6,1.84,13,7445.35,7,5,16.1,5,0,1,1
PO008909,V0071,PACK,CN,0.695,5.7,1.12,18,21509.76,10,3,4.1,4,0,0,0
PO008910,V0040,SERVICE,CN,0.742,5.1,2.29,19,10200.18,6,1,8.2,3,0,0,1
PO008911,V0095,FINISH,US,0.879,19.0,4.51,14,9562.6,6,4,17.3,1,0,0,1
PO008912,V0067,FINISH,DE,0.709,27.6,4.37,19,5307.61,5,3,27.6,2,0,0,1
PO008913,V0071,PACK,CN,0.695,5.7,1.12,18,1320.01,6,5,4.7,5,0,0,1
PO008914,V0061,FINISH,US,0.872,15.0,3.22,16,2922.61,5,5,15.4,5,0,0,1
PO008915,V0099,FINISH,US,0.857,24.7,4.51,13,41323.45,3,4,25.0,5,0,1,1
PO008916,V0037,RAW,DE,0.831,10.3,3.17,12,8063.17,6,2,14.6,2,0,1,0
PO008917,V0030,PACK,MX,0.97,9.5,3.52,19,1984.21,6,3,8.4,3,0,0,1
PO008918,V0020,PACK,US,0.98,9.9,1.97,17,17864.33,3,2,6.7,6,0,0,1
PO008919,V0057,FINISH,US,0.768,15.2,3.8,17,7873.01,5,4,13.1,0,0,0,1
PO008920,V0094,FINISH,CN,0.66,16.0,4.18,11,1994.37,7,4,15.6,6,0,0,1
PO008921,V0046,FINISH,CN,0.577,23.2,1.65,8,12574.51,3,3,20.7,5,0,0,1
PO008922,V0100,FINISH,US,0.802,15.8,2.59,19,5770.26,4,3,14.8,6,0,0,1
PO008923,V0074,SERVICE,IN,0.772,3.6,4.71,15,17155.15,2,2,2.4,4,1,0,1
PO008924,V0079,FINISH,CN,0.65,26.2,4.68,7,3797.4,5,4,30.1,0,0,0,1
PO008925,V0076,RAW,US,0.841,8.0,3.56,11,120727.29,7,3,7.2,5,0,0,1
PO008926,V0006,SERVICE,US,0.821,4.0,3.65,13,3547.18,4,1,7.7,4,0,0,1
PO008927,V0050,RAW,IN,0.638,7.8,3.79,16,6562.93,3,5,5.9,2,0,0,0
PO008928,V0073,PACK,DE,0.853,7.6,4.13,14,12872.5,4,1,7.2,4,0,0,1
PO008929,V0053,SERVICE,US,0.98,4.3,4.58,14,73105.26,4,2,1.7,0,0,0,1
PO008930,V0078,RAW,US,0.9,7.8,2.84,11,8585.85,7,4,6.9,3,0,1,1
PO008931,V0091,PACK,US,0.785,6.7,1.54,13,4124.21,4,1,9.2,5,1,0,0
PO008932,V0096,PACK,DE,0.98,7.3,2.21,18,34842.03,3,4,8.4,1,0,0,1
PO008933,V0019,RAW,DE,0.886,7.4,2.11,21,16535.13,5,1,11.6,4,0,0,1
PO008934,V0090,RAW,CN,0.774,7.8,3.44,12,3826.76,7,3,7.0,5,0,0,1
PO008935,V0046,FINISH,CN,0.577,23.2,1.65,8,10957.62,6,4,25.4,2,0,0,0
PO008936,V0093,SERVICE,DE,0.917,6.8,1.72,8,3645.6,10,2,10.4,1,1,0,1
PO008937,V0078,RAW,US,0.9,7.8,2.84,11,7945.94,9,4,11.1,2,0,1,1
PO008938,V0035,FINISH,CN,0.582,25.3,4.24,15,24757.84,2,4,22.7,5,0,0,0
PO008939,V0018,RAW,MX,0.757,10.6,3.81,25,14447.52,4,1,9.9,0,0,0,1
PO008940,V0015,FINISH,MX,0.872,25.3,1.75,21,4248.26,8,5,25.5,4,0,0,1
PO008941,V0057,FINISH,US,0.768,15.2,3.8,17,21604.24,8,3,19.0,5,0,0,1
PO008942,V0089,PACK,MX,0.613,8.8,1.75,13,3905.49,7,1,7.8,1,0,0,1
PO008943,V0026,RAW,DE,0.898,12.1,4.59,17,8788.24,5,2,12.2,3,0,0,1
PO008944,V0027,FINISH,US,0.879,14.1,1.64,15,16095.91,3,4,12.5,0,0,1,0
PO008945,V0083,RAW,US,0.785,7.8,4.56,16,13371.53,2,2,9.2,2,0,0,1
PO008946,V0017,FINISH,IN,0.701,19.8,1.89,10,4854.86,7,4,19.6,3,0,0,0
PO008947,V0053,SERVICE,US,0.98,4.3,4.58,14,11881.89,3,2,5.6,6,0,0,1
PO008948,V0034,SERVICE,CN,0.595,3.6,3.07,20,666.94,10,2,1.0,5,0,0,0
PO008949,V0052,SERVICE,DE,0.824,6.4,2.72,18,10086.08,5,1,1.4,5,0,0,1
PO008950,V0003,PACK,DE,0.708,8.1,1.56,12,4618.94,4,2,10.0,0,0,0,1
PO008951,V0062,FINISH,DE,0.881,22.2,4.6,6,19116.8,4,5,24.3,3,0,0,1
PO008952,V0032,SERVICE,MX,0.694,6.7,2.48,12,3683.75,3,2,7.8,5,0,0,1
PO008953,V0018,RAW,MX,0.757,10.6,3.81,25,3839.95,3,4,8.0,1,0,0,1
PO008954,V0071,PACK,CN,0.695,5.7,1.12,18,12267.83,5,2,6.3,4,0,0,1
PO008955,V0069,RAW,DE,0.892,8.6,3.69,16,5065.57,2,4,10.7,6,1,1,0
PO008956,V0075,SERVICE,DE,0.673,5.5,1.96,8,29111.61,7,1,6.1,5,0,0,1
PO008957,V0017,FINISH,IN,0.701,19.8,1.89,10,3181.17,5,4,16.1,5,0,1,0
PO008958,V0089,PACK,MX,0.613,8.8,1.75,13,8220.21,7,3,9.0,0,1,0,1
PO008959,V0094,FINISH,CN,0.66,16.0,4.18,11,23058.0,5,4,16.9,1,0,0,1
PO008960,V0073,PACK,DE,0.853,7.6,4.13,14,9535.94,4,4,5.0,6,1,0,1
PO008961,V0076,RAW,US,0.841,8.0,3.56,11,3336.76,6,4,5.7,1,0,0,0
PO008962,V0060,FINISH,US,0.834,24.4,3.33,25,2644.35,5,4,25.4,4,0,0,1
PO008963,V0061,FINISH,US,0.872,15.0,3.22,16,22470.69,6,3,14.6,5,0,0,1
PO008964,V0018,RAW,MX,0.757,10.6,3.81,25,20920.44,6,1,7.2,0,0,0,1
PO008965,V0083,RAW,US,0.785,7.8,4.56,16,10796.41,2,2,9.0,4,0,0,1
PO008966,V0068,RAW,DE,0.98,7.4,4.46,20,7242.75,6,4,7.3,3,0,0,1
PO008967,V0078,RAW,US,0.9,7.8,2.84,11,2418.6,3,2,7.2,1,0,0,1
PO008968,V0080,FINISH,IN,0.721,16.6,1.84,13,14800.34,7,5,14.0,1,1,0,0
PO008969,V0031,PACK,CN,0.783,6.4,1.1,17,6612.59,11,1,4.9,1,0,0,0
PO008970,V0053,SERVICE,US,0.98,4.3,4.58,14,2454.99,6,1,2.2,1,0,0,1
PO008971,V0017,FINISH,IN,0.701,19.8,1.89,10,5672.55,3,4,20.5,2,0,0,1
PO008972,V0011,RAW,DE,0.769,12.1,3.55,21,7858.45,5,2,9.3,2,0,0,1
PO008973,V0044,FINISH,IN,0.629,20.6,1.39,15,13250.33,5,4,23.0,0,0,0,0
PO008974,V0051,FINISH,CN,0.637,24.5,4.23,13,638.22,3,3,25.1,4,0,0,0
PO008975,V0012,FINISH,US,0.73,24.7,3.25,18,7988.15,4,5,21.7,4,0,0,1
PO008976,V0003,PACK,DE,0.708,8.1,1.56,12,12694.07,6,1,8.0,1,0,1,1
PO008977,V0047,PACK,US,0.861,6.9,3.57,14,764.23,3,1,7.6,1,0,0,1
PO008978,V0040,SERVICE,CN,0.742,5.1,2.29,19,1000.71,11,1,5.0,1,0,0,0
PO008979,V0049,RAW,US,0.878,7.5,2.28,20,9561.42,5,5,9.7,4,0,0,1
PO008980,V0007,RAW,CN,0.794,7.6,1.78,6,13724.42,5,5,4.8,0,0,1,1
PO008981,V0093,SERVICE,DE,0.917,6.8,1.72,8,39935.0,4,1,9.6,2,0,0,1
PO008982,V0085,RAW,DE,0.792,11.5,3.28,16,15612.03,7,1,11.9,0,0,0,0
PO008983,V0087,FINISH,US,0.855,19.7,4.93,9,2492.52,8,3,24.6,1,0,0,1
PO008984,V0064,RAW,CN,0.639,13.8,4.94,17,905.78,3,4,12.8,2,0,0,0
PO008985,V0094,FINISH,CN,0.66,16.0,4.18,11,42007.12,5,4,16.4,6,0,0,0
PO008986,V0035,FINISH,CN,0.582,25.3,4.24,15,307.4,6,3,25.5,1,1,1,0
PO008987,V0038,RAW,US,0.858,12.8,2.44,10,1696.31,6,2,11.1,2,0,0,1
PO008988,V0029,FINISH,CN,0.802,15.3,2.47,12,7623.59,10,3,16.1,6,0,1,1
PO008989,V0031,PACK,CN,0.783,6.4,1.1,17,5346.35,6,2,5.8,4,0,1,1
PO008990,V0070,FINISH,US,0.901,21.3,4.09,15,10449.93,2,4,22.1,0,0,0,1
PO008991,V0030,PACK,MX,0.97,9.5,3.52,19,11689.69,5,1,9.8,6,1,0,1
PO008992,V0064,RAW,CN,0.639,13.8,4.94,17,7040.8,9,2,10.7,2,0,0,1
PO008993,V0038,RAW,US,0.858,12.8,2.44,10,1936.49,6,3,13.4,0,0,0,0
PO008994,V0025,PACK,IN,0.539,5.5,4.59,21,76755.77,3,2,8.1,0,0,0,0
PO008995,V0083,RAW,US,0.785,7.8,4.56,16,10679.54,5,2,8.9,5,0,0,1
PO008996,V0020,PACK,US,0.98,9.9,1.97,17,9322.81,5,3,9.0,4,0,1,1
PO008997,V0012,FINISH,US,0.73,24.7,3.25,18,6415.04,5,3,21.6,0,0,0,0
PO008998,V0065,FINISH,DE,0.79,26.8,4.29,23,10513.8,5,3,29.3,4,0,0,1
PO008999,V0006,SERVICE,US,0.821,4.0,3.65,13,19101.02,5,2,3.4,0,1,1,1
PO009000,V0098,FINISH,US,0.629,22.7,3.13,10,11669.46,7,4,20.3,3,0,0,0
PO009001,V0072,RAW,CN,0.817,8.0,1.06,13,21910.35,9,5,8.4,5,0,0,0
PO009002,V0044,FINISH,IN,0.629,20.6,1.39,15,973.93,4,4,20.8,2,0,0,0
PO009003,V0052,SERVICE,DE,0.824,6.4,2.72,18,140088.92,4,2,7.7,0,0,0,1
PO009004,V0083,RAW,US,0.785,7.8,4.56,16,5042.09,6,4,7.0,5,0,0,1
PO009005,V0011,RAW,DE,0.769,12.1,3.55,21,29869.36,4,3,10.3,1,0,0,0
PO009006,V0067,FINISH,DE,0.709,27.6,4.37,19,11730.43,6,4,25.3,6,0,0,0
PO009007,V0037,RAW,DE,0.831,10.3,3.17,12,31297.3,3,3,10.7,2,0,0,0
PO009008,V0094,FINISH,CN,0.66,16.0,4.18,11,6140.93,4,3,15.0,0,0,0,1
PO009009,V0072,RAW,CN,0.817,8.0,1.06,13,1177.22,12,1,8.9,6,0,0,1
PO009010,V0042,FINISH,CN,0.807,23.2,2.12,16,5081.58,4,3,25.4,2,0,0,1
PO009011,V0073,PACK,DE,0.853,7.6,4.13,14,5719.5,9,3,7.8,0,0,0,1
PO009012,V0030,PACK,MX,0.97,9.5,3.52,19,1534.85,6,4,8.7,6,0,0,0
PO009013,V0084,PACK,IN,0.592,5.4,3.15,16,65138.12,6,3,3.1,6,0,0,1
PO009014,V0014,FINISH,DE,0.85,17.2,1.31,12,5748.58,3,5,17.2,5,0,0,1
PO009015,V0072,RAW,CN,0.817,8.0,1.06,13,11825.55,5,3,9.7,4,0,0,1
PO009016,V0042,FINISH,CN,0.807,23.2,2.12,16,7290.55,8,4,22.4,6,0,0,0
PO009017,V0093,SERVICE,DE,0.917,6.8,1.72,8,5345.86,2,2,9.2,4,0,0,0
PO009018,V0095,FINISH,US,0.879,19.0,4.51,14,14835.51,6,4,19.7,2,0,0,1
PO009019,V0082,PACK,US,0.825,7.7,1.97,12,13122.4,7,3,9.0,3,0,0,0
PO009020,V0044,FINISH,IN,0.629,20.6,1.39,15,19520.52,8,4,20.5,2,0,0,0
PO009021,V0001,SERVICE,DE,0.945,3.6,1.62,16,9005.19,6,1,3.2,2,0,1,1
PO009022,V0091,PACK,US,0.785,6.7,1.54,13,28119.2,4,3,5.9,4,0,0,1
PO009023,V0056,PACK,US,0.729,7.2,4.55,13,116322.79,6,3,2.6,5,0,0,0
PO009024,V0029,FINISH,CN,0.802,15.3,2.47,12,58608.33,5,5,19.0,3,0,0,0
PO009025,V0029,FINISH,CN,0.802,15.3,2.47,12,3932.3,7,5,11.7,1,1,1,0
PO009026,V0065,FINISH,DE,0.79,26.8,4.29,23,5512.58,7,4,28.5,4,1,0,0
PO009027,V0057,FINISH,US,0.768,15.2,3.8,17,3549.35,4,4,15.2,6,0,0,1
PO009028,V0017,FINISH,IN,0.701,19.8,1.89,10,3327.36,5,5,22.5,6,0,0,1
PO009029,V0070,FINISH,US,0.901,21.3,4.09,15,11393.32,3,5,23.0,0,0,0,1
PO009030,V0049,RAW,US,0.878,7.5,2.28,20,5453.03,4,1,9.9,4,0,0,1
PO009031,V0065,FINISH,DE,0.79,26.8,4.29,23,23668.63,3,4,27.4,2,0,0,0
PO009032,V0036,FINISH,IN,0.606,23.8,4.18,21,12154.17,6,5,23.8,0,0,0,0
PO009033,V0077,PACK,IN,0.601,6.0,1.16,11,22404.02,3,4,5.6,5,0,0,1
PO009034,V0001,SERVICE,DE,0.945,3.6,1.62,16,3870.41,3,1,5.8,1,1,0,0
PO009035,V0024,RAW,DE,0.927,13.5,4.51,12,5256.17,6,2,13.6,0,0,0,1
PO009036,V0073,PACK,DE,0.853,7.6,4.13,14,1971.66,7,3,7.5,3,0,0,1
PO009037,V0064,RAW,CN,0.639,13.8,4.94,17,7677.39,4,3,15.9,2,0,0,0
PO009038,V0084,PACK,IN,0.592,5.4,3.15,16,7076.19,6,2,2.1,3,0,0,1
PO009039,V0007,RAW,CN,0.794,7.6,1.78,6,1147.27,1,1,9.1,3,0,0,1
PO009040,V0078,RAW,US,0.9,7.8,2.84,11,21684.5,6,4,8.2,4,0,0,1
PO009041,V0094,FINISH,CN,0.66,16.0,4.18,11,1421.57,3,5,13.2,5,1,0,0
PO009042,V0009,FINISH,US,0.782,14.1,4.26,17,5612.91,5,4,15.5,4,0,0,0
PO009043,V0016,FINISH,IN,0.733,18.5,1.44,12,6762.09,7,3,17.5,4,1,0,1
PO009044,V0088,FINISH,MX,0.697,25.4,2.03,11,22264.1,3,3,22.7,4,0,1,1
PO009045,V0055,PACK,CN,0.619,8.4,4.01,9,1855.97,1,1,12.2,5,0,0,1
PO009046,V0066,PACK,CN,0.769,9.7,4.46,6,22345.38,2,1,11.7,4,0,0,1
PO009047,V0015,FINISH,MX,0.872,25.3,1.75,21,25489.56,2,4,24.2,6,0,0,1
PO009048,V0043,RAW,DE,0.98,7.1,1.46,6,254388.88,3,1,4.7,0,0,0,1
PO009049,V0007,RAW,CN,0.794,7.6,1.78,6,2358.6,2,1,8.4,6,1,0,1
PO009050,V0089,PACK,MX,0.613,8.8,1.75,13,6686.83,4,2,7.8,3,0,0,1
PO009051,V0044,FINISH,IN,0.629,20.6,1.39,15,16212.91,9,3,20.5,4,0,1,1
PO009052,V0011,RAW,DE,0.769,12.1,3.55,21,13605.15,4,1,11.5,6,0,1,1
PO009053,V0034,SERVICE,CN,0.595,3.6,3.07,20,48214.02,1,2,2.8,5,0,0,1
PO009054,V0001,SERVICE,DE,0.945,3.6,1.62,16,1805.68,10,1,2.6,5,0,0,1
PO009055,V0062,FINISH,DE,0.881,22.2,4.6,6,5212.07,4,3,22.1,1,1,0,0
PO009056,V0040,SERVICE,CN,0.742,5.1,2.29,19,2522.99,7,1,6.6,1,1,0,0
PO009057,V0012,FINISH,US,0.73,24.7,3.25,18,3254.4,4,3,25.0,3,0,0,1
PO009058,V0077,PACK,IN,0.601,6.0,1.16,11,55128.55,7,2,4.4,3,0,0,1
PO009059,V0024,RAW,DE,0.927,13.5,4.51,12,309.19,3,3,16.6,1,0,0,1
PO009060,V0075,SERVICE,DE,0.673,5.5,1.96,8,11318.23,5,1,4.6,2,0,0,1
PO009061,V0057,FINISH,US,0.768,15.2,3.8,17,7803.98,5,5,19.3,6,0,1,1
PO009062,V0003,PACK,DE,0.708,8.1,1.56,12,3288.44,8,3,11.1,0,1,0,1
PO009063,V0094,FINISH,CN,0.66,16.0,4.18,11,2806.26,11,3,17.0,5,0,0,1
PO009064,V0035,FINISH,CN,0.582,25.3,4.24,15,5639.56,6,3,24.8,3,0,0,0
PO009065,V0043,RAW,DE,0.98,7.1,1.46,6,5502.51,4,3,2.3,3,0,0,1
PO009066,V0085,RAW,DE,0.792,11.5,3.28,16,4352.3,10,2,9.6,3,0,0,1
PO009067,V0033,RAW,IN,0.721,13.6,3.78,16,12174.87,4,1,13.1,0,1,0,0
PO009068,V0029,FINISH,CN,0.802,15.3,2.47,12,26442.67,5,5,13.0,0,0,0,1
PO009069,V0059,PACK,IN,0.786,5.6,2.97,7,4645.19,6,2,5.0,3,0,0,1
PO009070,V0061,FINISH,US,0.872,15.0,3.22,16,9586.58,7,5,16.5,5,0,0,1
PO009071,V0074,SERVICE,IN,0.772,3.6,4.71,15,3986.11,3,2,4.5,6,0,0,0
PO009072,V0050,RAW,IN,0.638,7.8,3.79,16,2913.12,7,3,6.6,2,0,0,1
PO009073,V0031,PACK,CN,0.783,6.4,1.1,17,4720.65,8,1,6.7,6,0,0,1
PO009074,V0095,FINISH,US,0.879,19.0,4.51,14,992.09,4,5,22.4,5,0,0,0
PO009075,V0034,SERVICE,CN,0.595,3.6,3.07,20,63700.61,4,1,1.9,1,0,0,0
PO009076,V0087,FINISH,US,0.855,19.7,4.93,9,27845.96,4,5,18.8,3,0,0,1
PO009077,V0095,FINISH,US,0.879,19.0,4.51,14,5085.49,4,4,18.2,6,0,0,1
PO009078,V0100,FINISH,US,0.802,15.8,2.59,19,6130.19,6,5,18.6,6,0,0,0
PO009079,V0077,PACK,IN,0.601,6.0,1.16,11,18832.08,0,5,6.6,1,0,0,1
PO009080,V0064,RAW,CN,0.639,13.8,4.94,17,6018.77,4,1,17.5,5,0,0,1
PO009081,V0096,PACK,DE,0.98,7.3,2.21,18,35547.86,5,4,5.0,1,0,0,1
PO009082,V0041,RAW,DE,0.93,9.9,1.69,10,3116.08,7,2,6.7,2,0,0,0
PO009083,V0062,FINISH,DE,0.881,22.2,4.6,6,7361.37,6,4,20.7,5,0,0,1
PO009084,V0021,FINISH,US,0.98,22.9,3.14,9,10117.69,7,3,24.4,4,0,0,1
PO009085,V0081,PACK,CN,0.884,5.2,2.01,15,31949.46,2,3,1.0,1,0,0,1
PO009086,V0055,PACK,CN,0.619,8.4,4.01,9,56957.17,4,3,8.9,3,0,0,0
PO009087,V0051,FINISH,CN,0.637,24.5,4.23,13,30197.16,7,3,22.5,2,0,1,0
PO009088,V0050,RAW,IN,0.638,7.8,3.79,16,5352.97,1,2,9.1,6,0,0,0
PO009089,V0049,RAW,US,0.878,7.5,2.28,20,6855.56,4,2,8.3,6,0,0,1
PO009090,V0013,PACK,CN,0.729,6.6,3.03,21,1244.87,8,2,7.0,1,0,0,1
PO009091,V0035,FINISH,CN,0.582,25.3,4.24,15,3277.2,4,5,24.9,0,0,0,0
PO009092,V0068,RAW,DE,0.98,7.4,4.46,20,33313.98,2,1,10.0,3,0,0,1
PO009093,V0049,RAW,US,0.878,7.5,2.28,20,4680.36,6,3,9.5,5,0,0,0
PO009094,V0069,RAW,DE,0.892,8.6,3.69,16,6594.37,4,1,9.7,6,0,0,1
PO009095,V0066,PACK,CN,0.769,9.7,4.46,6,15325.95,6,1,10.1,2,0,0,0
PO009096,V0026,RAW,DE,0.898,12.1,4.59,17,638.3,2,3,10.6,5,0,0,0
PO009097,V0034,SERVICE,CN,0.595,3.6,3.07,20,3753.79,2,2,2.2,6,0,0,0
PO009098,V0074,SERVICE,IN,0.772,3.6,4.71,15,43345.21,6,1,3.5,0,0,1,1
PO009099,V0028,RAW,CN,0.649,12.0,1.95,13,8500.35,2,2,12.3,0,1,0,0
PO009100,V0013,PACK,CN,0.729,6.6,3.03,21,21474.68,7,1,7.9,0,0,0,1
PO009101,V0025,PACK,IN,0.539,5.5,4.59,21,21202.57,5,2,4.9,1,0,0,0
PO009102,V0012,FINISH,US,0.73,24.7,3.25,18,41519.73,5,4,24.8,6,1,1,0
PO009103,V0019,RAW,DE,0.886,7.4,2.11,21,2095.63,4,2,7.8,3,0,0,1
PO009104,V0065,FINISH,DE,0.79,26.8,4.29,23,1484.85,7,5,24.3,4,1,0,1
PO009105,V0025,PACK,IN,0.539,5.5,4.59,21,3978.49,5,3,5.7,6,0,0,0
PO009106,V0054,RAW,MX,0.782,9.2,4.8,24,862.15,4,2,12.0,1,0,0,1
PO009107,V0022,RAW,DE,0.74,7.3,3.36,17,18331.62,2,2,4.9,5,0,0,1
PO009108,V0036,FINISH,IN,0.606,23.8,4.18,21,3693.48,3,3,22.5,6,0,0,0
PO009109,V0099,FINISH,US,0.857,24.7,4.51,13,1973.77,1,4,22.6,2,1,0,0
PO009110,V0017,FINISH,IN,0.701,19.8,1.89,10,29261.04,3,5,18.7,3,0,0,1
PO009111,V0053,SERVICE,US,0.98,4.3,4.58,14,1081.18,9,2,6.8,5,0,0,1
PO009112,V0033,RAW,IN,0.721,13.6,3.78,16,15679.26,5,3,13.1,3,0,0,1
PO009113,V0037,RAW,DE,0.831,10.3,3.17,12,22006.85,4,1,10.4,3,0,1,1
PO009114,V0100,FINISH,US,0.802,15.8,2.59,19,40418.89,5,4,16.0,2,0,0,0
PO009115,V0053,SERVICE,US,0.98,4.3,4.58,14,1474.07,6,2,1.0,0,0,0,0
PO009116,V0068,RAW,DE,0.98,7.4,4.46,20,10895.09,2,1,7.0,6,0,0,1
PO009117,V0087,FINISH,US,0.855,19.7,4.93,9,1495.06,7,5,23.0,5,0,0,0
PO009118,V0041,RAW,DE,0.93,9.9,1.69,10,12334.15,5,3,8.1,4,0,0,1
PO009119,V0087,FINISH,US,0.855,19.7,4.93,9,6460.3,3,4,20.1,5,0,0,1
PO009120,V0082,PACK,US,0.825,7.7,1.97,12,11938.59,2,3,10.0,2,0,0,1
PO009121,V0100,FINISH,US,0.802,15.8,2.59,19,90356.11,3,4,14.5,4,0,0,1
PO009122,V0029,FINISH,CN,0.802,15.3,2.47,12,2213.6,4,3,14.4,5,0,0,1
PO009123,V0021,FINISH,US,0.98,22.9,3.14,9,5689.99,6,4,20.0,2,0,0,1
PO009124,V0002,SERVICE,US,0.98,6.3,1.85,11,7258.64,3,2,7.8,6,0,0,1
PO009125,V0028,RAW,CN,0.649,12.0,1.95,13,26649.53,6,2,11.1,1,0,0,0
PO009126,V0054,RAW,MX,0.782,9.2,4.8,24,8650.29,6,3,6.8,0,1,0,0
PO009127,V0094,FINISH,CN,0.66,16.0,4.18,11,3050.89,6,5,14.9,1,0,0,0
PO009128,V0045,PACK,US,0.98,8.2,1.18,13,3830.5,5,2,8.6,4,0,0,1
PO009129,V0050,RAW,IN,0.638,7.8,3.79,16,121940.85,1,5,6.2,2,0,0,1
PO009130,V0017,FINISH,IN,0.701,19.8,1.89,10,1568.79,6,5,17.6,2,0,0,0
PO009131,V0082,PACK,US,0.825,7.7,1.97,12,14952.43,5,2,5.9,1,0,0,1
PO009132,V0074,SERVICE,IN,0.772,3.6,4.71,15,13758.18,8,2,3.8,5,0,1,1
PO009133,V0073,PACK,DE,0.853,7.6,4.13,14,9390.45,3,3,6.2,0,0,0,1
PO009134,V0068,RAW,DE,0.98,7.4,4.46,20,34209.17,5,4,8.3,3,0,0,1
PO009135,V0039,RAW,IN,0.627,7.4,3.13,15,3168.8,2,3,5.1,2,0,0,1
PO009136,V0018,RAW,MX,0.757,10.6,3.81,25,1750.89,6,4,13.3,0,1,0,0
PO009137,V0083,RAW,US,0.785,7.8,4.56,16,5407.46,7,1,4.5,6,0,0,1
PO009138,V0056,PACK,US,0.729,7.2,4.55,13,5009.2,2,3,7.5,5,0,0,0
PO009139,V0070,FINISH,US,0.901,21.3,4.09,15,25489.33,2,3,19.6,4,0,0,0
PO009140,V0078,RAW,US,0.9,7.8,2.84,11,17732.02,2,5,5.1,6,0,0,0
PO009141,V0044,FINISH,IN,0.629,20.6,1.39,15,20382.17,5,4,20.9,2,0,0,0
PO009142,V0035,FINISH,CN,0.582,25.3,4.24,15,7570.73,3,4,24.5,2,0,1,0
PO009143,V0018,RAW,MX,0.757,10.6,3.81,25,56911.1,4,3,10.6,5,1,0,0
PO009144,V0012,FINISH,US,0.73,24.7,3.25,18,5944.83,6,4,28.2,5,0,0,1
PO009145,V0092,FINISH,US,0.855,24.6,3.38,15,8526.03,1,5,26.8,3,0,0,1
PO009146,V0007,RAW,CN,0.794,7.6,1.78,6,4620.63,5,2,7.4,5,0,0,1
PO009147,V0060,FINISH,US,0.834,24.4,3.33,25,13635.64,10,4,23.7,2,0,1,1
PO009148,V0077,PACK,IN,0.601,6.0,1.16,11,17892.21,8,2,3.9,3,0,0,1
PO009149,V0070,FINISH,US,0.901,21.3,4.09,15,1383.0,4,3,21.6,5,1,0,1
PO009150,V0099,FINISH,US,0.857,24.7,4.51,13,39936.4,4,5,24.6,2,0,0,1
PO009151,V0032,SERVICE,MX,0.694,6.7,2.48,12,8616.11,2,1,7.4,5,1,0,0
PO009152,V0014,FINISH,DE,0.85,17.2,1.31,12,24426.65,3,4,18.2,6,0,0,1
PO009153,V0006,SERVICE,US,0.821,4.0,3.65,13,17570.2,13,2,3.1,1,0,1,0
PO009154,V0004,FINISH,DE,0.824,16.8,3.06,16,1937.64,6,4,14.1,2,0,0,0
PO009155,V0005,RAW,CN,0.66,11.8,2.76,10,2501.71,3,3,10.6,1,0,0,1
PO009156,V0053,SERVICE,US,0.98,4.3,4.58,14,26519.88,7,2,8.8,4,0,0,1
PO009157,V0074,SERVICE,IN,0.772,3.6,4.71,15,10561.91,5,1,1.7,3,0,1,0
PO009158,V0041,RAW,DE,0.93,9.9,1.69,10,32309.47,5,1,9.8,6,0,1,1
PO009159,V0060,FINISH,US,0.834,24.4,3.33,25,4135.08,3,4,22.0,3,0,0,0
PO009160,V0079,FINISH,CN,0.65,26.2,4.68,7,773.81,5,3,26.9,0,0,1,0
PO009161,V0080,FINISH,IN,0.721,16.6,1.84,13,33599.12,3,5,16.8,2,0,0,1
PO009162,V0019,RAW,DE,0.886,7.4,2.11,21,1834.51,5,2,6.1,6,0,0,1
PO009163,V0055,PACK,CN,0.619,8.4,4.01,9,407789.34,6,3,9.4,2,0,0,1
PO009164,V0091,PACK,US,0.785,6.7,1.54,13,9976.04,5,1,10.1,3,0,0,1
PO009165,V0036,FINISH,IN,0.606,23.8,4.18,21,33855.16,5,3,22.0,3,0,0,0
PO009166,V0075,SERVICE,DE,0.673,5.5,1.96,8,11106.09,2,1,2.6,5,0,0,1
PO009167,V0067,FINISH,DE,0.709,27.6,4.37,19,13022.38,4,4,29.4,3,0,0,0
PO009168,V0014,FINISH,DE,0.85,17.2,1.31,12,1332.05,3,4,15.4,6,0,0,1
PO009169,V0075,SERVICE,DE,0.673,5.5,1.96,8,7224.52,2,1,8.3,2,0,1,1
PO009170,V0002,SERVICE,US,0.98,6.3,1.85,11,26232.93,3,2,4.1,4,0,0,1
PO009171,V0020,PACK,US,0.98,9.9,1.97,17,29621.24,4,1,9.4,6,1,0,1
PO009172,V0038,RAW,US,0.858,12.8,2.44,10,8593.24,4,2,12.6,4,0,0,1
PO009173,V0097,FINISH,US,0.933,26.7,3.5,16,24313.78,8,5,26.4,3,1,0,0
PO009174,V0036,FINISH,IN,0.606,23.8,4.18,21,2448.94,4,5,25.3,2,0,1,0
PO009175,V0074,SERVICE,IN,0.772,3.6,4.71,15,36216.27,10,2,4.3,1,0,0,0
PO009176,V0023,RAW,CN,0.614,11.8,2.55,22,2634.62,6,3,9.0,4,1,0,0
PO009177,V0012,FINISH,US,0.73,24.7,3.25,18,29307.6,7,3,27.8,0,0,0,1
PO009178,V0055,PACK,CN,0.619,8.4,4.01,9,59732.18,4,2,8.3,6,0,0,1
PO009179,V0001,SERVICE,DE,0.945,3.6,1.62,16,12149.88,5,1,3.7,3,0,0,0
PO009180,V0062,FINISH,DE,0.881,22.2,4.6,6,19512.98,2,3,23.8,4,0,0,1
PO009181,V0010,RAW,IN,0.761,9.5,1.46,20,7417.27,6,5,13.0,4,0,0,0
PO009182,V0006,SERVICE,US,0.821,4.0,3.65,13,77876.43,5,1,2.4,1,1,1,0
PO009183,V0038,RAW,US,0.858,12.8,2.44,10,1400.68,6,3,9.5,0,0,0,1
PO009184,V0037,RAW,DE,0.831,10.3,3.17,12,7564.42,7,3,11.7,2,0,1,1
PO009185,V0037,RAW,DE,0.831,10.3,3.17,12,12069.83,4,5,6.9,0,1,1,0
PO009186,V0087,FINISH,US,0.855,19.7,4.93,9,14474.16,8,3,19.7,5,0,0,1
PO009187,V0057,FINISH,US,0.768,15.2,3.8,17,59597.21,4,5,12.4,6,0,0,1
PO009188,V0013,PACK,CN,0.729,6.6,3.03,21,64587.27,4,4,6.2,4,0,0,1
PO009189,V0063,FINISH,MX,0.98,17.9,1.75,15,11461.44,4,5,17.1,6,0,0,1
PO009190,V0098,FINISH,US,0.629,22.7,3.13,10,3808.43,7,4,24.8,6,0,0,0
PO009191,V0019,RAW,DE,0.886,7.4,2.11,21,5378.77,8,2,7.1,5,1,1,1
PO009192,V0044,FINISH,IN,0.629,20.6,1.39,15,16147.48,7,4,23.3,5,0,0,1
PO009193,V0001,SERVICE,DE,0.945,3.6,1.62,16,4728.48,12,2,6.1,1,1,1,0
PO009194,V0071,PACK,CN,0.695,5.7,1.12,18,7277.66,5,4,5.5,0,0,0,0
PO009195,V0019,RAW,DE,0.886,7.4,2.11,21,11881.41,3,3,6.3,4,0,0,1
PO009196,V0075,SERVICE,DE,0.673,5.5,1.96,8,17230.89,3,2,4.4,3,0,1,0
PO009197,V0028,RAW,CN,0.649,12.0,1.95,13,25963.12,3,5,11.8,0,0,0,0
PO009198,V0006,SERVICE,US,0.821,4.0,3.65,13,10107.16,6,2,1.7,3,0,0,1
PO009199,V0069,RAW,DE,0.892,8.6,3.69,16,1388.56,2,1,10.5,5,1,0,1
PO009200,V0080,FINISH,IN,0.721,16.6,1.84,13,1028.63,8,4,15.6,6,0,0,0
PO009201,V0001,SERVICE,DE,0.945,3.6,1.62,16,24573.3,5,2,5.9,1,0,0,1
PO009202,V0010,RAW,IN,0.761,9.5,1.46,20,2577.0,3,3,13.7,1,0,0,1
PO009203,V0097,FINISH,US,0.933,26.7,3.5,16,18342.39,6,3,26.0,6,0,0,1
PO009204,V0021,FINISH,US,0.98,22.9,3.14,9,4192.92,3,5,23.5,0,0,0,1
PO009205,V0009,FINISH,US,0.782,14.1,4.26,17,2903.58,9,3,12.4,6,0,0,1
PO009206,V0054,RAW,MX,0.782,9.2,4.8,24,8311.18,4,2,9.7,2,0,0,1
PO009207,V0091,PACK,US,0.785,6.7,1.54,13,23669.32,3,1,5.9,1,0,0,1
PO009208,V0046,FINISH,CN,0.577,23.2,1.65,8,3396.01,7,3,21.3,0,0,1,1
PO009209,V0019,RAW,DE,0.886,7.4,2.11,21,2615.63,3,3,8.0,2,0,0,1
PO009210,V0051,FINISH,CN,0.637,24.5,4.23,13,7683.27,7,3,24.6,5,0,0,1
PO009211,V0014,FINISH,DE,0.85,17.2,1.31,12,5729.48,9,4,19.8,1,0,0,0
PO009212,V0093,SERVICE,DE,0.917,6.8,1.72,8,2949.53,4,1,9.4,0,0,0,1
PO009213,V0002,SERVICE,US,0.98,6.3,1.85,11,2023.94,5,1,3.4,3,0,1,1
PO009214,V0062,FINISH,DE,0.881,22.2,4.6,6,6642.51,6,4,23.9,3,0,0,0
PO009215,V0084,PACK,IN,0.592,5.4,3.15,16,7108.61,10,3,4.4,4,0,1,0
PO009216,V0100,FINISH,US,0.802,15.8,2.59,19,2453.63,10,5,14.1,0,1,1,0
PO009217,V0086,RAW,US,0.712,8.7,1.64,11,85667.76,10,3,8.1,6,0,1,1
PO009218,V0075,SERVICE,DE,0.673,5.5,1.96,8,501.68,4,2,5.1,0,1,0,0
PO009219,V0015,FINISH,MX,0.872,25.3,1.75,21,3586.09,2,5,27.1,4,0,0,1
PO009220,V0086,RAW,US,0.712,8.7,1.64,11,4525.19,8,4,9.7,4,0,0,1
PO009221,V0008,RAW,DE,0.897,12.8,2.43,12,7852.09,6,3,12.6,5,0,0,1
PO009222,V0078,RAW,US,0.9,7.8,2.84,11,4615.81,9,2,7.2,6,0,0,1
PO009223,V0076,RAW,US,0.841,8.0,3.56,11,11278.29,3,2,8.5,5,0,0,1
PO009224,V0032,SERVICE,MX,0.694,6.7,2.48,12,1546.62,7,1,6.0,1,0,0,0
PO009225,V0022,RAW,DE,0.74,7.3,3.36,17,2894.43,8,2,9.5,3,0,0,0
PO009226,V0094,FINISH,CN,0.66,16.0,4.18,11,18327.51,9,5,13.5,0,0,1,0
PO009227,V0041,RAW,DE,0.93,9.9,1.69,10,13801.58,2,1,8.1,4,0,0,1
PO009228,V0098,FINISH,US,0.629,22.7,3.13,10,10602.65,4,5,19.8,6,0,1,1
PO009229,V0033,RAW,IN,0.721,13.6,3.78,16,24872.64,4,2,10.4,3,0,0,0
PO009230,V0096,PACK,DE,0.98,7.3,2.21,18,6559.76,4,4,6.5,5,0,0,1
PO009231,V0004,FINISH,DE,0.824,16.8,3.06,16,3049.87,2,5,16.5,1,1,0,1
PO009232,V0097,FINISH,US,0.933,26.7,3.5,16,21449.11,6,3,24.9,2,0,0,0
PO009233,V0040,SERVICE,CN,0.742,5.1,2.29,19,18702.45,4,1,1.1,0,0,0,0
PO009234,V0069,RAW,DE,0.892,8.6,3.69,16,1183.75,3,2,10.0,3,0,1,1
PO009235,V0024,RAW,DE,0.927,13.5,4.51,12,2827.91,2,1,9.7,5,0,0,1
PO009236,V0073,PACK,DE,0.853,7.6,4.13,14,26706.13,5,3,8.3,2,0,0,1
PO009237,V0067,FINISH,DE,0.709,27.6,4.37,19,7634.62,2,5,25.7,4,0,0,0
PO009238,V0032,SERVICE,MX,0.694,6.7,2.48,12,14163.0,5,2,6.6,1,0,0,0
PO009239,V0100,FINISH,US,0.802,15.8,2.59,19,6037.08,7,4,17.6,2,0,1,0
PO009240,V0006,SERVICE,US,0.821,4.0,3.65,13,30136.6,6,1,3.6,1,0,0,1
PO009241,V0057,FINISH,US,0.768,15.2,3.8,17,53438.73,3,3,15.7,6,0,1,0
PO009242,V0058,SERVICE,US,0.874,4.5,2.48,13,3072.71,1,2,3.7,3,1,0,0
PO009243,V0006,SERVICE,US,0.821,4.0,3.65,13,6202.7,3,2,3.9,3,0,0,1
PO009244,V0089,PACK,MX,0.613,8.8,1.75,13,10859.25,7,5,9.3,0,0,0,1
PO009245,V0098,FINISH,US,0.629,22.7,3.13,10,9796.2,9,4,20.2,0,0,1,1
PO009246,V0075,SERVICE,DE,0.673,5.5,1.96,8,2299.66,3,2,4.4,5,0,1,0
PO009247,V0045,PACK,US,0.98,8.2,1.18,13,9607.76,1,2,10.2,0,0,0,1
PO009248,V0018,RAW,MX,0.757,10.6,3.81,25,7273.01,7,1,8.9,6,0,0,1
PO009249,V0075,SERVICE,DE,0.673,5.5,1.96,8,8741.25,3,2,5.8,4,0,1,0
PO009250,V0012,FINISH,US,0.73,24.7,3.25,18,4888.37,6,3,23.1,5,0,0,1
PO009251,V0010,RAW,IN,0.761,9.5,1.46,20,3816.07,1,3,7.6,4,0,0,0
PO009252,V0045,PACK,US,0.98,8.2,1.18,13,547.41,3,3,8.9,0,0,0,0
PO009253,V0012,FINISH,US,0.73,24.7,3.25,18,25406.29,4,3,22.8,0,1,1,0
PO009254,V0073,PACK,DE,0.853,7.6,4.13,14,7298.16,4,2,4.3,1,0,0,1
PO009255,V0017,FINISH,IN,0.701,19.8,1.89,10,4090.31,4,4,22.4,3,0,0,1
PO009256,V0032,SERVICE,MX,0.694,6.7,2.48,12,8847.56,7,1,8.9,3,0,0,1
PO009257,V0052,SERVICE,DE,0.824,6.4,2.72,18,5789.44,6,1,4.4,0,0,0,1
PO009258,V0015,FINISH,MX,0.872,25.3,1.75,21,589.4,5,4,22.6,2,0,0,1
PO009259,V0013,PACK,CN,0.729,6.6,3.03,21,357383.39,3,1,7.0,1,0,0,1
PO009260,V0016,FINISH,IN,0.733,18.5,1.44,12,13332.37,2,3,17.1,5,0,0,1
PO009261,V0019,RAW,DE,0.886,7.4,2.11,21,18035.19,5,2,6.5,3,0,0,1
PO009262,V0008,RAW,DE,0.897,12.8,2.43,12,3033.61,6,4,14.6,4,0,1,1
PO009263,V0062,FINISH,DE,0.881,22.2,4.6,6,12436.58,4,5,22.8,5,0,0,1
PO009264,V0061,FINISH,US,0.872,15.0,3.22,16,7269.41,2,3,16.4,2,0,0,1
PO009265,V0044,FINISH,IN,0.629,20.6,1.39,15,33798.4,6,4,21.8,0,0,0,0
PO009266,V0046,FINISH,CN,0.577,23.2,1.65,8,4036.09,6,4,24.8,3,0,0,0
PO009267,V0018,RAW,MX,0.757,10.6,3.81,25,5933.75,2,3,7.6,6,0,0,0
PO009268,V0011,RAW,DE,0.769,12.1,3.55,21,2317.36,7,3,15.5,5,0,0,1
PO009269,V0005,RAW,CN,0.66,11.8,2.76,10,109928.72,3,3,12.8,0,1,1,0
PO009270,V0060,FINISH,US,0.834,24.4,3.33,25,80646.27,5,4,22.0,5,0,0,0
PO009271,V0073,PACK,DE,0.853,7.6,4.13,14,3766.85,3,4,7.2,5,0,0,1
PO009272,V0077,PACK,IN,0.601,6.0,1.16,11,5006.78,3,3,7.6,1,0,0,1
PO009273,V0054,RAW,MX,0.782,9.2,4.8,24,1490.04,4,1,8.2,1,0,0,1
PO009274,V0003,PACK,DE,0.708,8.1,1.56,12,15619.89,6,2,8.1,3,0,0,1
PO009275,V0078,RAW,US,0.9,7.8,2.84,11,4196.42,1,1,4.8,5,0,0,1
PO009276,V0004,FINISH,DE,0.824,16.8,3.06,16,10590.52,4,3,15.6,0,1,0,0
PO009277,V0051,FINISH,CN,0.637,24.5,4.23,13,664.78,1,3,25.4,3,0,1,0
PO009278,V0014,FINISH,DE,0.85,17.2,1.31,12,2843.06,7,4,15.6,5,0,0,1
PO009279,V0088,FINISH,MX,0.697,25.4,2.03,11,5523.97,2,5,23.3,5,0,0,1
PO009280,V0080,FINISH,IN,0.721,16.6,1.84,13,51564.43,7,4,15.5,4,0,0,1
PO009281,V0006,SERVICE,US,0.821,4.0,3.65,13,10991.34,3,1,4.4,3,0,0,1
PO009282,V0082,PACK,US,0.825,7.7,1.97,12,1588.92,7,3,9.6,0,0,0,1
PO009283,V0100,FINISH,US,0.802,15.8,2.59,19,27319.73,6,4,15.8,1,0,0,0
PO009284,V0053,SERVICE,US,0.98,4.3,4.58,14,2544.07,7,1,4.6,2,0,0,1
PO009285,V0081,PACK,CN,0.884,5.2,2.01,15,3529.76,6,3,3.0,1,0,0,0
PO009286,V0012,FINISH,US,0.73,24.7,3.25,18,14589.48,2,3,23.2,2,0,0,0
PO009287,V0017,FINISH,IN,0.701,19.8,1.89,10,26660.66,1,4,20.3,5,0,0,1
PO009288,V0045,PACK,US,0.98,8.2,1.18,13,22873.5,9,1,9.9,6,0,0,0
PO009289,V0021,FINISH,US,0.98,22.9,3.14,9,27981.61,4,4,21.9,3,0,0,1
PO009290,V0014,FINISH,DE,0.85,17.2,1.31,12,6218.41,5,3,15.1,3,0,0,0
PO009291,V0041,RAW,DE,0.93,9.9,1.69,10,28626.11,3,1,7.3,3,0,0,0
PO009292,V0082,PACK,US,0.825,7.7,1.97,12,30658.3,6,2,8.3,1,0,0,1
PO009293,V0015,FINISH,MX,0.872,25.3,1.75,21,1357.75,3,3,24.2,1,0,0,1
PO009294,V0039,RAW,IN,0.627,7.4,3.13,15,2099.55,5,4,6.8,3,1,0,1
PO009295,V0079,FINISH,CN,0.65,26.2,4.68,7,25923.62,6,4,27.8,2,0,0,0
PO009296,V0058,SERVICE,US,0.874,4.5,2.48,13,10811.18,5,1,6.0,5,0,0,1
PO009297,V0094,FINISH,CN,0.66,16.0,4.18,11,10275.43,5,3,15.5,2,0,0,1
PO009298,V0028,RAW,CN,0.649,12.0,1.95,13,2112.45,5,4,9.6,4,0,0,0
PO009299,V0046,FINISH,CN,0.577,23.2,1.65,8,5697.3,2,5,23.2,2,0,0,1
PO009300,V0091,PACK,US,0.785,6.7,1.54,13,11998.28,4,3,5.7,0,1,0,1
PO009301,V0079,FINISH,CN,0.65,26.2,4.68,7,10543.43,6,4,25.5,0,0,0,0
PO009302,V0090,RAW,CN,0.774,7.8,3.44,12,1763.65,2,4,9.3,1,0,0,1
PO009303,V0009,FINISH,US,0.782,14.1,4.26,17,8163.76,5,3,10.8,4,0,0,1
PO009304,V0061,FINISH,US,0.872,15.0,3.22,16,30977.66,2,3,18.3,4,0,0,1
PO009305,V0098,FINISH,US,0.629,22.7,3.13,10,10072.97,5,3,25.2,0,0,0,0
PO009306,V0081,PACK,CN,0.884,5.2,2.01,15,3861.39,7,1,4.2,2,0,0,1
PO009307,V0077,PACK,IN,0.601,6.0,1.16,11,4852.74,8,1,7.3,3,0,0,1
PO009308,V0004,FINISH,DE,0.824,16.8,3.06,16,11062.88,6,4,17.3,4,0,0,0
PO009309,V0034,SERVICE,CN,0.595,3.6,3.07,20,1016.86,4,2,2.3,4,0,0,1
PO009310,V0064,RAW,CN,0.639,13.8,4.94,17,80321.09,5,3,11.9,3,0,1,1
PO009311,V0070,FINISH,US,0.901,21.3,4.09,15,7968.68,6,5,19.2,5,0,0,1
PO009312,V0065,FINISH,DE,0.79,26.8,4.29,23,8281.93,4,4,29.9,0,0,1,1
PO009313,V0041,RAW,DE,0.93,9.9,1.69,10,22035.1,2,1,10.3,5,0,0,1
PO009314,V0031,PACK,CN,0.783,6.4,1.1,17,39596.56,3,4,8.5,1,0,0,0
PO009315,V0054,RAW,MX,0.782,9.2,4.8,24,11412.53,6,2,10.7,0,0,1,1
PO009316,V0022,RAW,DE,0.74,7.3,3.36,17,3598.25,3,1,6.5,6,0,1,1
PO009317,V0078,RAW,US,0.9,7.8,2.84,11,14702.93,6,3,10.7,6,0,0,1
PO009318,V0076,RAW,US,0.841,8.0,3.56,11,2384.53,6,3,4.9,6,0,0,1
PO009319,V0051,FINISH,CN,0.637,24.5,4.23,13,3060.13,6,5,23.9,2,0,0,1
PO009320,V0008,RAW,DE,0.897,12.8,2.43,12,20673.89,4,4,13.2,4,0,0,1
PO009321,V0082,PACK,US,0.825,7.7,1.97,12,2270.82,3,2,7.5,5,0,1,1
PO009322,V0034,SERVICE,CN,0.595,3.6,3.07,20,13080.29,5,2,3.4,0,1,1,1
PO009323,V0001,SERVICE,DE,0.945,3.6,1.62,16,49425.52,3,2,1.6,0,0,0,1
PO009324,V0040,SERVICE,CN,0.742,5.1,2.29,19,8169.07,6,2,3.6,4,0,0,0
PO009325,V0043,RAW,DE,0.98,7.1,1.46,6,13923.5,4,1,10.0,5,1,1,1
PO009326,V0091,PACK,US,0.785,6.7,1.54,13,2123.53,3,2,7.0,6,0,0,1
PO009327,V0079,FINISH,CN,0.65,26.2,4.68,7,19956.77,5,4,25.1,4,0,0,0
PO009328,V0031,PACK,CN,0.783,6.4,1.1,17,2056.85,8,2,4.7,6,1,0,0
PO009329,V0059,PACK,IN,0.786,5.6,2.97,7,12404.93,6,1,4.6,6,1,1,1
PO009330,V0038,RAW,US,0.858,12.8,2.44,10,4327.24,8,2,9.7,0,0,1,1
PO009331,V0024,RAW,DE,0.927,13.5,4.51,12,1016.42,2,3,12.1,2,1,1,1
PO009332,V0034,SERVICE,CN,0.595,3.6,3.07,20,14819.96,7,2,4.4,4,0,1,0
PO009333,V0081,PACK,CN,0.884,5.2,2.01,15,7727.79,4,1,2.9,2,0,0,0
PO009334,V0096,PACK,DE,0.98,7.3,2.21,18,3958.18,2,2,8.9,4,1,0,1
PO009335,V0081,PACK,CN,0.884,5.2,2.01,15,5771.32,3,1,1.0,1,0,0,1
PO009336,V0073,PACK,DE,0.853,7.6,4.13,14,1256.72,3,1,8.3,6,0,0,0
PO009337,V0024,RAW,DE,0.927,13.5,4.51,12,3953.03,4,2,14.3,0,0,0,0
PO009338,V0011,RAW,DE,0.769,12.1,3.55,21,36236.68,4,3,13.5,3,0,0,1
PO009339,V0029,FINISH,CN,0.802,15.3,2.47,12,135407.38,2,5,17.4,1,0,1,0
PO009340,V0078,RAW,US,0.9,7.8,2.84,11,20456.46,5,1,7.0,2,0,0,1
PO009341,V0014,FINISH,DE,0.85,17.2,1.31,12,13633.55,4,4,16.5,5,0,0,1
PO009342,V0043,RAW,DE,0.98,7.1,1.46,6,686.26,5,4,5.8,1,0,0,1
PO009343,V0037,RAW,DE,0.831,10.3,3.17,12,16370.73,3,1,7.7,3,0,0,1
PO009344,V0061,FINISH,US,0.872,15.0,3.22,16,38661.41,4,4,13.8,4,0,0,0
PO009345,V0073,PACK,DE,0.853,7.6,4.13,14,3728.37,3,4,7.2,5,0,0,1
PO009346,V0036,FINISH,IN,0.606,23.8,4.18,21,18011.04,1,4,24.2,1,0,0,0
PO009347,V0041,RAW,DE,0.93,9.9,1.69,10,5286.48,8,2,9.2,3,0,0,1
PO009348,V0045,PACK,US,0.98,8.2,1.18,13,10661.7,6,2,7.9,6,0,0,0
PO009349,V0089,PACK,MX,0.613,8.8,1.75,13,8562.96,6,3,8.0,5,0,1,1
PO009350,V0086,RAW,US,0.712,8.7,1.64,11,11822.58,4,4,11.0,6,0,0,1
PO009351,V0056,PACK,US,0.729,7.2,4.55,13,6603.29,10,2,9.5,2,1,0,0
PO009352,V0074,SERVICE,IN,0.772,3.6,4.71,15,13119.36,4,2,3.3,2,0,0,0
PO009353,V0065,FINISH,DE,0.79,26.8,4.29,23,44494.43,7,5,27.0,6,0,0,0
PO009354,V0090,RAW,CN,0.774,7.8,3.44,12,11630.66,6,4,6.8,0,0,0,1
PO009355,V0095,FINISH,US,0.879,19.0,4.51,14,18946.01,2,4,20.0,2,0,0,1
PO009356,V0022,RAW,DE,0.74,7.3,3.36,17,23336.49,7,3,7.0,2,1,0,1
PO009357,V0084,PACK,IN,0.592,5.4,3.15,16,7193.33,4,1,5.5,3,0,0,0
PO009358,V0054,RAW,MX,0.782,9.2,4.8,24,9235.99,6,3,9.8,2,0,0,1
PO009359,V0020,PACK,US,0.98,9.9,1.97,17,101919.46,4,4,11.4,1,0,0,1
PO009360,V0001,SERVICE,DE,0.945,3.6,1.62,16,512.29,5,1,1.0,4,0,0,1
PO009361,V0065,FINISH,DE,0.79,26.8,4.29,23,16354.3,6,4,24.4,1,0,0,1
PO009362,V0039,RAW,IN,0.627,7.4,3.13,15,1022.59,6,3,8.0,2,0,1,0
PO009363,V0061,FINISH,US,0.872,15.0,3.22,16,34257.49,4,3,16.8,4,1,0,0
PO009364,V0084,PACK,IN,0.592,5.4,3.15,16,22794.76,3,1,6.2,3,0,0,0
PO009365,V0054,RAW,MX,0.782,9.2,4.8,24,59987.67,7,1,8.8,2,1,1,1
PO009366,V0064,RAW,CN,0.639,13.8,4.94,17,15269.1,6,2,11.7,4,0,0,0
PO009367,V0036,FINISH,IN,0.606,23.8,4.18,21,3818.71,5,3,18.2,5,0,0,1
PO009368,V0067,FINISH,DE,0.709,27.6,4.37,19,35946.31,5,5,28.4,6,0,1,0
PO009369,V0020,PACK,US,0.98,9.9,1.97,17,6004.74,4,1,8.9,5,0,1,1
PO009370,V0064,RAW,CN,0.639,13.8,4.94,17,6307.73,4,4,16.5,4,1,0,1
PO009371,V0028,RAW,CN,0.649,12.0,1.95,13,13008.31,5,2,11.5,2,0,0,1
PO009372,V0042,FINISH,CN,0.807,23.2,2.12,16,3983.39,6,4,23.0,3,0,0,1
PO009373,V0091,PACK,US,0.785,6.7,1.54,13,1914.81,9,3,8.4,3,0,0,1
PO009374,V0071,PACK,CN,0.695,5.7,1.12,18,23350.62,11,3,2.9,0,0,0,1
PO009375,V0025,PACK,IN,0.539,5.5,4.59,21,19569.34,3,4,7.9,6,0,0,1
PO009376,V0062,FINISH,DE,0.881,22.2,4.6,6,10336.38,10,3,24.9,1,0,1,1
PO009377,V0021,FINISH,US,0.98,22.9,3.14,9,7673.21,4,4,22.5,3,0,0,1
PO009378,V0040,SERVICE,CN,0.742,5.1,2.29,19,2252.44,5,2,8.8,5,0,0,1
PO009379,V0040,SERVICE,CN,0.742,5.1,2.29,19,19884.97,5,1,8.3,1,0,0,1
PO009380,V0018,RAW,MX,0.757,10.6,3.81,25,13152.24,3,2,11.6,0,0,0,1
PO009381,V0033,RAW,IN,0.721,13.6,3.78,16,16134.32,5,2,11.5,1,0,0,0
PO009382,V0076,RAW,US,0.841,8.0,3.56,11,10881.38,3,4,9.8,1,0,0,1
PO009383,V0100,FINISH,US,0.802,15.8,2.59,19,14753.65,6,3,16.8,5,0,0,1
PO009384,V0081,PACK,CN,0.884,5.2,2.01,15,9536.11,3,1,4.8,3,1,0,1
PO009385,V0100,FINISH,US,0.802,15.8,2.59,19,9564.87,5,3,15.9,5,0,0,1
PO009386,V0011,RAW,DE,0.769,12.1,3.55,21,32038.4,7,2,9.9,1,0,0,1
PO009387,V0075,SERVICE,DE,0.673,5.5,1.96,8,6415.06,5,2,6.8,6,0,1,0
PO009388,V0022,RAW,DE,0.74,7.3,3.36,17,103371.49,6,1,6.1,2,0,0,1
PO009389,V0084,PACK,IN,0.592,5.4,3.15,16,6896.22,5,3,4.7,5,0,1,1
PO009390,V0090,RAW,CN,0.774,7.8,3.44,12,5327.96,4,2,8.8,4,0,0,1
PO009391,V0062,FINISH,DE,0.881,22.2,4.6,6,4697.94,1,3,23.7,5,0,0,1
PO009392,V0087,FINISH,US,0.855,19.7,4.93,9,15595.95,5,3,18.5,2,0,0,1
PO009393,V0028,RAW,CN,0.649,12.0,1.95,13,4233.68,9,4,11.8,4,0,0,0
PO009394,V0088,FINISH,MX,0.697,25.4,2.03,11,5358.23,2,5,27.8,2,0,0,1
PO009395,V0026,RAW,DE,0.898,12.1,4.59,17,1185.79,6,1,12.4,6,0,0,0
PO009396,V0007,RAW,CN,0.794,7.6,1.78,6,8629.28,4,2,7.7,5,0,0,1
PO009397,V0096,PACK,DE,0.98,7.3,2.21,18,6850.1,5,2,3.2,0,0,1,0
PO009398,V0058,SERVICE,US,0.874,4.5,2.48,13,941.89,2,1,7.5,3,0,0,1
PO009399,V0021,FINISH,US,0.98,22.9,3.14,9,16474.64,3,4,23.3,0,0,0,0
PO009400,V0083,RAW,US,0.785,7.8,4.56,16,4343.77,1,1,8.3,1,0,0,1
PO009401,V0058,SERVICE,US,0.874,4.5,2.48,13,2287.81,7,2,4.9,3,0,0,1
PO009402,V0048,PACK,MX,0.846,9.8,4.62,11,4341.2,7,2,8.2,0,0,1,1
PO009403,V0049,RAW,US,0.878,7.5,2.28,20,3223.14,4,1,12.6,0,0,0,1
PO009404,V0091,PACK,US,0.785,6.7,1.54,13,7372.23,4,1,7.4,3,0,0,1
PO009405,V0023,RAW,CN,0.614,11.8,2.55,22,9712.51,2,2,12.4,0,0,0,0
PO009406,V0064,RAW,CN,0.639,13.8,4.94,17,4067.52,2,1,13.7,4,0,0,0
PO009407,V0011,RAW,DE,0.769,12.1,3.55,21,5278.3,7,1,11.2,1,0,0,1
PO009408,V0008,RAW,DE,0.897,12.8,2.43,12,8105.73,5,2,10.2,1,0,0,1
PO009409,V0069,RAW,DE,0.892,8.6,3.69,16,1276.91,7,1,9.2,0,0,0,1
PO009410,V0041,RAW,DE,0.93,9.9,1.69,10,8073.61,5,3,10.9,0,0,0,1
PO009411,V0042,FINISH,CN,0.807,23.2,2.12,16,66834.18,7,4,24.6,6,1,1,0
PO009412,V0037,RAW,DE,0.831,10.3,3.17,12,7607.25,5,2,7.2,1,0,0,1
PO009413,V0027,FINISH,US,0.879,14.1,1.64,15,20289.23,7,3,12.8,6,0,1,1
PO009414,V0058,SERVICE,US,0.874,4.5,2.48,13,4828.94,2,1,7.7,6,0,0,1
PO009415,V0033,RAW,IN,0.721,13.6,3.78,16,2107.25,5,2,13.4,1,0,0,1
PO009416,V0087,FINISH,US,0.855,19.7,4.93,9,39559.65,3,4,19.3,4,0,0,1
PO009417,V0041,RAW,DE,0.93,9.9,1.69,10,7447.48,6,3,9.5,5,0,0,0
PO009418,V0100,FINISH,US,0.802,15.8,2.59,19,8262.22,4,3,17.4,3,0,0,1
PO009419,V0067,FINISH,DE,0.709,27.6,4.37,19,8092.97,3,5,27.7,5,0,0,1
PO009420,V0071,PACK,CN,0.695,5.7,1.12,18,2444.4,2,4,5.1,4,0,1,0
PO009421,V0024,RAW,DE,0.927,13.5,4.51,12,4405.46,6,3,14.1,3,0,0,1
PO009422,V0041,RAW,DE,0.93,9.9,1.69,10,507.41,4,2,9.3,6,0,0,1
PO009423,V0098,FINISH,US,0.629,22.7,3.13,10,37052.07,5,4,23.0,4,0,0,1
PO009424,V0030,PACK,MX,0.97,9.5,3.52,19,3631.79,8,2,10.5,6,1,1,0
PO009425,V0098,FINISH,US,0.629,22.7,3.13,10,1983.71,6,3,24.8,4,0,1,0
PO009426,V0017,FINISH,IN,0.701,19.8,1.89,10,3070.93,7,3,18.7,0,0,0,1
PO009427,V0054,RAW,MX,0.782,9.2,4.8,24,6776.57,7,2,9.5,1,0,0,0
PO009428,V0047,PACK,US,0.861,6.9,3.57,14,5865.23,2,3,3.7,0,0,0,1
PO009429,V0049,RAW,US,0.878,7.5,2.28,20,73912.88,1,3,6.6,0,0,0,1
PO009430,V0085,RAW,DE,0.792,11.5,3.28,16,22956.8,5,5,13.8,1,1,0,1
PO009431,V0074,SERVICE,IN,0.772,3.6,4.71,15,21694.79,9,1,1.7,4,0,0,0
PO009432,V0081,PACK,CN,0.884,5.2,2.01,15,1149.68,3,3,4.5,6,0,0,1
PO009433,V0078,RAW,US,0.9,7.8,2.84,11,6526.25,6,3,10.0,2,0,0,1
PO009434,V0023,RAW,CN,0.614,11.8,2.55,22,9357.52,3,3,12.9,1,0,1,0
PO009435,V0077,PACK,IN,0.601,6.0,1.16,11,4792.37,6,2,4.6,5,0,0,1
PO009436,V0054,RAW,MX,0.782,9.2,4.8,24,678.43,1,4,5.6,1,0,0,1
PO009437,V0007,RAW,CN,0.794,7.6,1.78,6,702.37,4,4,10.7,0,0,0,0
PO009438,V0043,RAW,DE,0.98,7.1,1.46,6,22108.35,2,5,6.9,6,0,0,1
PO009439,V0046,FINISH,CN,0.577,23.2,1.65,8,7120.67,4,5,26.9,4,0,0,0
PO009440,V0003,PACK,DE,0.708,8.1,1.56,12,55185.59,2,3,5.7,2,0,0,1
PO009441,V0045,PACK,US,0.98,8.2,1.18,13,19893.64,5,1,5.4,2,0,0,1
PO009442,V0013,PACK,CN,0.729,6.6,3.03,21,55071.33,1,5,3.6,1,0,0,0
PO009443,V0034,SERVICE,CN,0.595,3.6,3.07,20,1635.49,7,1,3.6,3,0,0,1
PO009444,V0054,RAW,MX,0.782,9.2,4.8,24,12630.36,4,2,8.8,3,1,1,0
PO009445,V0021,FINISH,US,0.98,22.9,3.14,9,16876.1,3,4,22.2,0,0,1,0
PO009446,V0053,SERVICE,US,0.98,4.3,4.58,14,2346.91,8,2,5.2,5,0,0,1
PO009447,V0080,FINISH,IN,0.721,16.6,1.84,13,20612.88,5,3,15.4,3,1,0,1
PO009448,V0017,FINISH,IN,0.701,19.8,1.89,10,3358.2,2,3,22.1,3,1,0,1
PO009449,V0028,RAW,CN,0.649,12.0,1.95,13,4582.1,3,1,9.5,2,0,0,1
PO009450,V0028,RAW,CN,0.649,12.0,1.95,13,7076.67,2,2,13.3,3,1,1,0
PO009451,V0098,FINISH,US,0.629,22.7,3.13,10,29071.45,5,5,21.7,1,1,0,0
PO009452,V0029,FINISH,CN,0.802,15.3,2.47,12,9458.17,6,3,13.5,3,1,0,1
PO009453,V0017,FINISH,IN,0.701,19.8,1.89,10,12420.78,5,3,21.3,0,0,0,0
PO009454,V0062,FINISH,DE,0.881,22.2,4.6,6,1136.72,3,5,22.9,0,0,0,0
PO009455,V0028,RAW,CN,0.649,12.0,1.95,13,3980.52,4,3,14.2,0,0,1,0
PO009456,V0058,SERVICE,US,0.874,4.5,2.48,13,67721.5,2,2,1.6,1,0,0,1
PO009457,V0097,FINISH,US,0.933,26.7,3.5,16,25845.52,6,5,26.0,5,0,0,0
PO009458,V0033,RAW,IN,0.721,13.6,3.78,16,3362.87,6,3,12.7,5,0,0,0
PO009459,V0020,PACK,US,0.98,9.9,1.97,17,5737.14,7,1,11.9,5,0,0,1
PO009460,V0049,RAW,US,0.878,7.5,2.28,20,125141.39,11,3,9.7,4,0,0,0
PO009461,V0088,FINISH,MX,0.697,25.4,2.03,11,20292.17,10,4,24.7,6,0,0,0
PO009462,V0090,RAW,CN,0.774,7.8,3.44,12,8673.96,9,5,13.7,2,0,0,0
PO009463,V0096,PACK,DE,0.98,7.3,2.21,18,1042.57,8,2,9.0,3,0,0,1
PO009464,V0018,RAW,MX,0.757,10.6,3.81,25,12477.82,3,2,10.6,2,0,0,1
PO009465,V0038,RAW,US,0.858,12.8,2.44,10,6285.01,1,3,15.1,6,0,0,1
PO009466,V0019,RAW,DE,0.886,7.4,2.11,21,10564.46,6,1,8.9,2,0,0,1
PO009467,V0074,SERVICE,IN,0.772,3.6,4.71,15,5157.82,6,2,1.0,4,1,0,0
PO009468,V0014,FINISH,DE,0.85,17.2,1.31,12,28376.74,8,4,15.1,5,0,0,1
PO009469,V0015,FINISH,MX,0.872,25.3,1.75,21,19741.68,3,4,27.4,4,0,0,1
PO009470,V0017,FINISH,IN,0.701,19.8,1.89,10,57395.43,3,4,19.2,0,0,0,0
PO009471,V0053,SERVICE,US,0.98,4.3,4.58,14,26761.12,4,2,5.2,0,0,0,1
PO009472,V0069,RAW,DE,0.892,8.6,3.69,16,14292.73,6,4,7.4,3,0,0,1
PO009473,V0033,RAW,IN,0.721,13.6,3.78,16,15421.63,5,3,13.0,4,0,0,0
PO009474,V0060,FINISH,US,0.834,24.4,3.33,25,5531.29,3,5,26.0,4,0,0,0
PO009475,V0037,RAW,DE,0.831,10.3,3.17,12,5722.37,3,2,10.2,5,1,0,1
PO009476,V0090,RAW,CN,0.774,7.8,3.44,12,5355.49,6,1,7.8,1,0,0,0
PO009477,V0030,PACK,MX,0.97,9.5,3.52,19,4724.12,4,3,5.2,2,0,0,1
PO009478,V0098,FINISH,US,0.629,22.7,3.13,10,1490.46,5,4,23.4,3,0,0,0
PO009479,V0008,RAW,DE,0.897,12.8,2.43,12,8747.71,4,1,10.9,0,0,0,1
PO009480,V0074,SERVICE,IN,0.772,3.6,4.71,15,2141.78,5,1,4.3,2,1,0,1
PO009481,V0036,FINISH,IN,0.606,23.8,4.18,21,23047.01,4,5,24.9,4,0,0,0
PO009482,V0062,FINISH,DE,0.881,22.2,4.6,6,5688.0,5,4,25.9,6,0,0,0
PO009483,V0094,FINISH,CN,0.66,16.0,4.18,11,41028.32,4,4,14.5,3,0,0,0
PO009484,V0056,PACK,US,0.729,7.2,4.55,13,2807.58,3,5,7.1,2,0,0,0
PO009485,V0026,RAW,DE,0.898,12.1,4.59,17,11816.51,3,3,11.2,2,0,0,1
PO009486,V0050,RAW,IN,0.638,7.8,3.79,16,4991.16,5,2,6.0,2,0,0,1
PO009487,V0048,PACK,MX,0.846,9.8,4.62,11,785.39,4,1,9.1,5,0,0,1
PO009488,V0056,PACK,US,0.729,7.2,4.55,13,14884.73,4,2,7.4,2,0,0,0
PO009489,V0032,SERVICE,MX,0.694,6.7,2.48,12,6120.06,2,2,7.8,4,0,0,0
PO009490,V0088,FINISH,MX,0.697,25.4,2.03,11,3747.9,1,5,24.6,1,0,0,1
PO009491,V0003,PACK,DE,0.708,8.1,1.56,12,678.32,6,2,7.1,0,0,0,1
PO009492,V0050,RAW,IN,0.638,7.8,3.79,16,1737.08,3,1,8.1,5,0,0,0
PO009493,V0063,FINISH,MX,0.98,17.9,1.75,15,14734.97,2,5,19.2,3,0,0,0
PO009494,V0077,PACK,IN,0.601,6.0,1.16,11,5725.58,4,3,3.4,5,1,0,1
PO009495,V0030,PACK,MX,0.97,9.5,3.52,19,2823.0,2,1,8.4,3,0,1,1
PO009496,V0077,PACK,IN,0.601,6.0,1.16,11,6747.72,4,2,3.9,6,1,0,0
PO009497,V0023,RAW,CN,0.614,11.8,2.55,22,11964.74,6,4,8.8,2,0,1,0
PO009498,V0064,RAW,CN,0.639,13.8,4.94,17,31984.27,3,1,13.2,2,0,0,0
PO009499,V0095,FINISH,US,0.879,19.0,4.51,14,26225.32,2,4,23.2,0,1,0,1
PO009500,V0011,RAW,DE,0.769,12.1,3.55,21,34390.78,5,3,12.6,1,0,0,0
PO009501,V0076,RAW,US,0.841,8.0,3.56,11,4784.63,5,2,10.2,0,0,0,1
PO009502,V0085,RAW,DE,0.792,11.5,3.28,16,2826.21,6,1,13.2,6,0,0,1
PO009503,V0064,RAW,CN,0.639,13.8,4.94,17,2622.53,7,2,14.8,4,0,0,0
PO009504,V0038,RAW,US,0.858,12.8,2.44,10,32513.66,4,3,10.5,6,0,0,1
PO009505,V0095,FINISH,US,0.879,19.0,4.51,14,28761.98,2,5,17.4,6,0,0,1
PO009506,V0055,PACK,CN,0.619,8.4,4.01,9,36859.17,7,4,6.8,2,0,0,0
PO009507,V0004,FINISH,DE,0.824,16.8,3.06,16,885.91,6,5,18.8,4,1,0,1
PO009508,V0017,FINISH,IN,0.701,19.8,1.89,10,10804.5,2,5,15.0,3,0,0,1
PO009509,V0006,SERVICE,US,0.821,4.0,3.65,13,7407.81,3,1,6.3,1,0,1,1
PO009510,V0025,PACK,IN,0.539,5.5,4.59,21,8924.34,7,1,2.9,5,0,0,1
PO009511,V0061,FINISH,US,0.872,15.0,3.22,16,17124.06,6,3,11.4,3,0,0,1
PO009512,V0077,PACK,IN,0.601,6.0,1.16,11,16962.95,5,1,2.9,4,0,0,1
PO009513,V0044,FINISH,IN,0.629,20.6,1.39,15,4866.5,4,5,17.4,5,0,0,0
PO009514,V0037,RAW,DE,0.831,10.3,3.17,12,37492.33,6,2,6.8,4,1,0,1
PO009515,V0001,SERVICE,DE,0.945,3.6,1.62,16,3057.27,4,2,2.4,3,0,0,1
PO009516,V0033,RAW,IN,0.721,13.6,3.78,16,11143.67,2,4,14.9,1,0,0,1
PO009517,V0085,RAW,DE,0.792,11.5,3.28,16,15640.1,4,1,13.4,3,0,0,1
PO009518,V0082,PACK,US,0.825,7.7,1.97,12,10758.48,3,1,9.2,1,1,1,0
PO009519,V0007,RAW,CN,0.794,7.6,1.78,6,15382.34,7,3,5.4,4,0,0,1
PO009520,V0076,RAW,US,0.841,8.0,3.56,11,5350.89,3,2,3.7,3,0,0,1
PO009521,V0065,FINISH,DE,0.79,26.8,4.29,23,6790.0,4,4,27.8,2,1,1,0
PO009522,V0083,RAW,US,0.785,7.8,4.56,16,8232.01,3,2,8.2,4,0,1,1
PO009523,V0059,PACK,IN,0.786,5.6,2.97,7,5045.51,4,1,4.9,0,0,0,0
PO009524,V0075,SERVICE,DE,0.673,5.5,1.96,8,1588.6,4,2,3.9,1,0,1,1
PO009525,V0048,PACK,MX,0.846,9.8,4.62,11,9226.56,3,1,8.5,4,0,0,1
PO009526,V0100,FINISH,US,0.802,15.8,2.59,19,1211.72,7,4,15.1,2,0,0,1
PO009527,V0050,RAW,IN,0.638,7.8,3.79,16,28933.0,3,1,6.2,2,0,0,0
PO009528,V0078,RAW,US,0.9,7.8,2.84,11,88434.44,6,3,9.5,4,0,1,1
PO009529,V0035,FINISH,CN,0.582,25.3,4.24,15,24898.65,7,5,25.1,1,0,0,1
PO009530,V0050,RAW,IN,0.638,7.8,3.79,16,2708.72,6,2,8.3,4,0,0,0
PO009531,V0001,SERVICE,DE,0.945,3.6,1.62,16,5009.35,3,2,2.5,2,0,0,1
PO009532,V0058,SERVICE,US,0.874,4.5,2.48,13,2808.13,5,2,4.5,3,1,0,1
PO009533,V0027,FINISH,US,0.879,14.1,1.64,15,25216.52,6,5,12.8,1,0,0,1
PO009534,V0053,SERVICE,US,0.98,4.3,4.58,14,13745.2,5,1,8.5,0,0,0,1
PO009535,V0006,SERVICE,US,0.821,4.0,3.65,13,32401.76,5,1,3.2,6,0,1,1
PO009536,V0010,RAW,IN,0.761,9.5,1.46,20,1117.08,4,2,9.3,6,0,0,1
PO009537,V0074,SERVICE,IN,0.772,3.6,4.71,15,1245.98,9,1,1.3,5,0,0,1
PO009538,V0038,RAW,US,0.858,12.8,2.44,10,9872.72,7,1,9.2,0,0,1,1
PO009539,V0085,RAW,DE,0.792,11.5,3.28,16,5878.52,6,4,12.4,0,0,0,0
PO009540,V0039,RAW,IN,0.627,7.4,3.13,15,22438.4,7,2,7.8,3,0,0,0
PO009541,V0034,SERVICE,CN,0.595,3.6,3.07,20,4200.91,12,1,2.1,1,0,0,1
PO009542,V0006,SERVICE,US,0.821,4.0,3.65,13,12564.7,11,2,3.7,0,0,0,0
PO009543,V0078,RAW,US,0.9,7.8,2.84,11,22156.74,3,5,8.4,2,0,0,1
PO009544,V0094,FINISH,CN,0.66,16.0,4.18,11,15499.2,5,3,11.4,6,0,0,1
PO009545,V0003,PACK,DE,0.708,8.1,1.56,12,55050.85,9,3,7.3,4,0,0,0
PO009546,V0075,SERVICE,DE,0.673,5.5,1.96,8,9155.71,5,1,5.8,0,0,0,1
PO009547,V0030,PACK,MX,0.97,9.5,3.52,19,3902.35,4,3,8.9,3,0,1,1
PO009548,V0023,RAW,CN,0.614,11.8,2.55,22,15387.19,2,2,11.3,0,1,1,0
PO009549,V0016,FINISH,IN,0.733,18.5,1.44,12,3359.45,6,5,18.1,4,0,0,1
PO009550,V0088,FINISH,MX,0.697,25.4,2.03,11,3341.57,3,5,25.9,6,0,0,1
PO009551,V0054,RAW,MX,0.782,9.2,4.8,24,2441.05,2,3,9.6,1,0,1,1
PO009552,V0069,RAW,DE,0.892,8.6,3.69,16,1130.07,10,4,10.6,1,0,0,0
PO009553,V0060,FINISH,US,0.834,24.4,3.33,25,11319.26,4,5,24.2,2,0,0,1
PO009554,V0058,SERVICE,US,0.874,4.5,2.48,13,10283.8,5,2,5.5,1,0,0,1
PO009555,V0069,RAW,DE,0.892,8.6,3.69,16,3239.0,4,1,8.0,0,0,1,1
PO009556,V0083,RAW,US,0.785,7.8,4.56,16,5100.73,2,3,7.9,4,0,0,1
PO009557,V0016,FINISH,IN,0.733,18.5,1.44,12,5516.38,3,4,21.3,2,0,0,1
PO009558,V0077,PACK,IN,0.601,6.0,1.16,11,13722.0,4,2,7.4,1,0,0,0
PO009559,V0012,FINISH,US,0.73,24.7,3.25,18,24526.47,4,5,21.4,5,0,0,1
PO009560,V0067,FINISH,DE,0.709,27.6,4.37,19,5632.01,6,5,31.4,5,0,0,1
PO009561,V0062,FINISH,DE,0.881,22.2,4.6,6,1132.74,7,5,22.0,0,0,0,0
PO009562,V0032,SERVICE,MX,0.694,6.7,2.48,12,14584.51,7,2,6.7,1,1,0,0
PO009563,V0060,FINISH,US,0.834,24.4,3.33,25,35911.95,2,5,24.6,3,0,0,0
PO009564,V0066,PACK,CN,0.769,9.7,4.46,6,3484.18,7,3,8.1,3,0,0,0
PO009565,V0096,PACK,DE,0.98,7.3,2.21,18,14698.52,2,1,6.4,0,0,0,1
PO009566,V0079,FINISH,CN,0.65,26.2,4.68,7,10088.2,4,3,23.9,2,1,0,0
PO009567,V0048,PACK,MX,0.846,9.8,4.62,11,5657.55,4,3,7.6,4,0,0,1
PO009568,V0013,PACK,CN,0.729,6.6,3.03,21,4016.89,3,4,3.0,1,0,0,1
PO009569,V0059,PACK,IN,0.786,5.6,2.97,7,1309.02,4,3,5.5,4,0,0,1
PO009570,V0085,RAW,DE,0.792,11.5,3.28,16,6401.36,4,2,13.1,3,0,1,0
PO009571,V0044,FINISH,IN,0.629,20.6,1.39,15,6837.4,7,4,20.8,1,1,0,1
PO009572,V0069,RAW,DE,0.892,8.6,3.69,16,17258.9,2,2,8.5,4,0,1,1
PO009573,V0092,FINISH,US,0.855,24.6,3.38,15,5701.82,4,5,23.6,5,0,1,0
PO009574,V0061,FINISH,US,0.872,15.0,3.22,16,9471.08,1,5,15.8,4,0,0,1
PO009575,V0006,SERVICE,US,0.821,4.0,3.65,13,3020.78,4,1,3.4,2,0,0,1
PO009576,V0046,FINISH,CN,0.577,23.2,1.65,8,21195.1,8,4,26.4,1,1,0,0
PO009577,V0002,SERVICE,US,0.98,6.3,1.85,11,649.29,6,2,2.8,6,0,0,1
PO009578,V0046,FINISH,CN,0.577,23.2,1.65,8,2014.63,9,3,24.5,2,0,0,0
PO009579,V0016,FINISH,IN,0.733,18.5,1.44,12,2572.7,1,4,18.4,6,0,0,1
PO009580,V0052,SERVICE,DE,0.824,6.4,2.72,18,23728.88,3,2,1.0,3,0,0,1
PO009581,V0019,RAW,DE,0.886,7.4,2.11,21,77055.7,3,2,8.9,6,1,0,1
PO009582,V0094,FINISH,CN,0.66,16.0,4.18,11,10087.64,7,4,19.2,0,1,0,0
PO009583,V0044,FINISH,IN,0.629,20.6,1.39,15,14680.65,9,5,21.1,4,1,1,0
PO009584,V0039,RAW,IN,0.627,7.4,3.13,15,3922.04,10,1,10.7,5,0,0,0
PO009585,V0009,FINISH,US,0.782,14.1,4.26,17,3698.76,2,3,11.8,2,0,0,1
PO009586,V0010,RAW,IN,0.761,9.5,1.46,20,4148.09,8,1,7.2,0,0,1,1
PO009587,V0062,FINISH,DE,0.881,22.2,4.6,6,13211.54,10,4,25.0,3,0,0,0
PO009588,V0076,RAW,US,0.841,8.0,3.56,11,2690.39,1,5,9.5,4,0,0,0
PO009589,V0001,SERVICE,DE,0.945,3.6,1.62,16,3187.88,5,1,4.0,0,0,0,1
PO009590,V0091,PACK,US,0.785,6.7,1.54,13,17724.08,9,2,11.1,5,0,0,1
PO009591,V0005,RAW,CN,0.66,11.8,2.76,10,35624.02,1,2,12.3,0,0,0,0
PO009592,V0085,RAW,DE,0.792,11.5,3.28,16,5027.94,4,2,13.8,1,0,0,0
PO009593,V0016,FINISH,IN,0.733,18.5,1.44,12,1010.28,3,4,21.2,6,0,0,0
PO009594,V0024,RAW,DE,0.927,13.5,4.51,12,4627.6,7,2,13.5,0,0,0,1
PO009595,V0063,FINISH,MX,0.98,17.9,1.75,15,2157.76,4,4,20.8,3,0,0,1
PO009596,V0092,FINISH,US,0.855,24.6,3.38,15,2660.45,2,3,26.5,4,0,0,0
PO009597,V0072,RAW,CN,0.817,8.0,1.06,13,6192.81,6,2,8.2,1,0,0,1
PO009598,V0032,SERVICE,MX,0.694,6.7,2.48,12,15155.12,10,1,3.8,4,0,0,0
PO009599,V0079,FINISH,CN,0.65,26.2,4.68,7,13928.85,5,3,24.6,5,1,0,1
PO009600,V0007,RAW,CN,0.794,7.6,1.78,6,7003.94,2,2,7.5,5,0,1,1
PO009601,V0025,PACK,IN,0.539,5.5,4.59,21,8420.22,11,5,4.4,3,0,0,1
PO009602,V0004,FINISH,DE,0.824,16.8,3.06,16,10088.54,6,5,18.6,2,0,0,1
PO009603,V0082,PACK,US,0.825,7.7,1.97,12,8207.0,7,2,7.7,3,0,0,1
PO009604,V0067,FINISH,DE,0.709,27.6,4.37,19,12406.39,1,5,27.8,2,0,0,0
PO009605,V0020,PACK,US,0.98,9.9,1.97,17,16555.49,6,1,10.4,1,0,0,1
PO009606,V0071,PACK,CN,0.695,5.7,1.12,18,3098.8,0,2,7.6,3,0,0,1
PO009607,V0048,PACK,MX,0.846,9.8,4.62,11,3824.48,5,4,4.5,3,0,0,1
PO009608,V0004,FINISH,DE,0.824,16.8,3.06,16,6397.82,4,3,17.3,5,0,0,0
PO009609,V0015,FINISH,MX,0.872,25.3,1.75,21,23955.07,6,4,23.7,4,0,0,1
PO009610,V0091,PACK,US,0.785,6.7,1.54,13,1396.16,2,5,3.7,4,0,1,1
PO009611,V0056,PACK,US,0.729,7.2,4.55,13,30773.47,4,1,5.7,0,0,1,1
PO009612,V0080,FINISH,IN,0.721,16.6,1.84,13,5111.68,6,4,13.8,4,0,0,1
PO009613,V0003,PACK,DE,0.708,8.1,1.56,12,42632.26,4,3,4.1,3,0,1,1
PO009614,V0080,FINISH,IN,0.721,16.6,1.84,13,4042.99,7,3,17.6,6,1,0,1
PO009615,V0002,SERVICE,US,0.98,6.3,1.85,11,1442.09,5,2,3.4,3,0,0,1
PO009616,V0028,RAW,CN,0.649,12.0,1.95,13,1724.0,7,3,12.9,5,0,0,0
PO009617,V0057,FINISH,US,0.768,15.2,3.8,17,1533.81,4,4,16.1,3,0,0,1
PO009618,V0018,RAW,MX,0.757,10.6,3.81,25,2681.89,5,1,10.0,6,0,0,1
PO009619,V0023,RAW,CN,0.614,11.8,2.55,22,111442.08,5,1,9.3,0,0,1,0
PO009620,V0024,RAW,DE,0.927,13.5,4.51,12,7881.01,6,2,11.9,5,0,0,1
PO009621,V0081,PACK,CN,0.884,5.2,2.01,15,4501.65,6,2,4.2,6,0,0,1
PO009622,V0005,RAW,CN,0.66,11.8,2.76,10,4675.45,4,2,11.0,6,1,1,0
PO009623,V0009,FINISH,US,0.782,14.1,4.26,17,3374.59,3,3,8.8,6,0,0,1
PO009624,V0030,PACK,MX,0.97,9.5,3.52,19,5566.25,3,4,11.4,5,0,0,1
PO009625,V0066,PACK,CN,0.769,9.7,4.46,6,7735.61,11,4,12.4,0,0,0,1
PO009626,V0030,PACK,MX,0.97,9.5,3.52,19,19135.11,4,3,9.6,3,0,0,0
PO009627,V0041,RAW,DE,0.93,9.9,1.69,10,2265638.58,6,2,12.1,4,0,0,1
PO009628,V0015,FINISH,MX,0.872,25.3,1.75,21,21605.6,4,4,24.6,3,0,0,1
PO009629,V0032,SERVICE,MX,0.694,6.7,2.48,12,1706.96,4,1,3.9,2,0,1,1
PO009630,V0095,FINISH,US,0.879,19.0,4.51,14,298.5,4,3,22.1,2,0,0,1
PO009631,V0087,FINISH,US,0.855,19.7,4.93,9,11509.24,8,5,21.9,5,0,1,0
PO009632,V0032,SERVICE,MX,0.694,6.7,2.48,12,5751.83,1,1,10.9,6,0,0,0
PO009633,V0097,FINISH,US,0.933,26.7,3.5,16,8927.29,3,4,27.9,3,0,0,1
PO009634,V0069,RAW,DE,0.892,8.6,3.69,16,112073.19,6,1,9.3,2,0,0,1
PO009635,V0035,FINISH,CN,0.582,25.3,4.24,15,3548.92,2,5,24.9,5,0,0,1
PO009636,V0042,FINISH,CN,0.807,23.2,2.12,16,16420.96,2,5,24.6,4,0,0,1
PO009637,V0009,FINISH,US,0.782,14.1,4.26,17,25806.09,7,4,14.9,1,1,0,1
PO009638,V0073,PACK,DE,0.853,7.6,4.13,14,5510.47,4,1,8.0,0,0,0,1
PO009639,V0032,SERVICE,MX,0.694,6.7,2.48,12,72841.88,5,2,4.4,4,0,0,1
PO009640,V0035,FINISH,CN,0.582,25.3,4.24,15,3747.99,5,5,26.5,0,0,0,0
PO009641,V0009,FINISH,US,0.782,14.1,4.26,17,11299.65,7,5,12.9,1,0,0,1
PO009642,V0040,SERVICE,CN,0.742,5.1,2.29,19,9667.86,5,2,3.9,3,0,0,0
PO009643,V0005,RAW,CN,0.66,11.8,2.76,10,1354.34,9,3,13.0,5,0,0,0
PO009644,V0091,PACK,US,0.785,6.7,1.54,13,6233.97,4,5,5.4,3,0,0,1
PO009645,V0072,RAW,CN,0.817,8.0,1.06,13,64144.6,6,1,6.9,2,0,0,1
PO009646,V0010,RAW,IN,0.761,9.5,1.46,20,33049.35,5,2,6.5,0,0,0,1
PO009647,V0083,RAW,US,0.785,7.8,4.56,16,7345.73,7,2,10.9,1,0,0,0
PO009648,V0074,SERVICE,IN,0.772,3.6,4.71,15,112809.21,4,2,3.4,0,0,0,1
PO009649,V0046,FINISH,CN,0.577,23.2,1.65,8,3512.68,2,4,23.0,3,0,0,1
PO009650,V0077,PACK,IN,0.601,6.0,1.16,11,25917.19,8,1,5.9,3,0,0,1
PO009651,V0100,FINISH,US,0.802,15.8,2.59,19,4055.02,2,3,16.3,6,0,0,0
PO009652,V0043,RAW,DE,0.98,7.1,1.46,6,1207.71,4,1,6.3,4,0,0,1
PO009653,V0055,PACK,CN,0.619,8.4,4.01,9,79758.99,3,4,6.6,0,0,0,1
PO009654,V0069,RAW,DE,0.892,8.6,3.69,16,8407.39,3,2,8.6,4,0,0,0
PO009655,V0066,PACK,CN,0.769,9.7,4.46,6,2151.43,4,1,9.0,3,0,0,1
PO009656,V0039,RAW,IN,0.627,7.4,3.13,15,6649.36,7,1,7.4,4,1,0,1
PO009657,V0084,PACK,IN,0.592,5.4,3.15,16,7238.19,5,3,6.3,2,0,0,1
PO009658,V0040,SERVICE,CN,0.742,5.1,2.29,19,14309.77,4,1,6.2,5,1,0,1
PO009659,V0077,PACK,IN,0.601,6.0,1.16,11,15838.55,1,3,6.7,4,0,1,0
PO009660,V0041,RAW,DE,0.93,9.9,1.69,10,1490.91,3,3,11.5,6,0,0,1
PO009661,V0016,FINISH,IN,0.733,18.5,1.44,12,2243.69,2,4,20.0,5,0,0,1
PO009662,V0085,RAW,DE,0.792,11.5,3.28,16,21331.92,10,1,13.1,5,0,0,1
PO009663,V0092,FINISH,US,0.855,24.6,3.38,15,25348.22,3,4,23.0,6,1,0,0
PO009664,V0088,FINISH,MX,0.697,25.4,2.03,11,6123.38,4,3,20.9,4,0,0,0
PO009665,V0064,RAW,CN,0.639,13.8,4.94,17,2614.77,5,3,15.0,3,0,0,1
PO009666,V0087,FINISH,US,0.855,19.7,4.93,9,2898.93,6,5,22.0,6,0,0,1
PO009667,V0067,FINISH,DE,0.709,27.6,4.37,19,42498.36,6,5,26.3,6,0,0,0
PO009668,V0072,RAW,CN,0.817,8.0,1.06,13,9188.04,7,4,7.9,3,0,0,1
PO009669,V0006,SERVICE,US,0.821,4.0,3.65,13,3687.14,6,2,4.8,6,0,0,1
PO009670,V0040,SERVICE,CN,0.742,5.1,2.29,19,14701.65,6,2,3.0,6,0,0,1
PO009671,V0059,PACK,IN,0.786,5.6,2.97,7,295632.59,3,2,6.8,0,0,0,1
PO009672,V0071,PACK,CN,0.695,5.7,1.12,18,11649.82,10,2,7.6,2,0,0,1
PO009673,V0047,PACK,US,0.861,6.9,3.57,14,2849.79,6,5,5.6,6,0,0,1
PO009674,V0092,FINISH,US,0.855,24.6,3.38,15,8283.66,8,4,27.7,0,0,0,0
PO009675,V0089,PACK,MX,0.613,8.8,1.75,13,15992.17,2,4,6.5,0,0,0,0
PO009676,V0065,FINISH,DE,0.79,26.8,4.29,23,8184.43,6,4,26.5,3,0,0,1
PO009677,V0054,RAW,MX,0.782,9.2,4.8,24,10759.69,3,4,12.8,2,0,0,1
PO009678,V0073,PACK,DE,0.853,7.6,4.13,14,1004.23,2,2,5.7,1,0,1,1
PO009679,V0044,FINISH,IN,0.629,20.6,1.39,15,2827.5,3,5,23.8,1,0,0,0
PO009680,V0090,RAW,CN,0.774,7.8,3.44,12,7482.75,3,4,7.4,4,0,0,1
PO009681,V0040,SERVICE,CN,0.742,5.1,2.29,19,11029.34,5,1,5.7,6,0,0,1
PO009682,V0067,FINISH,DE,0.709,27.6,4.37,19,313.63,3,3,30.7,0,1,0,1
PO009683,V0020,PACK,US,0.98,9.9,1.97,17,358.56,2,2,7.4,2,0,0,1
PO009684,V0064,RAW,CN,0.639,13.8,4.94,17,28875.63,7,2,15.2,2,0,0,0
PO009685,V0026,RAW,DE,0.898,12.1,4.59,17,41996.16,7,2,12.7,2,0,0,0
PO009686,V0076,RAW,US,0.841,8.0,3.56,11,82497.69,4,4,11.5,2,0,0,0
PO009687,V0079,FINISH,CN,0.65,26.2,4.68,7,1436.89,5,4,25.2,4,0,0,0
PO009688,V0058,SERVICE,US,0.874,4.5,2.48,13,1163.84,7,2,5.6,0,0,0,0
PO009689,V0037,RAW,DE,0.831,10.3,3.17,12,22600.86,4,3,9.0,4,1,0,1
PO009690,V0070,FINISH,US,0.901,21.3,4.09,15,23377.89,4,5,22.4,0,0,0,1
PO009691,V0070,FINISH,US,0.901,21.3,4.09,15,32111.63,6,5,20.7,6,0,1,1
PO009692,V0095,FINISH,US,0.879,19.0,4.51,14,18863.47,9,4,20.8,5,0,0,1
PO009693,V0031,PACK,CN,0.783,6.4,1.1,17,6002.41,6,1,6.1,2,0,0,1
PO009694,V0030,PACK,MX,0.97,9.5,3.52,19,167639.07,4,2,7.6,2,0,0,0
PO009695,V0090,RAW,CN,0.774,7.8,3.44,12,6055.42,5,4,6.5,3,1,0,0
PO009696,V0031,PACK,CN,0.783,6.4,1.1,17,27376.18,5,3,6.5,4,0,0,1
PO009697,V0038,RAW,US,0.858,12.8,2.44,10,8102.87,5,2,11.3,5,0,0,1
PO009698,V0061,FINISH,US,0.872,15.0,3.22,16,6229.02,7,5,15.4,2,0,0,0
PO009699,V0001,SERVICE,DE,0.945,3.6,1.62,16,49836.33,5,1,3.5,2,0,0,1
PO009700,V0041,RAW,DE,0.93,9.9,1.69,10,678319.41,2,1,12.7,5,0,0,1
PO009701,V0048,PACK,MX,0.846,9.8,4.62,11,22486.42,4,1,9.7,2,0,0,1
PO009702,V0052,SERVICE,DE,0.824,6.4,2.72,18,1232.45,5,1,5.5,6,1,0,1
PO009703,V0024,RAW,DE,0.927,13.5,4.51,12,15464.04,3,2,13.5,5,0,0,0
PO009704,V0078,RAW,US,0.9,7.8,2.84,11,9998.69,2,2,6.7,4,0,0,0
PO009705,V0060,FINISH,US,0.834,24.4,3.33,25,4831.14,5,4,24.2,0,0,0,1
PO009706,V0034,SERVICE,CN,0.595,3.6,3.07,20,5081.42,3,2,3.0,6,0,0,0
PO009707,V0071,PACK,CN,0.695,5.7,1.12,18,47283.0,6,1,8.2,3,0,1,0
PO009708,V0038,RAW,US,0.858,12.8,2.44,10,1209.57,3,1,12.4,4,0,0,1
PO009709,V0081,PACK,CN,0.884,5.2,2.01,15,11608.9,2,1,4.9,2,0,0,1
PO009710,V0091,PACK,US,0.785,6.7,1.54,13,20244.28,3,1,9.3,1,0,0,1
PO009711,V0089,PACK,MX,0.613,8.8,1.75,13,44335.11,4,2,4.2,1,0,1,1
PO009712,V0021,FINISH,US,0.98,22.9,3.14,9,11091.87,9,4,24.0,0,0,0,1
PO009713,V0095,FINISH,US,0.879,19.0,4.51,14,17245.05,5,3,18.0,1,0,0,1
PO009714,V0065,FINISH,DE,0.79,26.8,4.29,23,8800.66,4,4,24.4,3,0,0,0
PO009715,V0012,FINISH,US,0.73,24.7,3.25,18,6318.32,2,5,27.6,3,0,0,1
PO009716,V0095,FINISH,US,0.879,19.0,4.51,14,5779.79,3,5,14.4,4,0,0,1
PO009717,V0086,RAW,US,0.712,8.7,1.64,11,16546.23,5,3,7.0,6,1,0,1
PO009718,V0006,SERVICE,US,0.821,4.0,3.65,13,5271.65,4,2,4.9,4,0,0,0
PO009719,V0007,RAW,CN,0.794,7.6,1.78,6,3630.94,8,1,6.8,5,0,0,0
PO009720,V0030,PACK,MX,0.97,9.5,3.52,19,10400.08,6,5,8.3,5,0,0,1
PO009721,V0098,FINISH,US,0.629,22.7,3.13,10,3462.69,3,5,19.1,2,0,0,0
PO009722,V0033,RAW,IN,0.721,13.6,3.78,16,11804.94,1,2,13.7,0,0,0,1
PO009723,V0021,FINISH,US,0.98,22.9,3.14,9,17259.32,4,4,27.5,1,0,0,1
PO009724,V0086,RAW,US,0.712,8.7,1.64,11,2074.79,5,4,10.9,5,1,0,1
PO009725,V0020,PACK,US,0.98,9.9,1.97,17,2646.43,6,4,13.3,1,1,0,0
PO009726,V0019,RAW,DE,0.886,7.4,2.11,21,91392.53,7,3,5.6,5,0,0,1
PO009727,V0043,RAW,DE,0.98,7.1,1.46,6,8497.81,9,2,7.6,4,0,0,0
PO009728,V0030,PACK,MX,0.97,9.5,3.52,19,4131.2,4,2,10.7,3,0,1,1
PO009729,V0015,FINISH,MX,0.872,25.3,1.75,21,7852.98,6,3,26.1,1,1,0,1
PO009730,V0076,RAW,US,0.841,8.0,3.56,11,10444.08,4,4,8.6,5,0,0,1
PO009731,V0024,RAW,DE,0.927,13.5,4.51,12,10945.34,4,1,12.4,1,0,0,1
PO009732,V0065,FINISH,DE,0.79,26.8,4.29,23,17990.49,8,4,26.3,2,0,0,1
PO009733,V0093,SERVICE,DE,0.917,6.8,1.72,8,2781.67,4,2,4.7,5,0,0,1
PO009734,V0003,PACK,DE,0.708,8.1,1.56,12,8894.4,5,1,5.9,4,0,0,1
PO009735,V0029,FINISH,CN,0.802,15.3,2.47,12,633.42,4,3,12.3,0,0,1,0
PO009736,V0052,SERVICE,DE,0.824,6.4,2.72,18,2417.55,2,2,8.3,2,1,1,1
PO009737,V0076,RAW,US,0.841,8.0,3.56,11,2447.49,6,2,9.6,4,0,0,1
PO009738,V0049,RAW,US,0.878,7.5,2.28,20,6196.41,3,2,6.4,6,1,0,1
PO009739,V0056,PACK,US,0.729,7.2,4.55,13,5091.18,3,1,9.4,0,0,0,1
PO009740,V0096,PACK,DE,0.98,7.3,2.21,18,8833.42,3,2,6.6,1,0,0,1
PO009741,V0068,RAW,DE,0.98,7.4,4.46,20,25095.06,8,4,6.8,0,0,0,1
PO009742,V0028,RAW,CN,0.649,12.0,1.95,13,2436.89,6,2,10.6,3,0,0,0
PO009743,V0009,FINISH,US,0.782,14.1,4.26,17,1786.46,4,5,15.4,6,1,0,0
PO009744,V0018,RAW,MX,0.757,10.6,3.81,25,1631.27,0,3,9.1,1,0,0,1
PO009745,V0035,FINISH,CN,0.582,25.3,4.24,15,6515.46,1,4,25.9,1,0,0,0
PO009746,V0021,FINISH,US,0.98,22.9,3.14,9,2317.58,1,3,22.3,3,0,0,1
PO009747,V0026,RAW,DE,0.898,12.1,4.59,17,5012.52,3,3,12.4,2,0,0,1
PO009748,V0079,FINISH,CN,0.65,26.2,4.68,7,1646.15,3,4,22.9,2,0,0,1
PO009749,V0006,SERVICE,US,0.821,4.0,3.65,13,19532.91,4,1,4.1,6,0,0,0
PO009750,V0078,RAW,US,0.9,7.8,2.84,11,10276.22,4,1,9.1,3,0,0,1
PO009751,V0057,FINISH,US,0.768,15.2,3.8,17,26097.51,4,4,15.1,6,1,1,1
PO009752,V0016,FINISH,IN,0.733,18.5,1.44,12,7782.79,1,5,19.4,0,1,1,0
PO009753,V0079,FINISH,CN,0.65,26.2,4.68,7,5187.83,6,4,26.0,3,0,0,0
PO009754,V0044,FINISH,IN,0.629,20.6,1.39,15,1005.36,4,4,21.6,2,0,1,0
PO009755,V0002,SERVICE,US,0.98,6.3,1.85,11,2914.26,4,2,2.4,1,0,0,1
PO009756,V0095,FINISH,US,0.879,19.0,4.51,14,7310.02,4,5,20.7,1,0,0,1
PO009757,V0091,PACK,US,0.785,6.7,1.54,13,24303.47,7,2,10.1,4,0,1,1
PO009758,V0056,PACK,US,0.729,7.2,4.55,13,8478.71,4,4,5.4,2,0,1,1
PO009759,V0010,RAW,IN,0.761,9.5,1.46,20,8449.3,7,2,10.3,5,0,0,1
PO009760,V0058,SERVICE,US,0.874,4.5,2.48,13,2160.52,4,1,3.9,4,0,0,1
PO009761,V0020,PACK,US,0.98,9.9,1.97,17,8984.92,2,2,9.1,4,0,0,1
PO009762,V0013,PACK,CN,0.729,6.6,3.03,21,2967.16,7,2,5.3,1,0,0,1
PO009763,V0020,PACK,US,0.98,9.9,1.97,17,4469.62,8,4,12.6,2,1,0,1
PO009764,V0003,PACK,DE,0.708,8.1,1.56,12,9068.57,1,1,10.3,5,0,0,0
PO009765,V0022,RAW,DE,0.74,7.3,3.36,17,7797.83,5,2,2.9,4,0,0,0
PO009766,V0023,RAW,CN,0.614,11.8,2.55,22,2759.53,6,5,9.0,4,0,1,0
PO009767,V0086,RAW,US,0.712,8.7,1.64,11,38808.74,3,4,10.0,3,0,0,1
PO009768,V0095,FINISH,US,0.879,19.0,4.51,14,5280.99,6,5,19.3,5,0,0,1
PO009769,V0016,FINISH,IN,0.733,18.5,1.44,12,1518.35,9,4,19.2,6,1,0,0
PO009770,V0073,PACK,DE,0.853,7.6,4.13,14,6020.13,7,1,4.2,3,0,0,1
PO009771,V0073,PACK,DE,0.853,7.6,4.13,14,56472.37,8,3,8.1,0,0,0,0
PO009772,V0077,PACK,IN,0.601,6.0,1.16,11,6302.66,4,2,4.0,2,0,0,1
PO009773,V0018,RAW,MX,0.757,10.6,3.81,25,40335.33,6,2,7.4,6,0,0,1
PO009774,V0054,RAW,MX,0.782,9.2,4.8,24,9433.65,4,3,8.6,4,0,0,0
PO009775,V0027,FINISH,US,0.879,14.1,1.64,15,8044.69,3,3,14.2,5,0,0,1
PO009776,V0013,PACK,CN,0.729,6.6,3.03,21,1520.41,7,3,6.6,5,0,1,1
PO009777,V0086,RAW,US,0.712,8.7,1.64,11,6266.56,2,2,8.8,0,0,1,1
PO009778,V0059,PACK,IN,0.786,5.6,2.97,7,702.83,5,3,2.1,6,1,1,0
PO009779,V0040,SERVICE,CN,0.742,5.1,2.29,19,9236.74,4,1,5.2,0,0,0,1
PO009780,V0073,PACK,DE,0.853,7.6,4.13,14,22945.81,7,4,9.5,2,0,0,1
PO009781,V0094,FINISH,CN,0.66,16.0,4.18,11,4839.98,3,4,18.1,3,0,0,1
PO009782,V0085,RAW,DE,0.792,11.5,3.28,16,7250.97,6,2,10.6,2,0,0,0
PO009783,V0048,PACK,MX,0.846,9.8,4.62,11,3455.18,5,4,7.8,3,0,0,1
PO009784,V0024,RAW,DE,0.927,13.5,4.51,12,2604.36,10,4,13.6,2,0,0,1
PO009785,V0004,FINISH,DE,0.824,16.8,3.06,16,1473.37,6,4,14.1,6,0,1,1
PO009786,V0022,RAW,DE,0.74,7.3,3.36,17,945.72,7,3,7.3,4,0,1,0
PO009787,V0098,FINISH,US,0.629,22.7,3.13,10,66418.29,4,3,20.9,2,0,0,0
PO009788,V0028,RAW,CN,0.649,12.0,1.95,13,21741.65,7,2,9.7,0,0,0,1
PO009789,V0034,SERVICE,CN,0.595,3.6,3.07,20,4321.42,6,1,4.1,2,0,1,0
PO009790,V0076,RAW,US,0.841,8.0,3.56,11,1710.12,9,2,7.3,1,0,0,1
PO009791,V0027,FINISH,US,0.879,14.1,1.64,15,2712.69,4,4,14.0,3,1,1,1
PO009792,V0072,RAW,CN,0.817,8.0,1.06,13,5085.76,5,3,6.6,2,0,0,1
PO009793,V0069,RAW,DE,0.892,8.6,3.69,16,859.48,4,4,9.0,1,0,0,1
PO009794,V0012,FINISH,US,0.73,24.7,3.25,18,26856.96,1,4,27.1,0,0,1,1
PO009795,V0070,FINISH,US,0.901,21.3,4.09,15,7808.37,5,4,19.1,0,0,0,1
PO009796,V0034,SERVICE,CN,0.595,3.6,3.07,20,46190.09,2,1,3.2,6,0,0,1
PO009797,V0034,SERVICE,CN,0.595,3.6,3.07,20,995.12,2,2,2.2,3,0,1,1
PO009798,V0078,RAW,US,0.9,7.8,2.84,11,4356.22,8,2,6.5,6,0,0,0
PO009799,V0089,PACK,MX,0.613,8.8,1.75,13,11235.93,1,4,11.1,4,0,0,0
PO009800,V0015,FINISH,MX,0.872,25.3,1.75,21,5354.19,2,4,27.2,2,0,0,1
PO009801,V0098,FINISH,US,0.629,22.7,3.13,10,2013.56,9,4,23.6,6,0,0,0
PO009802,V0075,SERVICE,DE,0.673,5.5,1.96,8,4440.56,6,2,6.8,1,0,1,0
PO009803,V0027,FINISH,US,0.879,14.1,1.64,15,2147.97,6,4,13.6,0,0,0,1
PO009804,V0047,PACK,US,0.861,6.9,3.57,14,63825.47,5,2,5.1,5,0,0,1
PO009805,V0062,FINISH,DE,0.881,22.2,4.6,6,26228.85,3,4,22.4,0,0,1,1
PO009806,V0089,PACK,MX,0.613,8.8,1.75,13,11745.85,3,1,9.7,6,0,0,1
PO009807,V0044,FINISH,IN,0.629,20.6,1.39,15,8418.76,4,3,18.5,0,0,1,1
PO009808,V0066,PACK,CN,0.769,9.7,4.46,6,34513.74,9,3,8.5,3,0,0,1
PO009809,V0026,RAW,DE,0.898,12.1,4.59,17,466.31,5,3,12.6,3,0,0,1
PO009810,V0029,FINISH,CN,0.802,15.3,2.47,12,28903.27,0,4,15.0,4,0,0,0
PO009811,V0040,SERVICE,CN,0.742,5.1,2.29,19,7038.23,4,1,6.0,5,0,1,1
PO009812,V0059,PACK,IN,0.786,5.6,2.97,7,2224.24,3,2,2.3,5,0,0,1
PO009813,V0045,PACK,US,0.98,8.2,1.18,13,11287.38,9,3,9.2,3,0,0,1
PO009814,V0088,FINISH,MX,0.697,25.4,2.03,11,5956.59,9,3,24.7,3,0,1,0
PO009815,V0097,FINISH,US,0.933,26.7,3.5,16,5401.57,7,3,27.8,4,0,0,1
PO009816,V0070,FINISH,US,0.901,21.3,4.09,15,8563.78,9,3,23.4,2,0,0,0
PO009817,V0003,PACK,DE,0.708,8.1,1.56,12,7812.24,6,2,13.2,3,0,0,1
PO009818,V0072,RAW,CN,0.817,8.0,1.06,13,35143.39,5,3,9.9,5,0,0,1
PO009819,V0082,PACK,US,0.825,7.7,1.97,12,16858.33,8,2,8.0,5,0,0,1
PO009820,V0024,RAW,DE,0.927,13.5,4.51,12,8004.47,4,3,13.5,4,0,0,1
PO009821,V0076,RAW,US,0.841,8.0,3.56,11,3763.88,5,2,4.5,0,0,0,1
PO009822,V0047,PACK,US,0.861,6.9,3.57,14,4331.1,1,3,5.9,3,0,0,1
PO009823,V0098,FINISH,US,0.629,22.7,3.13,10,1523.52,5,3,20.7,4,1,0,1
PO009824,V0023,RAW,CN,0.614,11.8,2.55,22,4657.33,7,2,11.9,4,1,0,0
PO009825,V0092,FINISH,US,0.855,24.6,3.38,15,474.76,3,4,27.8,1,0,0,1
PO009826,V0098,FINISH,US,0.629,22.7,3.13,10,1053.42,3,5,21.4,1,0,0,0
PO009827,V0089,PACK,MX,0.613,8.8,1.75,13,6538.9,6,1,9.8,1,0,0,0
PO009828,V0032,SERVICE,MX,0.694,6.7,2.48,12,16415.59,2,2,10.7,3,0,0,1
PO009829,V0057,FINISH,US,0.768,15.2,3.8,17,1662.58,8,4,13.0,6,0,0,0
PO009830,V0005,RAW,CN,0.66,11.8,2.76,10,1886.98,1,2,7.1,3,0,0,1
PO009831,V0027,FINISH,US,0.879,14.1,1.64,15,9636.95,3,5,18.5,1,1,0,1
PO009832,V0094,FINISH,CN,0.66,16.0,4.18,11,5969.5,5,5,16.8,2,0,0,1
PO009833,V0091,PACK,US,0.785,6.7,1.54,13,3644.74,7,1,8.1,6,1,0,0
PO009834,V0019,RAW,DE,0.886,7.4,2.11,21,21142.94,7,3,11.0,3,0,0,1
PO009835,V0054,RAW,MX,0.782,9.2,4.8,24,28651.76,7,3,9.8,3,0,0,0
PO009836,V0079,FINISH,CN,0.65,26.2,4.68,7,14362.39,8,5,29.6,4,0,1,0
PO009837,V0076,RAW,US,0.841,8.0,3.56,11,1872.71,4,3,6.0,0,0,0,1
PO009838,V0005,RAW,CN,0.66,11.8,2.76,10,5617.64,5,1,12.1,4,0,1,1
PO009839,V0009,FINISH,US,0.782,14.1,4.26,17,13522.22,7,5,13.0,3,0,0,1
PO009840,V0024,RAW,DE,0.927,13.5,4.51,12,12864.05,6,2,12.8,4,0,0,1
PO009841,V0045,PACK,US,0.98,8.2,1.18,13,5197.32,3,2,6.3,3,0,0,1
PO009842,V0059,PACK,IN,0.786,5.6,2.97,7,6636.96,8,3,6.1,2,0,0,1
PO009843,V0095,FINISH,US,0.879,19.0,4.51,14,221.41,5,4,21.7,5,1,0,1
PO009844,V0092,FINISH,US,0.855,24.6,3.38,15,36052.16,8,4,23.6,2,0,0,1
PO009845,V0018,RAW,MX,0.757,10.6,3.81,25,37756.13,3,2,11.2,1,0,1,1
PO009846,V0061,FINISH,US,0.872,15.0,3.22,16,7241.77,4,4,14.7,2,0,0,1
PO009847,V0087,FINISH,US,0.855,19.7,4.93,9,8299.17,7,5,19.1,6,0,0,1
PO009848,V0050,RAW,IN,0.638,7.8,3.79,16,5169.3,7,1,6.7,2,0,0,1
PO009849,V0058,SERVICE,US,0.874,4.5,2.48,13,6992.35,5,2,7.4,6,0,0,0
PO009850,V0003,PACK,DE,0.708,8.1,1.56,12,24704.38,5,3,6.4,3,1,0,0
PO009851,V0039,RAW,IN,0.627,7.4,3.13,15,4874.32,11,3,7.6,1,0,1,0
PO009852,V0073,PACK,DE,0.853,7.6,4.13,14,10611.65,10,3,9.6,3,0,0,1
PO009853,V0005,RAW,CN,0.66,11.8,2.76,10,11320.28,4,2,16.9,6,0,0,0
PO009854,V0088,FINISH,MX,0.697,25.4,2.03,11,4349.5,4,4,27.6,3,0,0,1
PO009855,V0080,FINISH,IN,0.721,16.6,1.84,13,20759.03,2,5,16.6,3,0,0,1
PO009856,V0029,FINISH,CN,0.802,15.3,2.47,12,1218.77,7,3,14.5,4,0,0,1
PO009857,V0005,RAW,CN,0.66,11.8,2.76,10,27384.02,4,2,10.8,6,0,0,1
PO009858,V0040,SERVICE,CN,0.742,5.1,2.29,19,162275.55,8,2,3.7,4,0,0,1
PO009859,V0043,RAW,DE,0.98,7.1,1.46,6,8760.13,9,3,9.3,4,1,1,0
PO009860,V0030,PACK,MX,0.97,9.5,3.52,19,85091.12,7,1,12.6,2,0,0,1
PO009861,V0089,PACK,MX,0.613,8.8,1.75,13,8783.51,3,4,10.8,0,0,0,0
PO009862,V0086,RAW,US,0.712,8.7,1.64,11,11136.72,3,1,8.9,2,0,0,0
PO009863,V0055,PACK,CN,0.619,8.4,4.01,9,1050.7,4,2,9.7,3,0,0,0
PO009864,V0005,RAW,CN,0.66,11.8,2.76,10,4795.79,3,3,10.8,2,0,0,1
PO009865,V0031,PACK,CN,0.783,6.4,1.1,17,19594.23,5,5,11.3,4,0,0,1
PO009866,V0098,FINISH,US,0.629,22.7,3.13,10,6549.68,6,3,22.4,3,0,0,0
PO009867,V0054,RAW,MX,0.782,9.2,4.8,24,12533.67,5,2,10.2,0,0,1,0
PO009868,V0033,RAW,IN,0.721,13.6,3.78,16,2796.17,8,3,16.4,5,0,1,1
PO009869,V0094,FINISH,CN,0.66,16.0,4.18,11,5099.48,6,4,16.3,6,0,1,0
PO009870,V0004,FINISH,DE,0.824,16.8,3.06,16,3725.28,6,5,14.5,0,0,0,0
PO009871,V0005,RAW,CN,0.66,11.8,2.76,10,5190.05,9,2,14.5,4,0,1,0
PO009872,V0087,FINISH,US,0.855,19.7,4.93,9,15725.07,7,4,24.3,3,0,0,1
PO009873,V0036,FINISH,IN,0.606,23.8,4.18,21,15326.92,7,4,22.4,3,0,0,0
PO009874,V0054,RAW,MX,0.782,9.2,4.8,24,54676.95,5,4,13.4,3,0,0,0
PO009875,V0036,FINISH,IN,0.606,23.8,4.18,21,12764.57,4,3,23.6,0,0,1,1
PO009876,V0067,FINISH,DE,0.709,27.6,4.37,19,12067.43,4,4,27.9,2,0,0,0
PO009877,V0039,RAW,IN,0.627,7.4,3.13,15,4901.51,4,2,9.2,5,0,0,0
PO009878,V0023,RAW,CN,0.614,11.8,2.55,22,1269.85,5,2,13.2,5,0,0,0
PO009879,V0050,RAW,IN,0.638,7.8,3.79,16,1952.3,4,2,11.2,2,0,1,0
PO009880,V0087,FINISH,US,0.855,19.7,4.93,9,81499.74,6,3,20.1,4,0,0,0
PO009881,V0063,FINISH,MX,0.98,17.9,1.75,15,14615.1,6,5,13.4,6,0,1,1
PO009882,V0032,SERVICE,MX,0.694,6.7,2.48,12,8143.16,2,1,8.8,2,0,0,0
PO009883,V0020,PACK,US,0.98,9.9,1.97,17,15596.0,5,3,12.3,2,0,0,1
PO009884,V0047,PACK,US,0.861,6.9,3.57,14,6274.79,5,2,5.9,1,1,0,1
PO009885,V0050,RAW,IN,0.638,7.8,3.79,16,6616.73,7,2,2.7,5,0,0,0
PO009886,V0061,FINISH,US,0.872,15.0,3.22,16,4423.14,2,4,16.0,4,0,1,1
PO009887,V0098,FINISH,US,0.629,22.7,3.13,10,15181.99,11,4,24.2,1,0,0,1
PO009888,V0074,SERVICE,IN,0.772,3.6,4.71,15,3598.41,2,1,4.9,5,0,0,0
PO009889,V0063,FINISH,MX,0.98,17.9,1.75,15,5439.53,1,5,12.7,1,0,0,1
PO009890,V0078,RAW,US,0.9,7.8,2.84,11,12591.74,4,3,10.4,2,0,1,0
PO009891,V0039,RAW,IN,0.627,7.4,3.13,15,16508.14,4,1,6.8,4,0,1,0
PO009892,V0085,RAW,DE,0.792,11.5,3.28,16,528.86,4,2,12.3,1,0,0,1
PO009893,V0089,PACK,MX,0.613,8.8,1.75,13,10603.47,3,1,8.4,1,0,0,1
PO009894,V0077,PACK,IN,0.601,6.0,1.16,11,13153.53,4,2,6.2,3,0,0,1
PO009895,V0100,FINISH,US,0.802,15.8,2.59,19,10830.25,5,5,13.8,4,0,0,1
PO009896,V0016,FINISH,IN,0.733,18.5,1.44,12,22436.9,3,4,18.6,4,0,0,1
PO009897,V0053,SERVICE,US,0.98,4.3,4.58,14,8146.46,4,1,6.2,6,0,0,1
PO009898,V0007,RAW,CN,0.794,7.6,1.78,6,45726.06,5,3,11.4,3,0,0,1
PO009899,V0068,RAW,DE,0.98,7.4,4.46,20,12269.07,6,3,9.3,5,0,0,1
PO009900,V0001,SERVICE,DE,0.945,3.6,1.62,16,3447.27,2,2,4.2,2,1,1,1
PO009901,V0082,PACK,US,0.825,7.7,1.97,12,5098.02,4,3,8.2,6,0,0,1
PO009902,V0034,SERVICE,CN,0.595,3.6,3.07,20,8860.69,6,1,5.7,3,0,0,0
PO009903,V0028,RAW,CN,0.649,12.0,1.95,13,982.42,6,1,12.4,2,0,0,1
PO009904,V0061,FINISH,US,0.872,15.0,3.22,16,2754.77,5,4,14.5,5,0,0,1
PO009905,V0009,FINISH,US,0.782,14.1,4.26,17,9294.58,5,3,12.6,0,0,1,0
PO009906,V0004,FINISH,DE,0.824,16.8,3.06,16,18316.42,2,4,18.6,2,0,0,1
PO009907,V0031,PACK,CN,0.783,6.4,1.1,17,28792.45,6,4,3.8,1,0,0,1
PO009908,V0093,SERVICE,DE,0.917,6.8,1.72,8,27681.54,7,1,6.6,6,0,0,1
PO009909,V0007,RAW,CN,0.794,7.6,1.78,6,3707.47,5,3,7.7,1,0,0,0
PO009910,V0099,FINISH,US,0.857,24.7,4.51,13,5254.95,8,3,22.8,6,1,0,0
PO009911,V0047,PACK,US,0.861,6.9,3.57,14,20116.51,4,5,7.2,4,0,0,0
PO009912,V0077,PACK,IN,0.601,6.0,1.16,11,6867.26,4,3,5.7,6,0,1,0
PO009913,V0005,RAW,CN,0.66,11.8,2.76,10,1662.66,4,2,12.8,6,0,0,1
PO009914,V0024,RAW,DE,0.927,13.5,4.51,12,4483.31,6,1,13.9,2,0,0,1
PO009915,V0047,PACK,US,0.861,6.9,3.57,14,1007.21,6,3,4.6,2,0,0,0
PO009916,V0019,RAW,DE,0.886,7.4,2.11,21,4674.65,7,2,8.8,4,0,0,1
PO009917,V0057,FINISH,US,0.768,15.2,3.8,17,12235.4,3,4,20.2,5,0,0,1
PO009918,V0014,FINISH,DE,0.85,17.2,1.31,12,3152.97,6,3,16.7,1,0,0,1
PO009919,V0093,SERVICE,DE,0.917,6.8,1.72,8,13602.92,3,2,10.2,6,0,0,0
PO009920,V0064,RAW,CN,0.639,13.8,4.94,17,55221.31,4,2,13.7,3,0,0,0
PO009921,V0001,SERVICE,DE,0.945,3.6,1.62,16,3130.75,4,2,3.2,6,0,0,1
PO009922,V0057,FINISH,US,0.768,15.2,3.8,17,10617.61,4,4,12.0,4,0,0,0
PO009923,V0098,FINISH,US,0.629,22.7,3.13,10,6881.0,3,3,26.7,1,0,0,0
PO009924,V0035,FINISH,CN,0.582,25.3,4.24,15,3070.98,1,3,27.7,5,0,0,0
PO009925,V0094,FINISH,CN,0.66,16.0,4.18,11,4679.93,4,4,15.2,6,0,1,0
PO009926,V0070,FINISH,US,0.901,21.3,4.09,15,1738.54,6,3,21.0,2,0,0,1
PO009927,V0064,RAW,CN,0.639,13.8,4.94,17,4452.61,2,2,11.5,3,0,0,0
PO009928,V0091,PACK,US,0.785,6.7,1.54,13,4254.91,3,2,4.5,4,0,1,1
PO009929,V0056,PACK,US,0.729,7.2,4.55,13,21805.02,6,2,7.8,2,0,0,1
PO009930,V0086,RAW,US,0.712,8.7,1.64,11,4789.82,8,2,6.3,4,0,1,1
PO009931,V0032,SERVICE,MX,0.694,6.7,2.48,12,3673.9,4,2,8.1,3,0,0,0
PO009932,V0051,FINISH,CN,0.637,24.5,4.23,13,10864.98,3,4,28.4,1,0,0,0
PO009933,V0066,PACK,CN,0.769,9.7,4.46,6,17511.57,5,3,4.4,5,0,0,1
PO009934,V0056,PACK,US,0.729,7.2,4.55,13,22488.8,5,2,8.1,1,0,1,1
PO009935,V0046,FINISH,CN,0.577,23.2,1.65,8,9486.48,2,5,23.0,1,0,0,0
PO009936,V0063,FINISH,MX,0.98,17.9,1.75,15,443.97,4,4,20.0,6,1,1,1
PO009937,V0065,FINISH,DE,0.79,26.8,4.29,23,6988.81,3,5,24.4,2,0,0,0
PO009938,V0050,RAW,IN,0.638,7.8,3.79,16,12158.01,5,5,8.3,0,0,1,1
PO009939,V0100,FINISH,US,0.802,15.8,2.59,19,1741.34,6,3,14.8,5,0,0,1
PO009940,V0013,PACK,CN,0.729,6.6,3.03,21,4566.63,2,1,7.7,4,0,0,0
PO009941,V0025,PACK,IN,0.539,5.5,4.59,21,6708.57,3,1,2.9,5,0,0,0
PO009942,V0096,PACK,DE,0.98,7.3,2.21,18,17368.28,8,2,4.6,6,0,0,1
PO009943,V0044,FINISH,IN,0.629,20.6,1.39,15,27640.09,5,5,20.4,3,0,0,1
PO009944,V0078,RAW,US,0.9,7.8,2.84,11,4772.0,4,3,5.9,4,0,1,1
PO009945,V0038,RAW,US,0.858,12.8,2.44,10,2055.96,1,3,12.0,2,0,1,1
PO009946,V0077,PACK,IN,0.601,6.0,1.16,11,44185.78,9,2,6.2,3,0,0,0
PO009947,V0090,RAW,CN,0.774,7.8,3.44,12,31017.79,4,3,6.9,6,0,0,1
PO009948,V0035,FINISH,CN,0.582,25.3,4.24,15,3397.57,7,5,24.4,0,0,0,1
PO009949,V0004,FINISH,DE,0.824,16.8,3.06,16,9611.06,8,3,13.7,3,0,1,1
PO009950,V0093,SERVICE,DE,0.917,6.8,1.72,8,110701.12,7,1,5.3,2,0,0,1
PO009951,V0026,RAW,DE,0.898,12.1,4.59,17,4628.93,4,1,13.1,0,1,0,0
PO009952,V0082,PACK,US,0.825,7.7,1.97,12,37690.45,4,3,6.4,2,0,0,1
PO009953,V0069,RAW,DE,0.892,8.6,3.69,16,951.86,3,2,10.6,0,0,0,1
PO009954,V0016,FINISH,IN,0.733,18.5,1.44,12,43035.97,3,5,18.2,3,0,0,1
PO009955,V0045,PACK,US,0.98,8.2,1.18,13,39088.82,8,1,5.5,2,0,0,1
PO009956,V0059,PACK,IN,0.786,5.6,2.97,7,4242.38,4,5,5.5,6,0,0,1
PO009957,V0073,PACK,DE,0.853,7.6,4.13,14,16791.03,2,5,10.7,6,0,0,1
PO009958,V0058,SERVICE,US,0.874,4.5,2.48,13,4512.86,7,2,5.1,6,0,0,1
PO009959,V0077,PACK,IN,0.601,6.0,1.16,11,1426.72,8,3,6.9,4,0,0,0
PO009960,V0011,RAW,DE,0.769,12.1,3.55,21,2470.81,5,1,7.6,4,0,1,0
PO009961,V0013,PACK,CN,0.729,6.6,3.03,21,4592.26,2,1,6.8,3,0,0,1
PO009962,V0037,RAW,DE,0.831,10.3,3.17,12,5371.57,4,2,10.2,5,0,0,1
PO009963,V0017,FINISH,IN,0.701,19.8,1.89,10,60290.27,7,4,19.1,1,0,0,1
PO009964,V0081,PACK,CN,0.884,5.2,2.01,15,353.69,5,3,4.5,1,0,0,1
PO009965,V0055,PACK,CN,0.619,8.4,4.01,9,5041.95,6,2,6.7,4,1,0,1
PO009966,V0055,PACK,CN,0.619,8.4,4.01,9,2305.4,4,3,8.9,1,0,0,0
PO009967,V0096,PACK,DE,0.98,7.3,2.21,18,26383.54,6,1,8.6,3,0,0,1
PO009968,V0020,PACK,US,0.98,9.9,1.97,17,8389.62,4,2,11.0,3,0,0,1
PO009969,V0016,FINISH,IN,0.733,18.5,1.44,12,15149.12,5,4,16.9,6,0,1,1
PO009970,V0045,PACK,US,0.98,8.2,1.18,13,7744.04,2,2,7.1,6,0,1,1
PO009971,V0035,FINISH,CN,0.582,25.3,4.24,15,3452.81,4,5,27.2,5,0,0,0
PO009972,V0078,RAW,US,0.9,7.8,2.84,11,54701.7,4,3,3.6,5,0,0,1
PO009973,V0056,PACK,US,0.729,7.2,4.55,13,4648.03,5,2,8.0,5,0,0,1
PO009974,V0049,RAW,US,0.878,7.5,2.28,20,1657.49,2,1,8.6,1,0,0,1
PO009975,V0099,FINISH,US,0.857,24.7,4.51,13,995.51,10,4,26.0,6,0,0,1
PO009976,V0075,SERVICE,DE,0.673,5.5,1.96,8,8220.76,4,2,6.2,5,0,0,1
PO009977,V0060,FINISH,US,0.834,24.4,3.33,25,1414.02,0,4,23.6,3,0,0,1
PO009978,V0020,PACK,US,0.98,9.9,1.97,17,14051.91,1,3,9.7,6,0,0,1
PO009979,V0067,FINISH,DE,0.709,27.6,4.37,19,7579.77,3,3,30.0,3,0,0,0
PO009980,V0038,RAW,US,0.858,12.8,2.44,10,8035.78,4,2,11.9,4,0,0,1
PO009981,V0030,PACK,MX,0.97,9.5,3.52,19,767.17,9,1,12.0,1,0,0,1
PO009982,V0049,RAW,US,0.878,7.5,2.28,20,3318.95,7,3,7.4,0,0,0,0
PO009983,V0036,FINISH,IN,0.606,23.8,4.18,21,2471.55,7,4,23.6,6,0,0,0
PO009984,V0076,RAW,US,0.841,8.0,3.56,11,10278.4,2,4,9.0,4,0,0,1
PO009985,V0086,RAW,US,0.712,8.7,1.64,11,12555.7,5,1,10.7,5,0,0,1
PO009986,V0028,RAW,CN,0.649,12.0,1.95,13,73575.04,8,3,9.2,6,1,0,1
PO009987,V0067,FINISH,DE,0.709,27.6,4.37,19,30346.9,2,4,25.5,0,0,1,1
PO009988,V0056,PACK,US,0.729,7.2,4.55,13,7958.91,3,3,3.4,2,0,0,0
PO009989,V0025,PACK,IN,0.539,5.5,4.59,21,13140.4,3,3,5.6,3,0,0,0
PO009990,V0078,RAW,US,0.9,7.8,2.84,11,3207.85,6,1,7.7,2,0,0,1
PO009991,V0043,RAW,DE,0.98,7.1,1.46,6,4182.84,6,1,5.2,3,0,0,1
PO009992,V0002,SERVICE,US,0.98,6.3,1.85,11,5580.08,5,1,7.7,1,0,0,1
PO009993,V0012,FINISH,US,0.73,24.7,3.25,18,132942.0,8,3,25.5,0,0,0,0
PO009994,V0022,RAW,DE,0.74,7.3,3.36,17,12144.39,6,2,6.6,0,0,1,1
PO009995,V0045,PACK,US,0.98,8.2,1.18,13,3648.01,6,2,9.1,1,1,0,0
PO009996,V0083,RAW,US,0.785,7.8,4.56,16,112847.67,2,2,8.9,3,0,1,1
PO009997,V0021,FINISH,US,0.98,22.9,3.14,9,4926.64,2,5,22.4,3,0,0,1
PO009998,V0054,RAW,MX,0.782,9.2,4.8,24,15116.24,3,5,9.0,4,0,0,1
PO009999,V0039,RAW,IN,0.627,7.4,3.13,15,16170.0,4,2,7.2,3,0,1,1
PO010000,V0092,FINISH,US,0.855,24.6,3.38,15,3528.14,4,3,22.1,2,0,0,1
